,melon_id,댓글,processed_comment
0,나너니내,"조기전역하면 2021.04.02 날에 전역을 하는데
동서울가는 버스안에서 이노래들으면서
전역하는 기분을 만끽하고싶다
하아..빨리와라 4월2일 ㅠㅠㅠㅠㅠㅠ","['전역', '날', '전역', '하다', '서울', '가다', '버스', '안', '노래', '들다', '전역', '하다', '기분', '만끽', '하다', '오다']"
1,kumpa,안 사주면 ~~ 안 먹고 말어 ~~,"['안', '사주면', '안', '먹다', '말다']"
2,멜창,ㅇ자겨,['자겨']
3,승거이승거이승거이,크으..너무 좋아,['좋다']
4,열혈리쓰너,이 노래 처음들었을때 너무 좋아서 아껴들었었는데,"['이', '노래', '처음', '들다', '때', '좋다', '아끼다', '들다']"
5,코코코코코코코입,"볼사 인생곡 아닌가 이거.. 다른 노래도 다좋은데
이건 진짜 무슨 영혼이 담겨있는 느낌임","['보다', '인생', '곡', '아니다', '거', '다른', '노래', '좋다', '것', '진짜', '무슨', '영혼', '담기다', '느낌', '임']"
6,무민만두,날클립을..알고있니..,"['날', '클립', '알다']"
7,강형욱도버린개,"겨울에 들어도 좋구나,,,","['겨울', '들다', '좋다']"
8,콩떡됐다,이 노래 들으면 되게 설레는데 한편으로는 또 되게 씁쓸함 ㅠㅠㅠ,"['이', '노래', '들다', '설레다', '한편', '또', '씁쓸하다']"
9,코코코코코코코입,행복을 주는 아티스트 : ),"['행복', '주다', '아티스트']"
10,HeyMr.,바닐라맨이 영혼을 갈아넣어 만든곡 아닐까,"['바닐라', '맨', '영혼', '넣다', '만들다', '곡', '아니다']"
11,Thislov,작년 봄에 이 노랠 듣고 썸을 시작했지,"['작년', '봄', '이', '노랗다', '듣다', '썸', '시작', '하다']"
12,코코코코코코코입,어떻게 이런 노래를 쓴거지.. ㅜㅜ,"['어떻다', '이렇다', '노래', '쓸다']"
13,캐캐캐,역주행 하기까지 5달 남았다. 대략 반년 뒤 다시 역주행 할 노래 입니다.,"['역주행', '하다', '달', '남다', '대략', '반년', '뒤', '다시', '역주행', '하다', '노래', '이다']"
14,토토토롱,00년생들 대학생활 시작하는 그 시점 강제 회상 시키는곡,"['대학', '생활', '시작', '하다', '그', '시점', '강제', '회상', '시키다', '곡']"
15,classicbrown,"하 진짜 봄의 설렘을 너무 잘 표현한 곡 지금 들어도 설렌당,,,","['진짜', '봄', '설레다', '자다', '표현', '곡', '지금', '들다', '설레다']"
16,hyne81,댓 900갑시다,"['댓', '가다']"
17,나는성하,벗꼬또 머고 다 필요없쏘,"['벗꼬또', '머', '필요없다', '쏘다']"
18,jp.p,flower sunshine 완벽한 하룰 사실..... 너와 걸을수 있다면 얼마나..... 좋을까,"['완벽하다', '룰', '사실', '너', '걸다', '있다', '얼마나', '좋다']"
19,꺄호호오오,요즘 나의 마음...,"['요즘', '나', '마음']"
20,볼빨간소금인형,작년 봄 일하느라 힘들때 참 많이 도움이 됐던 노래였지요 업무 스트레스때도 신기하게 이 노래를 들으면 스르륵 풀렸다는ㅎ,"['작년', '봄', '일', '하다', '힘들다', '때', '차다', '도움', '돼다', '노랗다', '업무', '스트레스', '때', '신기하다', '이', '노래', '들다', '풀리다']"
21,탈퇴한 회원,전주 시작하자마자 작년 봄으로 돌아가버렸다..,"['전주', '시작', '자마자', '작년', '봄', '돌아가다', '버리다']"
22,bluesky0922,바~아보 션샤인 완벽한할~,"['바', '아보', '션', '샤인', '완벽하다', '하다']"
23,왜나만봄,이 노래만 들으면 몸이 움찔하네요 좋은 노래,"['이', '노래', '들다', '몸', '움찔', '하다', '좋다', '노래']"
24,stxr,고3시절 수험생활을 견디는데 힘이 되어주었던 최고의 노래. 꼭 새내기가 되어서 이 노래를 들으며 대학교 잔디밭에서 하늘을 보며 누워있고싶었다. 달콤한 목소리와 마음을 울리는 가사가 너무 좋다.,"['고', '수험', '생활', '견디다', '힘', '되어다', '최고', '노래', '꼭', '새내기', '되어다', '이', '노래', '들다', '대학교', '잔디밭', '하늘', '보다', '눕다', '달콤하다', '목소리', '마음', '울리다', '가사', '좋다']"
25,듣자고이,안녕하세요? 옛날 전 이노래를 찾아봐서 듣기전에 아파서 입원했어었요 근데이노래를 듣고나서 다나아져서 퇴원 했어요 이노래완전좋아해요!,"['안녕하다', '옛날', '전', '노래', '찾아보다', '듣다', '아프다', '입원', '하다', '데이', '노래', '듣다', '나아지다', '퇴원', '하다', '노래', '완전', '좋아하다']"
26,HGONY,감사해요. 좋은노래덕분에 힘이나요 : ),"['감사하다', '좋다', '노래', '덕분', '힘', '이나']"
27,코코코코코코코입,"신교대 훈련 4주차때 나왔던 노래.. ㅜㅜ 조교가 들려줘서 첨 듣고 바로 빠져버림

그후로 볼사 노래들에 기대어 잘 버텨온듯 ㅎㅎ
이제 90퍼 넘었다 하히","['신교대', '훈련', '주차', '때', '나오다', '노래', '조교', '들려주다', '듣다', '바로', '빠지다', '버리다', '후', '보다', '노래', '기대다', '자다', '버티다', '오다', '이제', '넘다']"
28,귀리귀리귀리귀리,크 너무 조와,"['크다', '조']"
29,기가찬월급,"전남친이랑 헤어졌을때 나왔던노래 ㅋㅋㅋㅋㅋㅋ
가사 넘 취저","['전남친', '헤어지다', '때', '나오다', '노래', '가사', '넘다', '취저']"
30,16학번문돌이,잘듣고갑니다,"['듣다', '가다']"
31,결혼하잡,듣고가요,['듣다']
32,모구휘,ㅋㅋㅋ이 노래 짝사랑 할때 너무 많이 들어서 이제는 들을 수가 없는 노래...ㅋㅋ노래는 너무 좋은데 쪽팔려서..가끔 카페에서 나오면 진짜 창피해욬ㅋㅋㅋ,"['이', '노래', '짝사랑', '하다', '때', '들어서다', '이제', '들다', '수가', '없다', '노래', '노래', '좋다', '쪽팔리다', '가끔', '카페', '나오다', '진짜', '창피해']"
33,jp.p,노래가 좋아유,"['노래', '좋다', '아유']"
34,잼벋,인생곡,"['인생', '곡']"
35,파쵸스,"여기 이 노래 나옴
문제는 역사왜곡이 아니다. 왕조 실록과 직접 대조해본 나랏말싸미 리뷰 1부
YouTube에서","['여기', '이', '노래', '나오다', '문제', '역사왜곡', '아니다', '왕조', '실록', '직접', '대조', '해보다', '나랏말싸미', '리뷰', '부']"
36,김해낭만소년김찬호,좋은 음악 감사합니다.,"['좋다', '음악', '감사하다']"
37,캐캐캐,헐 1억스밍이예요?? ㅁㅊ,['헐다']
38,호훈9905,1억 스밍 !,['스밍']
39,Special우주,1억 스밍 달성~⭐️⭐️,"['스밍', '달성']"
40,캐캐캐,1억스밍 꼭 찍으시라고 계속 듣고있습니다!!,"['꼭', '찍다', '계속', '듣다']"
41,캐캐캐,아직 1억 스밍 못찍었나요??,"['스밍', '찍다']"
42,탈퇴한 회원,하트 15만개!,['하트']
43,캐캐캐,노래 진짜 아름답다,"['노래', '진짜', '아름답다']"
44,주선광,여자 십센티ㅋㅋㅋㅋㅋㅋㅋ~☆☆~,"['여자', '십센티']"
45,잼벋,최고오,"['최고', '오']"
46,인제,"썸녀가 불러줬던노랰ㅋㅋㅋㄱ그때 정말 행복했는데
남자친구생겼더라...?ㅋㅋㅋㅋㅋㄱ잘지내닠ㅋㅋ","['썸녀', '불다', '주다', '노래', '그때', '정말', '행복하다', '남자친구', '생기다', '지내다']"
47,호돌이푸,좋아요,['좋다']
48,이노래만듣고-공부하러갈게,벚꽃도 뭐고 다 필요없어 라는 가사 너무 신선해서 좋다,"['벚꽃', '뭐', '필요없다', '가사', '신선하다', '좋다']"
49,짜냥하는여친,노래가 너무 쌍큼해❤,"['노래', '쌍', '크다']"
50,13학번공돌이,잘듣고갑니다,"['듣다', '가다']"
51,탈퇴한 회원,146위 51810명❤,"['위', '명']"
52,bemyb,진정한 사회적 거리두기 곡,"['진정하다', '사회', '거리', '두기', '곡']"
53,덕잡,좋아해,['좋아하다']
54,lovering09,안지영너무이쁘고노래도잘불러요ㅠ~~,"['안지영', '이쁘다', '노래', '잘불르다']"
55,노래가난다요,몇번을 들어도 새로운곡ㅠㅠ 질리지가 않아요 ㅠㅠㅠ,"['몇번', '들다', '새롭다', '곡', '질리다', '않다']"
56,박재형,이원진 사랑해❤️,"['이원진', '사랑', '하다']"
57,LiIpump,도입 귀여운 통통 음부터 훅부터 화음이랑 마지막 딴딴 따라 딴 딴 따라아~ 하는 기타 후렴 음까지 완벽해 벚꽃엔딩 봄날과 함께 3대 봄 노래다,"['도입', '귀엽다', '통통', '음', '훅', '화음', '마지막', '따르다', '따다', '따다', '따르다', '하다', '기타', '후렴', '음', '완벽하다', '벚꽃', '엔딩', '봄날', '대다', '봄', '노래']"
58,솔레눙,작년 이맘쯤 자대 전입오고나서 들은 첫 기상송이 이거였는데 그래서그런지 들을때마다 긴장하고 어색하고 새롭던 그때가 떠오른다.,"['작년', '이맘', '자다', '전입', '오다', '들다', '첫', '기상', '송이', '이다', '그렇다', '들다', '때', '긴장', '어색하다', '새롭다', '그때', '떠오르다']"
59,ssujijn__,플라워 선샤인 할 때 뭔가 그냥 벚꽃놀이 온거같음 있지도 않은 벚꽃나무들이 눈앞에 있는거같고~ 벚꽃 향기들이 나는가같고~,"['플라워', '선샤인', '하다', '때', '뭔가', '그냥', '벚꽃놀이', '오다', '같다', '있다', '않다', '벚꽃', '나무', '눈앞', '있다', '같다', '벚꽃', '향기', '나다', '같다']"
60,훈발롬,선견지명 쌉오졌고,"['선견지명', '싸다']"
61,닉네임 없음,ㅋㅋㅋㅋㅋㅋㅋ가사ㅋㅋㅋㅋ 1년을 내다본 그녀의 예지력...,"['가사', '내다보다', '그녀', '예지력']"
62,lvvvy,"왜 그럴까 사람들은 그냥 봄기운이 좋아 눈치 없이 밖을 나가는 걸까
완전 이시국 가사ㅋㅋㅋ","['왜', '그렇다', '사람', '그냥', '봄', '기운', '좋다', '눈치', '밖', '나가다', '걸다', '완전', '시국', '가사']"
63,현재지금,"20살의 봄을 이노래와 함께해서 행복했어요
며칠 전 탈퇴 얘기에 이 노래가 다시 문득생각났어요 사람들이 참 너무했다는 생각이 들더라구요 근데 제친구는 우지윤분이 이상형이라 할정도로 가장 좋아하는 사람이였어요 어디서든 항상 행복하세요
저도 제가 좋아했던, 저와 묘한관계였던 그 사람과 함께 가장 좋아했던 노래로 그 봄 항상 몽글몽글했네요","['살의', '봄', '노래', '하다', '행복하다', '며칠', '전', '탈퇴', '얘기', '이', '노래', '다시', '문득', '생각나다', '사람', '차다', '너무하다', '생각', '들다', '친구', '지윤', '이상형', '하다', '정도', '가장', '좋아하다', '사람', '이다', '어디', '서든', '항상', '행복하다', '저', '제', '좋아하다', '저', '묘', '관계', '이다', '그', '사람과', '가장', '좋아하다', '노래', '그', '봄', '항상', '몽글몽글하다']"
64,MPG0414,이노래도 연금될것같다,"['이다', '연금', '되다', '같다']"
65,머글인디,"이 시국에 참 적절한 가사
싸돌아댕기지마^^","['이', '시국', '차다', '적절하다', '가사', '돌다', '댕기', '마']"
66,진짜좋은것만댓글담,오늘도 이 노래 덕분에 행복합니다 언니 고마워요❤️,"['오늘', '이', '노래', '덕분', '행복하다', '언니', '고맙다']"
67,ㅎㅆㅇ,나만봄,"['나', '봄']"
68,우아한.프라다,"헐.........


안지영 혼자 활동한데요ㅠㅜ","['헐다', '안지영', '혼자', '활동', '하다']"
69,가끔은하늘을봐요,이곡은 봄되면 들어야될 노래 탑5 순위같다 이젠,"['이곡', '보다', '면', '들다', '되다', '노래', '탑', '순위', '같다', '젠']"
70,bolbbalgan4,차트 진입했다가 나갔다 하넹...볼사 화이팅♡♡,"['차트', '진입', '하다', '나가다', '하넹', '보다', '화이팅']"
71,최승준,"이서야,,,,",['이서']
72,mini1028,봄에는 나만봄 ㅎㅎㅎ,"['봄', '나', '봄']"
73,닉네임은일곱자,안지영이 진짜 마음먹고 대중성 있는 곡을 쓰면 이런 곡이 나오는구나 싶은 생각이 드는 곡.. 노래에서 꿀이 떨어지는데 억떡계 안 들을 수가 있어ㅠㅠㅠㅠ 왜 다른 봄캐롤은 슬금슬금 올라오는데 나만 봄만 더디게 올라오는 것 같냐!,"['안지영', '진짜', '마음먹다', '대중성', '있다', '곡', '쓰다', '이렇다', '곡', '나오다', '싶다', '생각', '들다', '곡', '노래', '꿀', '떨어지다', '떡', '안', '들다', '수가', '있다', '왜', '다른', '봄', '캐롤', '슬금슬금', '올라오다', '나', '봄', '더디다', '올라오다', '것', '같다']"
74,이기자은광,ㅜㅜ 봄냄새 맡고싶다ㅜㅜㅜㅜ 코로나짜증나,"['봄', '냄새', '맡다', '코로나', '짜증나다']"
75,볼사노래좋아,올라왔다!,['올라오다']
76,진짜좋은것만댓글담,햇빛 받으면서 이 노래 들으면 너무 행복해요 언니 사랑합니다❤️❤️❤️,"['햇빛', '받다', '이', '노래', '들다', '행복하다', '언니', '사랑', '하다']"
77,벚피달,"Flower sunshine 완벽한 하루를~
여기부터 중독오짐","['완벽하다', '하루', '여기', '중독', '짐']"
78,Shouldi,벚꽃도 뭐고 다 필요없어 나는 네 곁에 있고 싶어~,"['벚꽃', '뭐', '필요없다', '나', '네', '곁', '있다', '싶다']"
79,네오udm4u,그냥 날 따뜻하니까 머릿속에서 자동재생됨 ㅠㅠ,"['그냥', '날', '따뜻하다', '머릿속', '자동', '재생', '되다']"
80,혁님.,101위녜ㅠ,['위녜']
81,09우볼리,101위ㅜㅜ100위건 들자!!!!,"['위', '위건', '들다']"
82,BLUE지영,일간 이용자수 점점 는다 다시 올라오길,"['일간', '이용', '자수', '점점', '다시', '올라오다']"
83,봄은a,"일간 98위!!
이대로 올라가자!","['일간', '위', '올라가다']"
84,잼벋,오늘 내 생일! 봄이라서 너무 좋다❤️,"['오늘', '내', '생일', '봄', '좋다']"
85,JUNH0_0,이거 부를 시절왔다,"['거', '부르다', '시절', '오다']"
86,ㄱ아르아읓ㅊ,일간 99위!,"['일간', '위']"
87,네버낫,"12시 105위 1시 100위 2시 차트아웃

다시 돌아와.,,","['위', '위', '차트', '아웃', '다시', '돌아오다']"
88,cogemimano,오늘같이 따사로워진 날 듣기 제격인 노래♡,"['오늘', '따다', '사', '워진', '날', '듣기', '제격', '노래']"
89,앚엑,오오 차트진입!!!,"['차트', '진입']"
90,stochastics,퀸만봄 실시간 진입 ㅋㅋㅋ,"['퀸', '봄', '실시간', '진입']"
91,왜나만봄,13:00 실시간차트 100위 진입,"['실시간', '차트', '위', '진입']"
92,잼벋,슬슬 들을때 됐쥬,"['슬슬', '들다', '때', '됐쥬']"
93,혁님.,2020.03.18 135위,['위']
94,혁님.,2020.03.17 139위,['위']
95,moonj312,안돼 그만둬~~~내 맘도 모ㄹ흐고~~,"['돼다', '그만두다', '내', '맘', '모', '흐']"
96,왜나만봄,2020.3.16 135위 (+2),['위']
97,왜나만봄,2020.3.15 137위,['위']
98,혁님.,2020.03.14 147위,['위']
99,왜나만봄,봄코인 떡상중,"['봄', '코인', '떡', '상중']"
100,혁님.,2020.03.13 148위,['위']
101,혁님.,2020.03.12 142위 ♡,['위']
102,혁님.,2020.03.11 147위,['위']
103,1_kyne_g_one,따뜻한 봄날에 듣기 좋은노래,"['따뜻하다', '봄날', '듣기', '좋다', '노래']"
104,Miracle_Buddy,2020.03.10 150위 ❤,['위']
105,봄은a,올라와라!!,['올라오다']
106,진짜좋은것만댓글담,벌써 언니노래 들을 계절이 왔어요 언니 사랑해요❤️,"['벌써', '언니', '노래', '들다', '계절', '오다', '언니', '사랑', '하다']"
107,NEVER4EVER,작년봄 생각난다...,"['작년', '봄', '생각나다']"
108,19korea,이노래는 들을 수록 좋네 ㅋㅋ,"['노래', '들다', '수록', '좋다']"
109,MJ-S2,너무 좋다,['좋다']
110,cktpwls,나만봄의 계절이 돌아오고 있다,"['나', '봄', '계절', '돌아오다', '있다']"
111,인생죡같네스브러얼,갑자기 이 노래가 생각나네 ㅋㅋ,"['갑자기', '이', '노래', '생각나다']"
112,페코찌,플라워 썬샤인~~~~~~~~~~,"['플라워', '써다', '샤인']"
113,왜나만봄,봄코인 떡상 가자ㅏㅏㅏㅏㅏㅏㅏ,"['봄', '코인', '떡', '가다']"
114,탈퇴한 회원,봄되서 들렸습니다.,"['봄', '되다', '들리다']"
115,볼발광머리앤,올해 봄도 부탁해!,"['올해', '봄', '부탁', '하다']"
116,탈퇴한 회원,조만간 차트인할듯,"['조만간', '차트', '인하다']"
117,네버낫,"51,152명 (+10,295)

131위 (+12)","['명', '위']"
118,imyourcake,짝사랑 중에 들으니까 눈물 나온다ㅜ.ㅜ,"['짝사랑', '중', '들다', '눈물', '나오다']"
119,줄게마갤럭씨,플라워 선샤인 완벽한하!루를사실~~,"['플라워', '선샤인', '완벽하다', '루', '사실']"
120,oafeiwjdb1929,너무 설레쟈나ㅜㅜ,['설레다']
121,jp.p,"flower 부분부터 말로 표현못할 벅차오름이 느껴지네요. 해질녘 철로사이 다리를 함께 걷던 옛친구가 그리워지면서, 한편으론 슬프지만 옛생각에 행복함이 섞인...","['부분', '말로', '표현', '하다', '벅차오르다', '느껴지다', '해질녘', '철로', '사이', '다리', '걷다', '친구', '그립다', '한편', '슬프다', '생각', '행복하다', '섞이다']"
122,xnekel,여자보다 남자들이 더 많이 들었네 ㅋㅋㅋㅋㅋ,"['여자', '남자', '더', '들다']"
123,볼빨간낯선아이,※댓글 답글순 정화합시다. 아무 말이나 끄적여주세요※,"['댓글', '답글순', '정화', '하다', '아무', '말', '이다']"
124,eun9984,최고!♡♡♡♡,['최고']
125,Alwnxo,이노래로 설탕만들면 일키로 나오겠다 진짜 달달쓰하네,"['노래', '설탕', '만들다', '일', '나오다', '진짜', '달달', '쓰다']"
126,청와댸,"진짜 노래 들으면 너무 달달하고 4월 벚꽃 흩날릴 때의 그 기분이 생각나서 너무 환상적이고 좋다..
뭐라 말할 수 없는 벅차오르는 진짜 환상의 곡","['진짜', '노래', '들다', '달달', '벚꽃', '흩날리다', '때', '그', '기분', '생각나다', '환상', '좋다', '뭐라다', '말', '하다', '수', '없다', '벅차오르다', '진짜', '환상', '곡']"
127,이재현아내,와 노래 겁나 달콤함 ㅠㅠㅠ,"['오다', '노래', '겁나다', '달콤하다']"
128,미묘한코코몽,노래 너무 달달해서 듣기만 해도 혈당 올라가는 기분 ㅠㅠ,"['노래', '달달', '하다', '듣기', '해도', '혈당', '올라가다', '기분']"
129,Ammmn,설콘 씹레전드 ㅠ,"['설콘', '씹다', '레전드']"
130,So_jung_,이거 듣자마자 올해 봄 고3야자 때가 생각난다. 그때 좋아하던 애도 같이 야자해서 맨날 집에 버스 같이 타고 가려고 일부러 10시까지 하고 그랬는데 ㅎㅎ,"['거', '듣다', '올해', '봄', '고', '야자', '때', '생각나다', '그때', '좋아하다', '애도', '야자', '하다', '집', '버스', '타고', '가다', '일부러', '하다']"
131,ㅇㅇㅇㅁㄴㅇㅂㅈㄷ,몇 달만에 다시 듣는데 듣던 때의 추억이 떠오르게 해주네... 좋다,"['몇', '달', '다시', '듣다', '듣다', '때', '추억', '떠오르다', '해주다', '좋다']"
132,Rain3000,한동안 꽂혔던 노래들은 나중에 다시 들어봤을 때 저마다 한참 듣던 때의 기억? 이나 상황들이 떠오르는데 이건 딱 올해 봄의 그 따듯하고 조금 설렜던 분위기나 장면이 떠오름.. 그땐 거의 이것만 듣다시피 했는데 또 들어도 여전히 좋다,"['꽂히다', '노래', '나중', '다시', '들다', '보다', '때', '저', '한참', '듣다', '때', '기억', '이나', '상황', '떠오르다', '것', '올해', '봄', '그', '따다', '듯', '조금', '설레다', '분위기', '장면', '떠오르다', '그땐', '거의', '것', '듣다', '하다', '또', '들다', '여전하다', '좋다']"
133,줄게마갤럭씨,놀러갈때 들으면 개설렘,"['놀다', '갈다', '때', '들다', '개', '설레다']"
134,진짜좋은것만댓글담,언니 노래 들으면 너무 기분이 좋아져요 사랑해요❤️,"['언니', '노래', '들다', '기분', '좋아지다', '사랑', '하다']"
135,enddl2007,낮에 봄바람맞으면서 하이라이트부분 듣는데 진짜 심쿵함 그냥 모든게 다 적당하고 설렜음 ㅜㅜ지금도 그짧은순간 생각만하면 설렘,"['낮', '봄바람', '맞다', '하이라이트', '부분', '듣다', '진짜', '심쿵하다', '그냥', '모든', '적당하다', '설레다', '지금', '그', '짧다', '순간', '생각', '만하', '설레다']"
136,씨앗호떡꿀호떡,완벽한 허위사실 ~~,"['완벽하다', '허위', '사실']"
137,발라드따머키,어제 시상식 왜 안왔어요?,"['어제', '시상식', '왜', '오다']"
138,하르시엔,지금 들어도 너무 좋아~,"['지금', '들다', '좋다']"
139,김동현,진짜 너무 좋다,"['진짜', '좋다']"
140,삼겹3,안돼 그만둬 도입부분이 너무 좋음 안지영만 가능한 노래,"['돼다', '그만두다', '도입', '부분', '좋다', '안지영', '가능하다', '노래']"
141,고3팬치,진짜 이어폰으로 들을때 도입부에 왼쪽 오른쪽 소리 다르게 들리는게? 너무 좋아요,"['진짜', '이어폰', '들다', '때', '도입', '부', '왼쪽', '오른쪽', '소리', '다르다', '들리다', '좋다']"
142,달리할말,내 입대곡^^,"['내', '입대', '곡']"
143,와라!!,개인적으로 공감가서 꽂힘,"['개인', '공감', '가다', '꽂히다']"
144,내맘이열리게,딱 붙어서~~ 부분 진짜 너무 좋아요 노래를 어떻게 그렇게 잘 부르는지....,"['붙다', '부분', '진짜', '좋다', '노래', '어떻다', '자다', '부르다']"
145,에이바제트,노래 틀자마자 올해 봄 생각나네,"['노래', '틀다', '올해', '봄', '생각나다']"
146,hyeonjun01,안지영! 우지윤! 봄빨간! 사춘기! 나만봄 예~!,"['안지영', '지윤', '봄', '빨갛다', '사춘기', '나', '봄', '예']"
147,Jennieruby,노래 너무 좋다ㅠㅠ볼사노래중에서 나의 사춘기에게랑 이게 젤 좋당ㅎㅎ,"['노래', '좋다', '보다', '노래', '나', '사춘기', '이', '젤', '좋다']"
148,herb33,지나간 봄을 다시 데려오네,"['지나가다', '봄', '다시', '데려오다']"
149,fwwr7350,가을에 계속 듣고있어요,"['가을', '계속', '듣다']"
150,홀롤롤로로로노롤,볼사 완전 팔색조임ㅠㅠ,"['보다', '완전', '팔색조', '임']"
151,졍달비,"볼사 독특해서 너무 좋앙
워커홀릭 과는 다른 분위기라서
여러 장르를 듣는거 같노","['보다', '독특하다', '좋다', '워커홀릭', '다른', '분위기', '여러', '장르', '듣다', '같다']"
152,sdyhhhh,숨은 띵곡,"['숨다', '띵곡']"
153,jp.p,플라워 선샤인 구간부터 멜로디가 상당히 슬프게 느껴지네요 뮤비장면이 떠을려져서인지,"['플라워', '선샤인', '구간', '멜로디', '상당하다', '슬프다', '느껴지다', '뮤비', '장면', '뜨다', '지다', '인지']"
154,95_814,슬픈 노래는 아니지만 왜 슬프게 느껴질까...,"['슬프다', '노래', '아니다', '왜', '슬프다', '느껴지다']"
155,미라클이지호,제 최애노래 애염♡,"['제', '최애', '노래', '애염']"
156,오후에점심을먹는소녀_,ㅠㅠ 볼빨간 사춘기 러브하는사람 좋아요 ㅠㅠ♡♡,"['볼', '빨갛다', '사춘기', '러브', '하다', '사람', '좋다']"
157,JJangchang,"나는 네 곁에 있고 싶어 딱 붙어서~
제일 좋아하는 파트♥","['나', '네', '곁', '있다', '싶다', '붙다', '제일', '좋아하다', '파트']"
158,antiOJC,안돼 그만해 꽃은 넣어둬,"['돼다', '그만하다', '꽃', '넣다', '두다']"
159,하하.__.,"이 노래 들으니까 짝사랑하는 애 생각난다.. 너무 오래동안 짝사랑해서 더 좋아지네..
그러고 보니 4년 동안 짝사랑했다ㅜㅜㅜ 짝사랑하는 사람들 댓 달아주세요ㅜㅜㅜ","['이', '노래', '들다', '짝사랑', '하다', '애', '생각나다', '동안', '짝사랑', '하다', '더', '좋아지다', '그렇다', '보다', '동안', '짝사랑', '하다', '짝사랑', '하다', '사람', '댓', '달다']"
160,미쩌,꽃은 넣어둬,"['꽃', '넣다', '두다']"
161,어세긍,"나만 봄에서 (왜 이럴까 사람들은) 이 부분
soulmate에서 (오래 기다렸지 안녕)
이 부분이랑 박자만 다르고 똑같은듯","['나', '봄', '왜', '이렇다', '사람', '이', '부분', '기다리다', '안녕', '이', '부분', '박자', '다르다', '똑같다', '듯']"
162,어피치wrtxr,"안녕하세요저는이순옥입니다16살입니다
재생 다운로드
여행
볼빨간사춘기
Red Diary Page.2","['안녕하다', '저', '이순옥', '이다', '살', '이다', '재생', '다운로드', '여행', '볼', '빨갛다', '사춘기']"
163,아라비카커피원두,"묘하게 중독성 있어서 생각날때마다 듣고 있어요, 굿굿!","['묘', '하다', '중독', '있다', '생각나다', '때', '듣다', '있다', '굿굿']"
164,띠이.용,"“다른 사람 다 사라져라” 이 파트 나만 좋아하나? ㅠㅠ 진짜 어찌 보면 유치하고 귀여운데 이 부분은 어느 커버 곡에서도 못 살리더라..
약간 엄마가 어린 아들한테 ‘아픔아 날라가라~’ 하는 느낌이 그대로 듦.,","['다른', '사람', '사라지다', '이', '파트', '나', '좋아하다', '진짜', '어찌', '보다', '유치하다', '귀엽다', '이', '부분', '커버', '곡', '못', '살리다', '약간', '엄마', '어리다', '아들', '아픔', '나르다', '하다', '느낌', '그대로', '들다']"
165,가인_여솔원탑,볼사 노래는 계절별로 듣기 좋은 곡이 참 많은듯,"['보다', '노래', '계절', '별로', '듣기', '좋다', '곡', '차다', '많다']"
166,쭈마뇽,이렇게마니들은거 처음,"['말다', '들다', '거', '처음']"
167,가요팝제이팝,죻아 모흐고 ㅋㅋㅋ,"['죻', '모흐']"
168,안지영사생팬,이 노래 스밍같은 짓 안하고 순수하게 들은 횟수만 498번이다... ㄷㄷ,"['이', '노래', '스밍같', '짓', '안', '순수하다', '들다', '횟수', '번']"
169,se_xybird,"다른사람 다 사라져라~
하는데 타노스 미소 떠올라버림...ㅜㅜ","['다른사람', '사라지다', '하다', '노스', '미소', '떠오르다', '버리다']"
170,레벨더꾸,가사가 너무 귀여워ㅠㅠ,"['가사', '귀엽다']"
171,오오오오오오예압,노래는 좋은데 안지영 딕션은 아직이구먼..,"['노래', '좋다', '안지영', '딕션', '구먼']"
172,갓친버디포레버_MAGO,언제나 들어도 좋은 곡❤,"['들다', '좋다', '곡']"
173,닉네임뭐함니깡,이런 봄노래는 역시 설레는 사랑노래,"['이렇다', '봄', '노래', '역시', '설레다', '사랑', '노래']"
174,이씨삼촌,이 봄에 최고였습니다~~♡,"['이', '봄', '최고', '이다']"
175,antiOJC,안지영 너무 귀여운척 하니까 귀여워!,"['안지영', '귀엽다', '척', '하다', '귀엽다']"
176,닉네임뭐로해야합니까,설레넹,['설레넹']
177,멜창,"플라워선샤인 완벽한 하루를 사실 너와 걸을 수 있다면 얼마나 좋을까....
벚꽃도뭐고 다 필요없어 다만내곁에있고싶어 딱붙어서
가사 진짜공감된다 두달째 짝사랑중인데....","['플라워', '선샤인', '완벽하다', '하루', '사실', '너', '걸', '수', '있다', '얼마나', '좋다', '벚꽃', '뭐', '필요없다', '다만', '곁', '있다', '붙다', '가사', '진짜', '공감', '되다', '달', '짝사랑']"
178,탈퇴한 회원,여기 오신분들 다들 답글순 어그로 글들에 음란성 신고 한번씩만 눌러주세요~^^,"['여기', '오신', '들다', '답글순', '어그', '글', '음란', '신고', '한번', '누르다']"
179,머환중사,가사 처음 부분이 좀 야하게 느껴지는데 내가 이상한건가,"['가사', '처음', '부분', '좀', '야하다', '느껴지다', '내', '이상하다', '건가']"
180,탈퇴한 회원,듣다보니 266번 들었네요. ㅋㅋㅋㅋ 너무 좋아요^^,"['듣다', '보다', '번', '들다', '좋다']"
181,냠냠마시땅,바-보 선샤인~ 이렇게 들어서 엥 뭔 노랜데 볼사노래에 바보가 들어가지 싶었는데 플라워였구나,"['바', '보', '선샤인', '들어서다', '노래', '보다', '노래', '바보', '들어가다', '싶다', '플라워', '이다']"
182,돼순_,저만 이노래듣고 울었어요? 운사람 빨리 나와줘요 쪽팔리니까...,"['노래', '듣다', '울다', '운', '사람', '나오다', '쪽팔리다']"
183,pumpout,딱 붙어서~ 이 부분 넘 좋당.,"['붙다', '이', '부분', '넘다', '좋다']"
184,rainy_blue,"♪♬언제 봄이 왔는지
(내 맘도 모흐~ㄹ고 봄빠람이 자꾸만 불허ㅇ와 )
이 부분이 너무 좋음 볼사 특유의 발음","['언제', '봄', '오다', '내', '맘', '모흐', '고', '봄빠람', '자꾸만', '불허', '오다', '이', '부분', '좋다', '보다', '특유', '발음']"
185,클래오밥주라,앵앵거려서 개 싫어했는데 이 노래 목소리는 너무 설레네,"['앵앵거리다', '개', '싫어하다', '이', '노래', '목소리', '설레다']"
186,VWVw,안지영은 천재야 진짜..,"['안지영', '천재', '진짜']"
187,hyejung__,목소리가 이렇게 특이하게 매력적인데도 곡마다 느낌이 새로운게 참 신기하다,"['목소리', '특이하다', '매력', '적다', '곡마', '느낌', '새롭다', '차다', '신기하다']"
188,탈퇴한 회원,"여기 답글순 왜이렇게 더럽냐ㅋㅋㅋ
팬코에 무개념에 난리네","['여기', '답글순', '왜', '더럽다', '팬코', '무', '개념', '난리']"
189,Americano25,"첫 도입부가 익숙하다 생각했는데 이노래와 비슷한것같아요..ㅎㅎ
재생 다운로드
사랑이 뭔데 (Inst.)
서현진, 유승우
또 오해영 OST Part.3","['첫', '도입', '부가', '익숙하다', '생각', '하다', '노래', '비슷하다', '같다', '재생', '다운로드', '사랑', '뭐', '서현진', '유승우', '또', '오해', '영']"
190,tksh99,나도 봄,"['나다', '봄']"
191,C.Bar,"다음 컴백때는 더 좋은 곡으로 돌아오도록~
재생 다운로드
나중에 만나
어쿠스틱 기타
넘나 좋은 어쿠스틱 기타 모음곡 #6","['다음', '컴백', '때', '더', '좋다', '곡', '돌아오다', '재생', '다운로드', '나중', '만나다', '어쿠스틱', '기타', '넘다', '좋다', '어쿠스틱', '기타', '모음곡']"
192,hye11w,데일리 감상자수 위에있는 노래보다 많넹 !,"['데', '일리', '감상', '자수', '위', '있다', '노래', '많넹']"
193,포용하리,뮤비 보면서 들으니까 노래가 더 좋네요,"['뮤비', '보다', '들다', '노래', '더', '좋다']"
194,탈퇴한 회원,완벽하군..,['완벽하다']
195,thdwldn3205,진짜 너무 좋다 흠 잡을 데가 없다,"['진짜', '좋다', '흠', '잡', '데', '없다']"
196,하하.__.,"나만,봄 다시 1위 가즈아~!
(2,3위 라도..)
재생 다운로드
나만, 봄
볼빨간사춘기
사춘기집Ⅰ 꽃기운","['나', '봄', '다시', '위', '가즈', '위', '재생', '다운로드', '나', '봄', '볼', '빨갛다', '사춘기', '사춘기', '집', '꽃', '기운']"
197,뭐ㄹ봐,목소리가너무좋은것같아요♡ㅎ,"['목소리', '좋다', '것', '같다']"
198,가요팝제이팝,노래 좋다.,"['노래', '좋다']"
199,s__3,나만 바보 sunshine으로 들림??...,"['나', '바보', '들리다']"
200,탈퇴한 회원,"월간 1위❤️
재생 다운로드
나만, 봄
볼빨간사춘기
사춘기집Ⅰ 꽃기운","['월간', '위', '재생', '다운로드', '나', '봄', '볼', '빨갛다', '사춘기', '사춘기', '집', '꽃', '기운']"
201,챙람쥐S2,월간 1윙 !!♡♡,"['월간', '윙']"
202,범규왕자님,와대박볼빨간사춘기 목소리 대박 좋아❤❤❤,"['오다', '대박', '볼', '빨갛다', '사춘기', '목소리', '대박', '좋다']"
203,독도리1,"같이○
모두●
함께☆
봄봄봄●○","['모두', '봄봄봄']"
204,화를참는사람,딱붙어서어~,"['붙다', '서어']"
205,달콤한보이스_음악매니아,"이 사춘기집에 나온 다른 노래..즉 <나들이 갈까>,<별 보러 갈래>,<Seattle Alone> 이런 노래들도 정말 좋은 노래이지만 이 노래는 특히나 더 봄과 잘 어울리는 명곡인 것 같아요♡","['이', '사춘기', '집', '나오다', '다른', '노래', '즉', '나들이', '갈다', '별', '보다', '갈래', '이렇다', '노래', '정말', '좋다', '노래', '이', '노래', '나', '더', '봄', '자다', '어울리다', '명곡', '것', '같다']"
206,코인노래바아아아앙,넘 좋음,"['넘다', '좋다']"
207,짜냥하는여친,노래 너무 상큼하다ㅋㅋㅋㅋㅋ 약간 여행 곡이랑 분위기 비슷함,"['노래', '상큼', '하다', '약간', '여행', '곡', '분위기', '비슷하다']"
208,탈퇴한 회원,안대 그만도 거기까지해~,"['안대', '그', '거기', '해']"
209,꼬마-,이 곡을 어떻게 하루만에 쓰는거죠?? 대박이네요...,"['이', '곡', '어떻다', '하루', '쓰다', '대박', '요']"
210,지예ㅇ,우지윤인가 뭔가 그사람은 하는게 뭐임. 궁금해서,"['지윤', '뭔가', '사람', '하다', '뭐임', '궁금하다']"
211,아기상어뚜룹뚜룹,이 노래를 마감기한 때문에 하루만에 작사작곡한 갓지영...,"['이', '노래', '마감', '기한', '때문', '하루', '작곡', '지영']"
212,1-_--_-1,십센치 + 장범준 느낌이넹..,"['십센치', '장범준', '느낌', '넹']"
213,ykkim489,가사가 진짜 지금 딱 내 상황이다ㅠㅠㅠㅠㅠ,"['가사', '진짜', '지금', '내', '상황']"
214,Chm0225,오늘유희열스케치북에나오네요,"['오늘', '유희열', '스케치북', '오다']"
215,지예ㅇ,flower을 바보라 말하는 안지영 불-편,"['바보', '말', '하다', '안지영', '불', '편']"
216,기분너무좋노,노래 개좋노 ㄷㄷ,"['노래', '개', '좋다']"
217,kidmillillinare,팬코가 뭐죠??,"['팬코', '뭐']"
218,몬숙,딱 붙어서어~ 이부분에 중독된거 저뿐인가요?,"['붙다', '서어', '부분', '중독', '된거', '뿐']"
219,뽀잉뽈,처음가사 더다가가면 이거 왜 너다가가면으로들리지..,"['처음', '가사', '더', '다가가다', '거', '왜', '너', '다가가다', '들리다']"
220,kelee05,굿굿..:),['굿굿']
221,지예ㅇ,안지영님 영어 단어도 못읽으시다니.. 그것도 엄청 쉬운 단어를... flower를 바보로 읽으시는 분은 첨봄 9살도 이 단어 읽을수 있음 ㅎㅎ,"['안지영', '영어', '단어', '읽다', '그것', '쉽다', '단어', '를', '바보', '읽다', '분', '봄', '살', '이', '단어', '읽다', '있다']"
222,멜망사랑해김민석존잘,개좋아ㅠㅠㅠㅠㅠㅠㅠㅠ❤❤❤❤❤❤❤,"['개', '좋다']"
223,Miaaaaaaaas,내맘좀 알아주라ㅠㅠㅠㅠㅠㅠ,"['맘좀', '알아주다']"
224,조서우123,"가사에 flower sunshine 저만
바~보 션샤인~으로 들리나요?","['가사', '바', '보', '션', '샤인', '들리다']"
225,인딕이기여웡,"봄이히 지나하 갈때헤 까지히
나만 숨소리 좋아..?","['보다', '지나', '갈때헤', '끄다', '나', '숨소리', '좋다']"
226,편안한수면기원,왜 이렇게 밑에 있냐,"['왜', '밑', '있다']"
227,kty4252,"어쩜 이렇게 목소리,음색,가사,멜로디 다 이쁠수가 있죠ㅠㅠ
좋은 노래 너무 감사합니다ㅠㅠ","['어쩜', '목소리', '음색', '가사', '멜로디', '이쁘다', '있다', '좋다', '노래', '감사하다']"
228,주연만세,부럽다,['부럽다']
229,사탄킹지금은거지,아 인트로 좋다,"['인트', '좋다']"
230,ehcl1994,인트로 부분이 어디서 엄청 들어본 것 같은데 어떤 곡이었는지 기억이 안난다..,"['인트', '부분', '들다', '보다', '것', '같다', '어떻다', '곡', '이다', '기억', '나다']"
231,케인즈형,우리나라 애들은 쓸데없는거에 왜케 목숨걸고 싸우냐 그냥 좋은 노래듣고 좋은 댓글쓰고 가면되지 국민성 더럽다 진짜 누가 먼저 시비튼건지는 모르겠지만,"['우리나라', '애', '쓸데없다', '왜', '목숨', '걸다', '싸우다', '그냥', '좋다', '노래', '듣다', '좋다', '댓글', '쓰다', '가면', '되다', '국민성', '더럽다', '진짜', '누가', '먼저', '시비', '틀다', '건지다', '모르다']"
232,안개꽃화관,"볼빨간사춘기분들이 이 댓글을 보면 좋겠어요. 이노래 들을때마다 눈물나요 ㅠㅠ특히 하이라이트부분! 왜냐면,, 멜로디가 너무 아름다워요. 너무 예뻐서 눈물나요 정말. 감동적이에요 하,, 가사와 별개로 멜로디가 너무 아름답고 벚꽃이나 봄꽃 떠올리면서 들으면 진짜 너무 잘어울리구 좋아서 눈물이나요...ㅠㅠㅠㅠㅠ 예쁜 노래 고맙습니다","['볼', '빨갛다', '사춘기', '이', '댓글', '보다', '좋다', '이노', '들다', '때', '눈물나다', '하이라이트', '부분', '왜냐면', '멜로디', '아름답다', '예쁘다', '눈물나다', '정말', '감동', '가사', '별개', '멜로디', '아름답다', '벚꽃', '봄꽃', '떠올리다', '들다', '진짜', '어울리다', '좋다', '눈물', '이나', '예쁘다', '노래', '고맙다']"
233,포레스트검프,안지영씨 최고 곡 좋아영,"['안지영', '최고', '곡', '좋다', '아영']"
234,우헤헤헷헷,설렌다..,['설레다']
235,BYULBIT,내 얘기같아서 왠지 슬픔..ㅠ,"['내', '얘기', '같다', '슬픔']"
236,december12,근데 시작 전주부분? 유승우서현진 부른 시랑이 뭔데랑 비슷,"['시작', '전주부', '유승우', '서현진', '부르다', '시', '데', '비슷']"
237,sinnahaha,중독되용ㅎㅎ,"['중독', '되다']"
238,나나나후니,순위 무섭게 상승하고 있네요 ㄷㄷㄷㄷㄷㄷ,"['순위', '무섭다', '상승', '있다']"
239,14235124234,노래 너무 좋아요 ❤,"['노래', '좋다']"
240,Yooseonhomom,이런 좋은 노래를 소개해줘서 고마워 오늘 힘들었잖아 푹쉬고 잘 자 ^^,"['이렇다', '좋다', '노래', '소개', '해주다', '고맙다', '오늘', '힘들다', '푹쉬다', '자다', '자']"
241,안젤라,"에휴 이런데서도 싸우네 이제 들을만헌곡은 하나밖에 없네....
.
.
.
.
.
볼뽀뽀예!","['이렇다', '싸우다', '이제', '들다', '곡', '하나', '없다', '볼뽀뽀', '예']"
242,노래에빠지다.,볼사 음색 너무너무 좋아 ㄹㅇ 짱,"['보다', '음색', '좋다', '짱']"
243,VWVw,볼사 노래는 어디 놀러갈 때 듣기 참 좋은 것 같아요..,"['보다', '노래', '어디', '놀다', '갈다', '때', '듣기', '차다', '좋다', '것', '같다']"
244,Fleek,팬덤 상관없이 주변사람들 모두 고르게 듣고 있다는게 볼사의 최대 장점이라고 생각합니다 ㅎㅎ 잘 듣고 가요!!,"['팬덤', '상관없다', '주변', '사람', '모두', '고르다', '듣다', '있다', '볼', '사의', '최대', '장점', '생각', '하다', '자다', '듣다', '가요']"
245,천사린린,봄 날씨랑 너무 잘 어울려요❤️ 필요없소~ 네 곁에 있고시포~ 딱붙어소~ 하는 지영님 특유의 발음 너무너무 사랑스러워요ㅎㅎㅎㅎㅎ,"['봄', '날씨', '자다', '어울리다', '필요없다', '네', '곁', '있다', '포', '붙다', '하다', '지영', '특유', '발음', '사랑스럽다']"
246,sayga7942,근데 작년이맘쯤 여행때도 방탄이랑 컴백겹쳐서 별점테러당하더니 또 겹쳤누. ㅠ,"['작년', '이맘', '여행', '때', '방탄', '컴백', '겹', '치다', '점', '테러', '당하다', '또', '겹', '치다', '누']"
247,awsed99,음색 환상. 노래 잘하는 사람은 요새 많고 많아요. 오히려 너무 많아서 날고 기어도 대중들의 픽을 받기 힘들어 졌고 그만큼 꾸준히 사랑받기는 힘들죠. 안지영이라는 보컬도 절대 꿇리지않는 실력을 여태껏 보여줘 왔고 작곡에도 임한다는게 놀랍네요. 하이라이트 부분에 기교없는 깔끔함이 요새 질리도록 들어온 노래와는 달랐습니다.,"['음색', '환상', '노래', '하다', '사람', '요새', '많다', '많다', '오히려', '많다', '날', '기어', '대중', '픽', '받다', '힘들다', '지다', '꾸준하다', '사랑받다', '기다', '힘들다', '안지영', '보컬', '절대', '꿇다', '않다', '실력', '여태껏', '보여주다', '오다', '작곡', '임', '게', '놀라다', '하이라이트', '부분', '기교', '없다', '깔끔하다', '요새', '질리다', '들어오다', '노래', '다르다']"
248,sayga7942,솔직히 볼사노래 전부 작사작곡 안지영이 거의 혼자 다하는데 이정도면 훌륭한거아닌가?,"['솔직하다', '보다', '노래', '전부', '작사', '작곡', '안지영', '거의', '혼자', '하다', '정도', '훌륭하다', '아니다']"
249,jp.p,들으니 여기가 너무 쓰리다,"['들다', '여기', '쓰다']"
250,wlstkfkd77,강형욱님께서 좋아요를 누르셧습니다.,"['강', '욱', '좋다', '를', '누르다']"
251,twosunpaper,"바보~선샤인~

으로 들려용ㅎㅎ그래도좋아욥♥","['바보', '선샤인', '들다', '그래도좋아', '욥']"
252,swlee40,가사 너무 좋아요♡♡♡ 볼사 더더 흥해랏!!ㅎㅎ,"['가사', '좋다', '보다', '더더', '흥해랏']"
253,SweetGuy,방탄이 컴백했는데 2위를 지키고 있는 거 정말 대단하다,"['방탄', '컴백', '하다', '위', '지키다', '있다', '거', '정말', '대단하다']"
254,AJeongs,벚꽃도 뭐고 다 필요없어 이부분 너무좋다ㅠㅠ,"['벚꽃', '뭐', '필요없다', '부분', '좋다']"
255,ListenMe,좋다 좋은데 뭔가 부족한데 흐음,"['좋다', '좋다', '뭔가', '부족하다']"
256,jhr0325,노래 진짜 너무 좋은 거 아니냐며;;;,"['노래', '진짜', '좋다', '거', '아니다']"
257,토루플,굉장히 설레고 순수하면서 슬프다. 앞으로 아픔이 서릴 짝사랑의 풋풋한 시작을 보는듯한 가사에 괜히 옛생각이 나는 노래,"['굉장하다', '설레다', '순수하다', '슬프다', '앞', '아픔', '서리다', '짝사랑', '풋풋하다', '시작', '보다', '가사', '생각', '나', '노래']"
258,ㅁㅈ329,타돌 얘기를 걍 하지 마세요 ㅜㅜ 볼사 노래가 얼마나 좋은데 ㅋㅋ,"['돌', '얘기', '하다', '말다', '보다', '노래', '얼마나', '좋다']"
259,꽃길생성꾼,ㄹㅇ루다가 팬코 개많넼ㅋㅋㅋ 힘합만 듣는 애들이랑 가계정들 여기 와서 괜히 방탄 팬인척 하지마라 볼사팬한테도 민폐임 진짜 싸운날부터 팬인데 짜증나게 굴어ㅋㅋ,"['루다', '팬코', '개', '많다', '힘합', '듣다', '애', '가다', '계정', '여기', '오다', '방탄', '팬', '인척', '하다', '보다', '팬', '도', '민폐', '임', '진짜', '싸우다', '날', '팬', '짜증나다', '굳다']"
260,나드리갈까,볼사랑사춘기 다시 1위 가즈아!,"['볼', '사랑', '사춘기', '다시', '위', '가즈']"
261,alflwi,음색 진짜 좋네요 ^-^,"['음색', '진짜', '좋다']"
262,음악계의샛별,진짜 좋은곡은 팬덤아니여도 여기까지 온다 1위하고있는곡도 좋지만 이곡도 그에 비할만큼 듣기좋은것같다,"['진짜', '좋다', '곡', '팬덤', '아니다', '여기', '오다', '위', '하다', '곡', '좋다', '이곡', '그', '비', '하다', '듣기', '좋다', '것', '같다']"
263,닉네임 없음,올해 봄노래ㅜㅜ 정말 이번노래도 분위기터짐..,"['올해', '봄', '노래', '정말', '이번', '노래', '분위기', '터지다']"
264,sirosh223,볼사화팅!! 다운했어요 ㅇㅅㅇ,"['볼', '사화', '팅', '다운', '하다']"
265,김_은우,아이돌은 팬덤문화라고 소속감 가지고 광적으로 집착해서 순위를 챙기지만 볼사는 그런 문화가 없기 때문에 이 위치가 더 대단한 거지 연령 스펙트럼이 그만큼 넓다는 거야,"['아이돌', '팬덤', '문화', '소속', '감', '가지', '광', '집착', '하다', '순위', '챙기다', '볼', '살다', '그렇다', '문화', '없다', '때문', '이', '위치', '더', '대단하다', '거지', '연령', '스펙트럼', '넓다']"
266,뱜두,"벚꽃도 뭐고 다 필요없어
이부분 개좋타...","['벚꽃', '뭐', '필요없다', '부분', '개', '좋다', '타']"
267,탈퇴한 회원,축하드려요 9만^^,"['축하', '드리다']"
268,노래를듣고있다,이번달만쓰고 갈아타련다 순위줄세우기 너무 심하네,"['이번', '달', '쓰다', '갈아타다', '순위', '줄', '세우다', '심하다']"
269,European_Union,악플좀 그만달자,"['악플', '좀', '달자']"
270,조용히있고싶다,"팬은아니지만 이노래를 처음접하고 계속 듣게됬어요 너무 좋네요
재생 다운로드
여행
볼빨간사춘기
Red Diary Page.2","['팬', '아니다', '노래', '처음', '접', '계속', '듣다', '되다', '좋다', '재생', '다운로드', '여행', '볼', '빨갛다', '사춘기']"
271,조용히있고싶다,팬코인지 아닌지 어떻게구분함?,"['팬코', '아니다', '어떻다', '구분', '함']"
272,ㅁ밍밍밍밍ㅁ,"볼사팬분들 밑댓글중 방탄운운하면서 볼사까는사람들 다 팬코입니다 뮤직 dna들어가 보시면 알수있어요 볼사분들 노래가 별로라니,당연히 말이 안되죠 저도 그렇고 제 주위사람들 다 볼사 노래에 빠져서 맨날 듣고있습니다 저도 방탄노래 들으면서 한번씩은 듣고요 그러니 저런 어그로성 댓들은 무시하세요 원래 당도높은 과일엔 벌.레가 꼬이는 법이잖아요","['보다', '팬', '밑', '댓글', '방탄', '울다', '보다', '깔다', '사람', '팬코', '이다', '뮤직', '들어가다', '보시', '알다', '볼', '사분', '노래', '별로', '당연하다', '말', '안되다', '저', '그렇다', '제', '주위', '사람', '보다', '노래', '빠지다', '듣다', '저', '방탄', '노래', '들다', '한번', '듣다', '그렇다', '저런', '어그', '성', '댓', '무시', '하다', '원래', '당', '높다', '과일', '벌', '레', '꼬이다', '법', '잖다']"
273,군대에서배운건여자아이돌노래,이 노래가 좋긴 좋은가봐,"['이', '노래', '좋다', '좋다', '보다']"
274,지민이조앙,아미분들 여기다가 욕쓰는거는 아닌것같아요.. 그리고 볼빠팬분들도 많이 보시고그러는데 그럼 저희도 욕먹는거랑 똑같은거에요 .,"['아미', '여기다', '욕', '쓰다', '아니다', '같다', '볼빠팬', '보시', '그렇다', '그렇다', '저희', '욕먹다', '똑같다', '거']"
275,J.pla,빠충이들 수준 여기서 나오네 ㅋㅋㅋㅋㅋㅋ현재 방탄컴백해도 이노래가 2등이라서 ㅂㄷㅂㄷ거리고 이 노래가 뭐가 좋니 이러는데 이런짓들 늬들 팬수준만 낮추는기다 다른 팬들은 다른 노래도 존중해줄주 아는데 니들은 마인드가 왤캐 쳐 꼬엿냐 ㅋㅋㅋㅋㅋㅋㅋ수준 존트 낮아보이네,"['빠충이들', '수준', '여기', '나오다', '현재', '방탄', '컴백', '해도', '노래', '거리', '이', '노래', '뭐', '좋다', '이르다', '짓', '늬들', '팬', '수준', '낮추다', '기', '다른', '팬', '다른', '노래', '존중', '해주다', '알다', '니', '마인드', '왤다', '캐', '치다', '꼬엿', '수준', '존트', '낮다', '보이']"
276,나나나후니,"너무 많이 몰려서 애꿎은 타 이용자 힘들게 만들지 마요...;;
가끔씩 버벅대는것 짜증나요...","['몰리다', '애꿎', '타', '이용자', '힘들다', '만들다', '마', '가끔', '버벅대다', '짜증나다']"
277,웅성웅성옹성우...,ㅋㅋㅋㅋ댓글 팬코 5지네,"['댓글', '팬코', '지네']"
278,하나공주짱이라고불러,노래 부르면서 귀여운척좀 하지마라,"['노래', '부르다', '귀엽다', '척좀', '하다']"
279,Polo_,어디서 들어본 멜로디 짬♩ 시켜논 곡 같음. 진심 4마디씩 각각 익숙하다.,"['들다', '보다', '멜로디', '짬', '시키다', '논', '곡', '같다', '진심', '마디', '각각', '익숙하다']"
280,BuzzRockin,와 킹갓사춘기보소... 방탄을 이겨버리네..ㅋㅋ방탄도 노래는좋아요 아미님들..근데 줄세우기는 쫌 안하면 안될까요?ㅋ..,"['오다', '킹', '사춘기', '보다', '방탄', '이기다', '버리다', '방탄', '노래', '좋다', '아미', '들다', '줄', '세우다', '쫌', '하다', '안되다', '요']"
281,rere._.ve,여기 아미인척하면서 왜 방탄 사이에 끼냐; 이러는 사람들 개많은데 팬코일가능성 높으니까 뮤직 DNA한번 보세요 그리고 먹금합시당 관심주면 좋아하는 것들이라ㅠ 볼사님 노래 너무 좋아요!! 진짜 매번 믿고들어요ㅠㅠ,"['여기', '아미', '인척', '하다', '왜', '방탄', '사이', '끼다', '이르다', '사람', '개', '많다', '팬코', '가능성', '높다', '뮤직', '한번', '보다', '먹다', '금', '하다', '관심', '주다', '좋아하다', '것', '볼사', '노래', '좋다', '진짜', '매번', '믿다', '들다']"
282,20151117,이노래 그거같다. 10cm가 봄에낸노래 그거뭐냐? 커플들 다깨져라하면서 노래하는가사,"['이노', '그거', '같다', '가다', '봄', '내다', '노래', '그거', '뭐', '커플', '깨다', '하다', '노래', '하다']"
283,SH_lovely_,믿고듣는 믿춘기,"['믿다', '듣다', '믿다', '춘기']"
284,탈퇴한 회원,똥똥똥똥하는거 듣기 엄청좋다 부르고 싶어도 나한테 너무 높아서 듣기만...ㅠㅠㅠ기타소리도 너무 잘어울림 방탄팬이지만 항상 응원함,"['똥똥똥', '하다', '듣기', '좋다', '부르다', '싶다', '나', '높다', '듣기', '소리', '어울리다', '방탄', '팬', '항상', '응원', '함']"
285,아임더몬스터,아미인지 ♩♪인지 SNS에선 욕먹을땐 숨어있다가 본진오니깐 신이나서 날뛰네 ㅋㅋ 남한테 피해는 안주고 살아야지 인생 시간 허비하면서까지 그러고 싶나,"['아미', '인지', '욕먹다', '땐', '숨다', '진오', '이나', '날뛰다', '남', '피해', '안주', '살다', '인생', '시간', '허비하다', '그렇다', '싶다']"
286,hsduf4,볼사짱!,"['보다', '짱']"
287,jp.p,우왕 학교에서 폰 걷어서 볼사가 다시 위로올라갔당,"['우왕', '학교', '폰', '걷다', '볼', '사가', '다시', '위로', '올라가다']"
288,마요참치,콘서트 기대하고 있습니다 ^^7,"['콘서트', '기대하다', '있다']"
289,갓랩라쨩쨩,아직도 그얘기하십니까 다들 각자 자리로 돌아가세요 방탄팬은 여기서 무개념 일일이 잡지 마시고 그쪽으로 가셔서 열스하세요 볼사팬은 타팬 괜히 들먹이지 마시고 여기서 열스하세요!! 서로 언급 그뫈 무개념보이면 열불내지마시고 조용히 신고!! 모두들 개념팬이 되자구요^ㅇ^,"['얘기', '하다', '들다', '각자', '자리', '돌아가다', '방탄', '팬', '여기', '무', '개념', '일일이', '잡지', '말다', '쪽', '갈다', '스', '하다', '보다', '팬', '타팬', '들먹이다', '말다', '여기', '스', '하다', '서로', '언급', '그뫈', '무', '개념', '보이', '불', '내지', '말다', '조용하다', '신고', '모두', '개념', '팬', '되다', '자구']"
290,Rrorins,와 진짜 목소리 멜로디부터해서 반주까지 예쁘고 사랑스럽다,"['오다', '진짜', '목소리', '멜로디', '하다', '반주', '예쁘다', '사랑스럽다']"
291,sennh,무개념 볼사팬도 개많이 보이는데 방탄은 개나소나 후려쳐도되고 무개념 아미가 볼사 후려치면 아미 모두 싸잡아서 욕해버리넹ㅋㅋㅋㅋㅋ 아이돌 후려친다고 니네가 진정한 리스너라도 되는줄 아냐? 좋은 노래 듣다 니네 이중성 잘보고간당ㅋㅋㅋㅋㅎㅎ,"['무', '개념', '보다', '팬', '개', '보이다', '방탄', '개', '나소', '후려치다', '되다', '무', '개념', '아미가', '보다', '후려치다', '아미', '모두', '싸잡다', '욕', '하다', '버리다', '넹', '아이돌', '후려치다', '네', '진정하다', '리스너', '되다', '알다', '좋다', '노래', '듣다', '니', '이중성', '보다', '고간']"
292,VWVw,"너무좋다, , , ,",['좋다']
293,응아응어,나만 안돼 그만해 ㄱ♩추넣어줘로 들리나,"['나', '돼다', '그만하다', '추', '넣다', '들리다']"
294,아기병사,요즘 날씨에 듣기 딱 좋은 노래.... 미세먼지만 아니였어도^^^,"['요즘', '날씨', '듣기', '좋다', '노래', '미세먼지', '아니다']"
295,가요팝제이팝,노래좋다,"['노래', '좋다']"
296,56056ㅕㅇ,이번 봄노래 이거란 말야ㅜㅜㅜ순위 내려가지마,"['이번', '봄', '노래', '거란', '말', '순위', '내려가다']"
297,dw5243,와 방탄 사이에서 2위 하네..,"['오다', '방탄', '사이', '위', '하다']"
298,Won,아니 무개념 아미 욕을 하지 왜 방탄욕을 하세요ㅋㅋ,"['아니다', '무', '개념', '아미', '욕', '하다', '왜', '방탄', '욕', '하다']"
299,European_Union,연간 5등안에 든다 1표,"['연간', '들다', '표']"
300,hjplmy21,"볼사팬 여러분 아미인데요,제가 대신 무개념 아미에 대해 사과드려요...
정말 제가 다 창피해서 사과드립니다..
전 타팬분들과도 친하게 지내고싶어요..!
저도 볼빨간 사춘기 노래좋아해요 방탄분들 너무 욕하지 말아주시고 정말 죄송해요...ㅠㅠ","['보다', '팬', '여러분', '아미', '요', '제', '대신', '무', '개념', '아미', '대해', '사과', '드리다', '정말', '제', '창피하다', '사과', '드리다', '전', '타팬', '친하다', '지내다', '저', '볼', '빨갛다', '사춘기', '노래', '좋아하다', '방탄', '욕', '하다', '말다', '정말', '죄송하다']"
301,jp.p,근대 진짜 낮시간대엔 순위높고 저녁에는 낮아지는 이유가 학생분들 학교끝나고 방탄 노래 틀어놔서 그런건가요,"['근대', '진짜', '낮', '시간대', '순위', '높다', '저녁', '낮아지다', '이유', '학생', '학교', '끝나다', '방탄', '노래', '틀어놓다', '그렇다']"
302,탈퇴한 회원,너무좋다 봄노래 감성쩐듯,"['좋다', '봄', '노래', '감성', '쩐듯']"
303,hohototo19,노래 듣고 있으면 설렘가득.. ㅋㅋ,"['노래', '듣다', '있다', '설레다', '가득']"
304,piona7788,"진심 올봄에 들을 노래 너무 많아서 좋다 방탄, 볼사, 태연까지. 마구 마구 노래 듣고 있음. 어느 곡 하나 빠지는 곡이 없다는 개 함정.","['진심', '봄', '들다', '노래', '많다', '좋다', '방탄', '보다', '태연', '마구', '마구', '노래', '듣다', '있다', '곡', '하나', '빠지다', '곡', '없다', '개', '함정']"
305,gamsungchoong,왜자꾸 오르락내리락하너 심장떨리게,"['왜', '자꾸', '오르락내리락', '너', '심장', '떨리다']"
306,VWVw,목소리 너무 귀여워ㅠ ㅠ ㅠ ㅠ,"['목소리', '귀엽다']"
307,이이름름없없음음,"와 엄청나게 끈질기네. 방탄, 볼사 둘다 응원해요","['오다', '엄청나다', '끈질기다', '방탄', '보다', '두다', '응원', '하다']"
308,afera10,"싸우지마세여....
전 둘다 좋슴다!!
볼사 흥해랏!!!!!
누가 더 잘난거를 따지는 것보단
더 잘나게되라고 응원하는게 더 좋지 않을까욤...
그게 한국(?)을 더 자랑(?)스럽게 하는 부분이지 않을까요...제가 말해놓고 제가 이상하다고 생각되네용ㅎㅎ
볼빨간 사춘기 화이팅!!!
좋은 노래 많이많이 내주세요!!!!","['싸우지마', '세', '전', '두다', '좋다', '보다', '흥해랏', '누가', '더', '잘나다', '따지다', '것', '더', '잘나다', '되다', '응원', '하다', '더', '좋다', '않다', '욤', '그게', '한국', '더', '자랑', '하다', '부분', '않다', '제', '말', '하다', '제', '이상하다', '생각', '되다', '용', '볼', '빨갛다', '사춘기', '화이팅', '좋다', '노래', '내주다']"
309,9명이하나되어-,이것만 들으면 마음이 몽글몽글해진다ㅠ♡ 볼빨간 사춘기 흥해랏♡♡,"['것', '들다', '마음', '몽글몽글하다', '볼', '빨갛다', '사춘기', '흥해랏']"
310,당근순,"댓글 내려보니까 방탄멤버 프로필 사진만 보이네... 방탄 니들이 댓글 관리 안해줘도 대단한거 아니까 그만좀 싸워라 언급을 안할수가 없네 아미너네 까는애들은 차피
끝까지 저럴텐데 걍 무시하면 안되니...애드 시런이 줬는데 노래안좋다는건 걍 멍청이고","['댓글', '내다', '보', '방탄', '멤버', '프로필', '사진', '보이', '방탄', '니', '댓글', '관리', '해주다', '대단하다', '아니다', '좀', '싸우다', '언급', '하다', '없다', '아미', '너', '깔다', '애', '차피', '끝', '저러다', '무시', '하다', '안되다', '애드', '시런', '주다', '노래', '안좋다', '멍청이']"
311,짱짱쌔다,"우리가 언제 먼저와서 시비턴적 있냐 이제 그만좀 하자 왜자꾸 언급하는건데 비추 달짓을 하니까 비추를 달지
이제 다들 타그룹 언급하지말고 서로 좋은노래 많이듣자 제발","['우리', '언제', '먼저', '서다', '시비', '턴', '있다', '이제', '좀', '하자', '왜', '자꾸', '언급', '하다', '비추다', '달짓', '하다', '비추다', '달', '이제', '들다', '그룹', '언급', '하다', '서로', '좋다', '노래', '듣다', '제발']"
312,wlsgud02,근데 음원 시스템 잘 몰라서 그러는데 노래 많이 들으면 그 가수한테 돈이 더 많이 가는거죠?,"['음원', '시스템', '자다', '모르다', '그렇다', '노래', '들다', '그', '가수', '돈', '더', '가다']"
313,깅중형,방탄 팬덤 유일하게 뚫는 클라스보소,"['방탄', '팬덤', '유일하다', '뚫다', '클라스', '보다']"
314,hye11w,버텨주시오 ... 볼사 하이팅 ❤️,"['버티다', '보다', '하이', '팅']"
315,KROWNSAND,차트 온통 핑크빛속에 차트에 굳건히 자리하고있는 볼빨간 사춘기 ㅠㅠㅠ 진짜 흥해랏!!! 이정도 버티는거도 대단한거임..ㄷㄷ,"['차트', '온통', '핑크', '빛속', '차트', '굳다', '자리', '하다', '볼', '빨갛다', '사춘기', '진짜', '흥해랏', '이정', '버티다', '대단하다', '임']"
316,je_taime,왜 자꾸 타그룹 언급을 하시는지 모르겠네 하실거면 존칭 붙여가면서 하시던가 아님 써방하시던가 해주세요~ 이러는 거 볼사 분들이 보심 좋아할 거 같나요 자기 곡 댓창에 타가수 언급하면서 욕하는데~,"['왜', '자꾸', '그룹', '언급', '하다', '모르다', '하다', '존칭', '붙이다', '하다', '아니다', '써다', '방', '하다', '해주다', '이르다', '거', '보다', '분', '보심', '좋아하다', '거', '같다', '자기', '곡', '창', '가수', '언급', '하다', '욕', '하다']"
317,XwXwY,앨범 사진 이뻐요ㅋㅋ 노래도 좋당 화이팅,"['앨범', '사진', '이쁘다', '노래', '좋다', '화이팅']"
318,탈퇴한 회원,왜 아직도 댓글에서 방탄얘기가 나오죠? 스밍빨인지 어떻게 아나요 그냥 팬들 머릿수가 엄청 많은데,"['왜', '댓글', '방탄', '얘기', '나오다', '스밍빨', '어떻다', '나', '그냥', '팬', '머릿수', '많다']"
319,이희원,지영아 응원한다 힘내라,"['지영', '응원', '힘내다']"
320,JJJHHHHHHHH,처음 시작할 때 멜로디가 너무 좋다,"['처음', '시작', '하다', '때', '멜로디', '좋다']"
321,이동훈,과거기록으로 보면 볼사가 대단한게 아니라 방탄이 대단한거임 볼4랑 같은 시기에 나왔으면 볼4가 이겼겠지.,"['과거', '기록', '보다', '볼', '사가', '대단하다', '아니다', '방탄', '대단하다', '임', '볼', '같다', '시기', '나오다', '볼', '가다', '이기다']"
322,heroheroo,대단하다ㅋㅋㅋㄱㅋ볼사 아예 관심도 없었는데 인기 오지네,"['대단하다', '보다', '아예', '관심', '없다', '인기', '오지']"
323,서명규,1등 가아아아앙 쓓,"['가다', '아앙', '쓓']"
324,어허하라,타팬이데 넘나 좋아요ㅠㅜ 매번 잘듣고 있습니다~,"['타팬', '데', '넘다', '좋다', '매번', '듣다', '있다']"
325,띵곡보면짖는개,"좋다,,,",['좋다']
326,엌32,귀호강,['호강']
327,열셋의소년들,타팬인데 볼빨간 사춘기 노래 너무 좋아서 매번 듣고 있ㅇ요 ㅠㅠㅠㅠㅠ 볼사 흥해라 !!!!!,"['타팬', '볼', '빨갛다', '사춘기', '노래', '좋다', '매번', '듣다', '있다', '요', '보다', '흥', '하다']"
328,괄도네넴띵,1등 가즈아아아앜 쓋,"['가다', '아아', '앜', '쓋']"
329,탈퇴한 회원,기계 스트리밍 하는거랑 니들이 안쓰는 계정들 총동원해서 무음 스트리밍 돌리는거랑 뭐가 다름?,"['기계', '스트리밍', '하다', '니', '쓰다', '계정', '총동원', '하다', '무음', '스트리밍', '돌리다', '뭐', '다르다']"
330,잘생긴숙희,어딜가든 무개념은 있다 방탄 앨범 댓글와서 어그로 끄는 놈들이나 여기 댓글창와서 어그로끄는 놈들이나 다 무개념인거지 그냥 무시하고 자기가 듣고 싶은 노래 들으면되는거아니냐 굳이가서욕하고 그런 한심한짓좀 하지말자 볼사 노래는 사람들이 두루두루 들으니까 순위에 올라오는거고 방탄은 팬덤이 워낙큰데 거기에다가 일반인들도 들으니까 순위에 올라오는거지...,"['가든', '무', '개념', '있다', '방탄', '앨범', '댓글', '서다', '어그', '끄다', '놈', '여기', '댓글', '창', '서다', '어그', '끄다', '놈', '무', '개념', '거지', '그냥', '무시', '자기', '듣다', '싶다', '노래', '들다', '되다', '굳이', '가다', '욕', '그렇다', '한심하다', '좋다', '하다', '보다', '노래', '사람', '두루', '두루', '들다', '순위', '올라오다', '방탄', '팬덤', '워낙', '크다', '거기', '일반인', '들다', '순위', '올라오다']"
331,나나나후니,그와중에 음원 깡패인 방탄사이에서 2위라니 ㄷㄷㄷㄷㄷㄷ,"['와중', '음원', '깡패', '방탄', '사이', '위']"
332,tjgjstnr72,좋은 노래 내주셔서 너무 조아요~~ 나만 봄 너무 좋다아 히히,"['좋다', '노래', '내주다', '좋다', '나', '봄', '좋다']"
333,민화령,여러분 이노래 듣는겸으로 엘소드 볼빨이부른 밤의미궁 유튜브로 검색해서 들어주세요ㅠㅠ 갓곡인데 음원안낸다고합니다ㅠㅠㅠ,"['여러분', '이노', '듣다', '겸', '엘소드', '볼빨', '부르다', '밤', '미궁', '유튜브', '검색', '하다', '들어주다', '곡', '음원', '안', '내다', '하다']"
334,G0neGo,볼사 대단하네,"['보다', '대단하다']"
335,Bollove,"근데 봄날,IDOL은 왜 다시 순위에 올라온거임?","['봄날', '은', '왜', '다시', '순위', '올라오다', '임']"
336,지수LOVE,"정정당당하게 방탄이 1위한게 뭐가 문제임?
스밍은 모든팬덤이 다돌리는데","['정정당당하다', '방탄', '위', '게', '뭐', '문제', '임', '스밍', '팬덤', '돌리다']"
337,지횽이이,아니 여기다 방탄분들얘기 하지마세요 애초에;; 그리고 ㅂㅌ팬분들도 어그로는 무시하고가세요 여기는 그래도 볼사 페이지인데 댓글다 싫어요 다는거 추해요.,"['아니다', '여기', '방탄', '얘기', '하다', '말다', '애초', '팬', '어그', '무시', '하다', '여기다', '보다', '페이지', '댓글', '싫다', '달다', '추하다']"
338,정은지너의밤은어때_안냔해롱,순위로 대중들이 원하는 음악이 무엇인지 증명한다.,"['순위', '대중', '원하다', '음악', '무엇', '증명', '하다']"
339,aituo0,우리 서로서로 순위에 목숨걸지 말자구요ㅠ 방탄 볼사 둘다 충분히 좋은곡 많이 내잖아요. 게다가 잘 모르시는 분들도 한번씩은 마음에 품는 그런 아티스트 들이고요. 모두 좋은 가수들이랍니다,"['우리', '순위', '목숨', '걸다', '말', '자구', '방탄', '보다', '두다', '충분하다', '좋다', '곡', '내다', '게다가', '자다', '모르다', '분', '한번', '마음', '품다', '그렇다', '아티스트', '들이다', '모두', '좋다', '가수', '들이다']"
340,에프,"왜 구지 여기 댓글까지 와서 싸워야됨;;; 그냥 니네끼리 카톡방이나 파서 싸워 가만히있는사람 피해주지말고;;,,","['왜', '구지', '여기', '댓글', '오다', '싸우다', '되다', '그냥', '끼리', '카톡', '방이', '파서', '싸우다', '있다', '사람', '피', '해주다']"
341,월드와이드핸섬_,이 노래도 좋고 방탄도 좋은대 아이돌 노래보고 노래같지도않은 노래래ㅋㅋ 자기는 뭐 얼마나 대단한 노래 듣길래;; 아 유치해 저 아래 님 ㅠㅠ 이 노래도 좋아하는 사람도 있고 아닌 사람도 있는거지 지 취향이 무슨 대단한마냥 왜 그러고 다녀요;,"['이', '노래', '좋다', '방탄', '좋다', '아이돌', '노래', '보고', '노래', '같다', '않다', '노래', '자기', '뭐', '얼마나', '대단하다', '노래', '듣다', '유치하다', '저', '아래', '이', '노래', '좋아하다', '사람', '있다', '아니다', '사람', '있다', '지다', '취향', '무슨', '대단하다', '마냥', '왜', '그렇다', '다니다']"
342,European_Union,다들 그만!,['들다']
343,취미로음악듣는남자,방x 노래가 차트도배해도 상관없는데 힘겹게 올라온 노래보고 사재기라고 하지말자 ㅋㅋㅋㅋㅋ니네 노래만 듣는 그런망상에 빠지지말자는거야 ㅇㅋ?,"['방', '노래', '차트', '도배', '해도', '상관없다', '힘겹다', '올라오다', '노래', '보고', '사재기', '하다', '니', '노래', '듣다', '망상', '빠지다', '자다']"
344,자두먹으면자두되나,여러분 다같이 영차영차~ 좀만 힘내서 다시 올라가용,"['여러분', '다', '영차', '영차', '좀', '힘내다', '다시', '올라가다']"
345,rhen,타그룹 언급할거면 존칭이라도 써주시는게 맞다고 생각이 드네요. 타그룹 비하는 피해주세요.,"['그룹', '언급', '하다', '존칭', '써주다', '맞다', '생각', '드네', '그룹', '비', '하다', '피', '해주다']"
346,투패니,진짜 불쌍해 엑소 방탄 블핑 컴백타이밍에 다 엮여가지고.. 이리 치이고 저리 치이고..,"['진짜', '불쌍하다', '엑소', '방탄', '블핑', '컴백', '타이밍', '엮', '가지', '치', '저리', '치']"
347,하저너스,선방하기~,"['선방', '하다']"
348,냠냠긋.,"진짜 이런 분위기, 느낌은 볼사 말고는 아무도 못따라하는것같아 진짜 음색 개찰떡","['진짜', '이렇다', '분위기', '느낌', '보다', '아무', '따르다', '같다', '진짜', '음색', '개', '찰떡']"
349,루_뽀,노래 너무 좋아요! 자주는 못 들어도 항상 나오면 꼭 들어봅니다! 비눗방울 톡톡 튀는 듯한 상큼한 노래 불러주시고 만들어주셔서 감사합니다♥,"['노래', '좋다', '자주', '못', '들다', '항상', '나오다', '꼭', '들다', '보다', '비눗방울', '톡톡', '튀다', '듯', '상큼', '노래', '불다', '만들다', '감사하다']"
350,탈퇴한 회원,방탄팬인대 볼빨간사춘기 노래도 좋아해요. 시상식때보면 탄이들도 볼빨간사춘기 노래 따라 부르고 같이 즐겨요. 글에 비추천 누르는거 다 방탄팬이라고 생각 안했음 좋겠어요.,"['방탄', '팬', '인대', '볼', '빨갛다', '사춘기', '노래', '좋아하다', '시상식', '때', '보다', '타다', '들다', '볼', '빨갛다', '사춘기', '노래', '따르다', '부르다', '즐기다', '글', '비', '추천', '누르다', '방탄', '팬', '생각', '하다', '좋다']"
351,톸낏,막상 ㅂㅌ팬중에 무개념아니고선 시비 거는사람 거의 없는데 본인들이 좋은노래 댓글창 더럽혀놓고 수준보인다느니..ㅎㅎ 혹시 거울을 보고있는건 아닌지 확인부탁드림!,"['막상', '팬', '무', '개념', '아니다', '시비', '거', '사람', '거의', '없다', '본인', '좋다', '노래', '댓글', '창', '더럽히다', '수준', '보이다', '혹시', '거울', '보다', '아니다', '확인', '부탁드리다']"
352,흐잇짜아,볼싸는 노래가 너무 좋아서 그누구도 욕않해요.인정하죠.아마 팬인척하며 팬들 이간질 시키는 사람이 대부분일 꺼에요~^^,"['볼', '싸다', '노래', '좋다', '누구', '욕', '않다', '해', '인정', '하다', '아마', '팬', '인척', '팬', '간질', '시키다', '사람', '대부분', '일', '끄다']"
353,하연쏭,노래 너무 좋아요 ㅠㅠㅠ 좋은노래 만들어주셔서 감사해요!!! 좋은 토요일 밤 되세요 ㅋㅋㅋ,"['노래', '좋다', '좋다', '노래', '만들다', '감사하다', '좋다', '토요일', '밤', '되다']"
354,Kjagw,"도입부 듣고 00인 줄...
재생 다운로드
00 (DOUBLE O)
NO:EL
DOUBLEONOEL","['도입', '부', '듣다', '인', '줄', '재생', '다운로드']"
355,VWVw,기여웡...ㅠ ㅠ,['기여웡']
356,JGDZ,마음이 몽글몽글해지는 노래 너무좋다,"['마음', '몽글몽글하다', '노래', '좋다']"
357,자_드가자,지금 배성재 텐에 나와서 이거 라이브부르심ㄷㄷ,"['지금', '배성재', '텐', '나오다', '거', '라이브', '부르다', '심']"
358,옐롱._.,"나만,봄 도 정말 좋지만 제 갠취는 이거 !!
만약 안들어보셨다면 들어보세용 ㅎㅎ
아미지만 볼사님들 노래 좋아해서 항상 나오면
전곡 틀기 해서 듣는데 이번꺼 다 넘 좋은듯용 ㅜㅜ
재생 다운로드
Mermaid
볼빨간사춘기
사춘기집Ⅰ 꽃기운","['나', '봄', '도', '정말', '좋다', '제', '갠취', '거', '만약', '들다', '보다', '들다', '보다', '아미', '볼사', '들다', '노래', '좋아하다', '항상', '나오다', '전곡', '틀다', '하다', '듣다', '이번', '넘다', '좋다', '듯용', '재생', '다운로드', '볼', '빨갛다', '사춘기', '사춘기', '집', '꽃', '기운']"
359,Bollove,"아티스트의 이미지는 팬들 몫이다.
방탄 볼사 다 1등입니다.","['아티스트', '이미지', '팬', '몫', '방탄', '보다']"
360,HASHASH,헉 타이틀이세개였어? 앨범수록곡 다 타이틀인줄 수록곡들도 타이틀곡마냥 정성들여진게 보이고 좋네..,"['타이틀', '이세', '개다', '앨범', '수록', '곡', '타이틀', '줄', '수록', '곡', '타이틀곡', '마냥', '정성', '여진', '보이', '좋다']"
361,탈퇴한 회원,봄은 볼사다 ... 반박 불가,"['봄', '볼', '사다', '반박', '불가']"
362,냠냠냠염염,"난 일반인이지만 볼사 나의 사춘기부터 이번 노래도 진짜 좋구 이번 소우주 노래 듣고 방탄 좋아하게됐는데 특히 에드시런 수록곡도 좋던데 왤케 싸우지... 다들 이 노래는 열심히 들었잖아영...
재생 다운로드
Shape of You
Ed Sheeran
÷ (Deluxe)","['난', '일반인', '보다', '나', '사춘기', '이번', '노래', '진짜', '좋다', '이번', '소우주', '노래', '듣다', '방탄', '좋아하다', '돼다', '에드', '런', '수록', '곡', '좋다', '왜', '싸우다', '들다', '이', '노래', '들다', '아영', '재생', '다운로드']"
363,싣발어쩌라고,노래 ㅠ ㅠ 좋앙 ^^~~~~!~!~!~!_!_!_!_!_,"['노래', '좋다']"
364,Gkstkd,방탄아미 화력이 쌔긴하네.....,"['방탄', '아미', '화', '쌔긴하']"
365,sssssls,볼사 최고 노래개죠아,"['보다', '최고', '노래', '좋다']"
366,갓랩라쨩쨩,이거든 옆집거든 각 팬들 나름대로 스밍 돌리면서 서로 비꼬는건 무개념으로 봐도 되는부분..??,"['이다', '옆집', '거들다', '각', '팬', '나름', '스밍', '돌리다', '서로', '비꼬다', '무', '개념', '보다', '되다', '부분']"
367,난너무기여워,방탄 팬인데 볼사 안싫어하고 노래도 좋아함..싸움 그만...,"['방탄', '팬', '보다', '싫어하다', '노래', '좋아하다', '싸움']"
368,MignonV,평화 유지군입니다. 제발 어느 가수든 서로 비교하지 말고 좋은 노래를 내준것에 감사하며 즐겁게 감상합시다.,"['평화', '유지', '이다', '제발', '가수', '서로', '비교', '하다', '좋다', '노래', '내주다', '감사하다', '즐겁다', '감상', '하다']"
369,kthㄱㅇㅇ,"볼사 방탄 다 실력좋고 노래좋아서 상위권에있는건데 왜자꾸 방탄욕하는지 모르겠음
솔직히 볼사 스밍 안돌리는거면 몰라도 다들 팬이면 돌리면서 결론은 밀린거 맞는거라고 생각하는데
게다가 스밍안하는아미 많음
인트로 듣는게 뭐가이상하지?컴백 티저가 인트로라 가장 익숙하게시작했고,
그리고 봄날 아이돌 계속 순위권에 있었고 컴백했으니까 같이 들어서 순위 올라온건데...","['보다', '방탄', '실력', '좋다', '노래', '좋다', '상위', '있다', '왜', '자꾸', '방탄', '욕', '하다', '모르다', '솔직하다', '보다', '스밍', '돌리다', '모르다', '들다', '팬', '돌리다', '결론', '밀리다', '맞다', '생각', '하다', '게다가', '스밍안', '하다', '아미', '많다', '인트', '듣다', '뭐', '이상하다', '컴백', '티저', '인트로', '가장', '익숙하다', '시작', '하다', '봄날', '아이돌', '계속', '순위', '있다', '컴백', '하다', '들어서다', '순위', '올라오다']"
370,ShouerKuer,진짜 목소리 악기다 악기,"['진짜', '목소리', '악기', '악기']"
371,헤해헿핼,아니 볼사가 평점 왜이러냐고 ㅋㅋㅋㅋㅋㅋㅋ,"['아니다', '볼', '사가', '평점', '왜', '이르다']"
372,ㅁ밍밍밍밍ㅁ,밑댓글 좀 봤는데 여기 방탄욕하는 댓이 많네요 전 아미이지만 볼사 우주를 줄게부터 좋아해서 컴백할때마다 듣고있는데 둘다 팬인 저로써는 기분이 좋진않네요 두가수다 열심히 만들고 힘들게 작업한곡들인데 그렇게 까내리지않았으면 좋겠습니다 이용자수가 뭐가중요한가요 둘다 노래좋으니까 이용자수 많은건데 서로서로 존중해주면안되나요?,"['밑', '댓글', '좀', '보다', '여기', '방탄', '욕', '댓', '많다', '전', '아미', '보다', '우주', '줄', '부터', '좋아하다', '컴백', '하다', '때', '듣다', '두다', '팬', '로써', '기분', '좋다', '않다', '가수', '만들다', '힘들다', '작업', '곡', '끄다', '않다', '좋다', '이용자', '수가', '뭐', '중요하다', '두다', '노래', '좋다', '이용', '자수', '많다', '존중', '해주다', '안되다']"
373,sj2737,댓글 하나하나 모니터링 해서 비추다는거 우웩ㅋㅋ,"['댓글', '하나', '하나', '모니터링', '하다', '비추다', '우웩']"
374,ㅁ밍밍밍밍ㅁ,아무리생각해도 볼빨간사춘기는 노래 실력이나 노래나 걍 다 잘하는듯ㅠㅜ어쩜 나오는 노래마다 다 좋은건지 내최애곡 여행이였는데 이걸로 바뀔거같다ㅜㅜㅜ,"['생각', '해도', '볼', '빨갛다', '사춘기', '노래', '실력', '노래', '하다', '어쩜', '나오다', '노래', '좋다', '건지다', '최애', '곡', '여행', '이다', '것', '바뀌다', '같다']"
375,어허하라,2위 ㅊㅋ,['위']
376,탈퇴한 회원,"도대체 나이가 몇인데 댓글수준이 이 모양 이 꼴이야!
(우리는 작품을 감상하려고 왔어요)","['도대체', '나이', '몇', '댓글', '수준', '이', '모양', '이', '꼴', '우리', '작품', '감상', '하다', '오다']"
377,leejw0055,이 노래 좋은데 1위에서 떡락하다가 다시 올라오시네 열심히 스밍할게요,"['이', '노래', '좋다', '위', '떡락', '하다', '다시', '올라오다', '스밍할게']"
378,kim인희,역시 볼빨간사춘기! 음원강자답넹,"['역시', '볼', '빨갛다', '사춘기', '음원', '강', '답넹']"
379,wildboy.,"우주를 줄게 때부터 팬이었어용
이번에 좋은신곡 내주셔서 감사해요 볼사♡","['우주', '줄', '때', '팬', '이다', '이번', '좋다', '신곡', '내주다', '감사하다', '보다']"
380,정꾸최고,여기 댓글쓰는 애들중에 진짜 미치도록 파는 애들 거의없음 대부분 라이트덕후임 나빼고ㅋㅋ 그래서 멜론댓글에 수준낮은댓이 많은거임,"['여기', '댓글', '쓰다', '애', '중', '진짜', '미치다', '팔다', '애', '거의', '없다', '대부분', '라이트', '덕후', '임', '나', '빼다', '멜론', '댓글', '수준', '낮다', '댓', '많다', '임']"
381,배건영씨,감상자 수 이 노래가 더 많은데..?,"['감상', '수', '이', '노래', '더', '많다']"
382,악성팬덤댓글금지,순위 연연하지마여 어차피 일간순위가 무한스밍 무시한 숫자임ㅎ,"['순위', '연연하다', '마여', '어차피', '일간', '순위', '무한', '스밍', '무시', '숫자', '임']"
383,은ㅇㅇㅇㅇ,노래 진짜 좋댜 봄노래다 딱 그런데 노래안좋으면 듣지를말지 뭐 안좋다 적당히해 방탄은 방탄이거 볼사는 볼사인데 쓸데없는 견제하고있네;,"['노래', '진짜', '좋댜', '봄', '노래', '노래', '안좋다', '듣다', '말', '뭐', '안좋다', '적당하다', '방탄', '방탄', '거', '볼', '살다', '볼사', '쓸데없다', '견제', '하다']"
384,예은잉요,1위 가자ㅏㅏㅏㅏㅏ 노래 너무 좋다,"['위', '가다', '노래', '좋다']"
385,효섭,노래 계속 끊기시는분 계심?,"['노래', '계속', '끊기다', '분', '계심']"
386,didekdlf,이용자 80만 ㄷㄷ,['이용자']
387,양지성,멜론 재생이 잘 안되냐;; 그분들때문인가,"['멜론', '재생', '자다', '안되다', '그', '때문']"
388,se_yeon010929,와 진짜 볼빨간 사춘기 노래가 얼마나 좋으면 방탄을 뚫고 3위까지 올라왔냐 대박 ㅠㅠㅠㅠㅠㅠ너무 기쁜걸? ㅠㅠㅠㅠㅠㅠㅠ,"['오다', '진짜', '볼', '빨갛다', '사춘기', '노래', '얼마나', '좋다', '방탄', '뚫다', '위', '올라오다', '대박', '기쁘다', '걸']"
389,김민선,아니 지금 멜론 왜 이럼? 나만 이런건가...,"['아니다', '지금', '멜론', '왜', '이렇다', '나', '이렇다']"
390,로얄팡,"중간에 껴서 돋보이네요
역시 대중픽!","['중간', '끼다', '돋보이다', '역시', '대중', '픽']"
391,CMajor7,이 노래는 방탄을 뚫어내네,"['이', '노래', '방탄', '뚫다']"
392,다라미00,아미인데 이 노래 진짜 좋은 것 같아요! 같이 선의의 경쟁하면서 올라갑시다 갠적으로 썸 탈꺼야 제일 좋아하는데 이것도 봄 느낌나고 좋아요!ㅎㅎ,"['아미', '이', '노래', '진짜', '좋다', '것', '같다', '선의', '경쟁', '하다', '올라가다', '갠', '썸', '타다', '제일', '좋아하다', '것', '봄', '느끼다', '좋다']"
393,조용히있고싶다,가즈아 1등,['가즈']
394,pipokkk,나만봄 열스밍 1위가자,"['나', '봄', '열스밍', '위', '가다']"
395,나는야_인간,와 이노래 너무좋아 Blue다음으로 제일 좋은듯,"['오다', '이노', '좋다', '다음', '제일', '좋다', '듯']"
396,2017.11.07,노래 자체로만 승부 멋있네,"['노래', '자체', '로만', '승부', '멋있다']"
397,베메네카카난,"여기서 ♩♪ 팩트는 방탄 악플다는애들은 볼사 팬은 아니다 ~
볼사가 팬이 많은것도 아니고 무슨 저격당할때마다 볼사가 바로 뒷순위니까
볼사팬들이 저격하는것처럼 말하냐
몇몇 아미들도 머가리 없는듯","['여기', '팩트', '방탄', '악플달다', '애', '보다', '팬', '아니다', '볼', '사가', '팬', '많다', '아니다', '무슨', '저격', '당하다', '때', '볼', '사가', '바로', '순위', '보다', '팬', '저격', '하다', '말', '하다', '몇몇', '아미', '머', '가리다', '없다']"
398,G0neGo,대단하다 ㅋㅋㅋ 팬덤없이,"['대단하다', '팬덤']"
399,서어어정,"님들이 여기에 특정 가수 저격이나 비판, 비꼬는 댓글만 안써도 여기 안와도 됨","['님들', '여기', '특정', '가수', '저격', '비판', '비꼬다', '댓글', '써다', '여기', '안', '되다']"
400,rlawjddntkfkdgo,"수록까지 줄세우기한 방탄 역시 월클도 대단하고
그 사이에서 순위 유지하거 지금 심지어 3위엔 볼사도 ㄹㅇ 대단 ㅋㅅㅋ","['수록', '줄', '세우다', '방탄', '역시', '월', '크다', '대단하다', '그', '사이', '순위', '유지', '거', '지금', '심지어', '위엔', '볼', '사도', '대다']"
401,(기도하는부처님),와 방탄 사이를 뚫고 가는거 실화?,"['오다', '방탄', '사이', '뚫다', '가다', '실화']"
402,rckj,안돼 그만해 꼬추 넣어둬,"['돼다', '그만하다', '꼬추', '넣다', '두다']"
403,강유지,노래 진짜 개좋음ㄹㅇ,"['노래', '진짜', '개', '좋다']"
404,멘델멘델,굳이 여기서 왜 타가수 비방하는지 이해가 안가네요 ;,"['굳이', '여기', '왜', '가수', '비방', '하다', '이해', '알다']"
405,한라봉구스,중간에 껴있는게 너무머쨔용 ㅎㅎ노래 너무조아영❤️ㅠ,"['중간', '끼다', '너무머쨔용', '노래', '조아영']"
406,탈퇴한 회원,쓰읍 애기들 타가수 비방 자제좀,"['쓰다', '읍', '애기', '가수', '비방', '자제', '좀']"
407,어허하라,볼사님 노래 넘좋은것~^^7 스밍 돌려드릴께용~~,"['볼사', '노래', '넘다', '좋다', '것', '스밍', '돌리다', '드리다']"
408,짱짱쌔다,"니들이 이런다고 볼사가 좋아할것 같냐~~
그냥 노래가 좋으면 노래만 들어
굳이 여까지와서 타그룹팬,타그룹 비꼬지 말고~~","['니', '이렇다', '볼', '사가', '좋아하다', '같다', '그냥', '노래', '좋다', '노래', '들다', '굳이', '여', '서다', '그룹', '팬', '그룹', '비꼬다']"
409,q-______-p,쭉쭉 올라가서 1위합시다,"['쭉쭉', '올라가다', '위', '하다']"
410,sj2737,지나가는 워즈원인데요 노래 진짜 좋네요 볼사 흥해라~,"['지나가다', '워', '원인', '데', '노래', '진짜', '좋다', '보다', '흥', '하다']"
411,박준성,진짜 추한건 팬도 아닌데 댓글 상시 모니터링하면서 비추박는거^^,"['진짜', '추하다', '팬', '아니다', '댓글', '상시', '모니터링', '하다', '비추다', '박다']"
412,Miracle_Buddy,"진정한 대중픽 볼사
이대로 계속 올라가자","['진정하다', '대중', '픽', '보다', '계속', '올라가다']"
413,rhen,"아니 방탄팬은 아닌데 비추가 많은 이유가 뭔지 아시나요ㅋㅋㅋ 누가봐도 방탄을 저격하는듯한, 비꼬는듯한 댓글을 다시니까 비추가 많아지는겁니다ㅋㅋ
무슨 방탄순위떨어진다, 볼사노래가 더 좋아! 방탄보다 볼사가 짱이다! 이런식으로 쓰고 심지어 닉네임을 방탄비꼬는 닉네임으로 해놓았던데 누가 비추를 안누릅니까?","['아니다', '방탄', '팬', '아니다', '비추가', '많다', '이유', '뭐', '알다', '누가', '보다', '방탄', '저격', '하다', '비꼬다', '댓글', '다시', '비추가', '많아지다', '겁니다', '무슨', '방탄', '순위', '떨어지다', '보다', '노래', '더', '좋다', '방탄', '볼', '사가', '짱', '식', '쓰다', '심지어', '닉네임', '방탄', '비꼬다', '닉네임', '하다', '누가', '비추다', '누르다']"
414,코콧ㅇ,노래가 좋아서 그런지 올라가나봐요^ㅁㅠ 서로파이팅해요!,"['노래', '좋다', '그렇다', '올라가다', '보다', '서로', '파이팅', '해']"
415,YUJIN1227,올라오시오,['올라오다']
416,je_taime,볼사 노래 항상 너무 좋아해요 이번에도 잘 듣고 있습니다♡,"['보다', '노래', '항상', '좋아하다', '이번', '자다', '듣다', '있다']"
417,10월의_망개,볼사 노래 진짜 좋은데 여기서 왜 타가수 비방을해요; 추하게,"['보다', '노래', '진짜', '좋다', '여기', '왜', '가수', '비방', '을해', '추하다']"
418,joyfulhaha,본인이 작사 작곡한 노래를 부르는 기분 얼마나 좋을까요^^ 가사도 멜로디도 목소리도 넘나 예뻐요~~,"['본인', '작사', '작곡', '노래', '부르다', '기분', '얼마나', '좋다', '가사도', '멜로디', '목소리', '넘다', '예쁘다']"
419,Su_shi,여기서 비방댓글 달지맙시다 추해보여요,"['여기', '비방', '댓글', '달지맙시', '추', '해보다']"
420,Gkstkd,응원은 하되 타가수 비방은 하지말자... 같은팬으로써 추하게보여..,"['응원', '되다', '가수', '비방', '하다', '같다', '팬', '추하다', '보이다']"
421,aituo0,"대체 우리 한국의 아이돌,가수 들이 어떻게 해야 같은 한국인에게 인정받을 수 있나요? 유튜브에 외국인들이 반응 하는거보면 영어가사 따라하고 다 알아듣는 듯한데 왜 우리나라 사람들만 유독 그래요? 발음 이정도면 좋은거 아닌가 본토가 한국인데 얼마나 발음을 잘해야되요??","['대체', '우리', '한국', '아이돌', '가수', '들이다', '어떻다', '하다', '같다', '한국인', '인정받다', '수', '있다', '유튜브', '외국인', '반응', '하다', '보다', '영어', '가사', '따르다', '알아듣다', '듯', '데', '왜', '우리나라', '사람', '유독', '그렇다', '발음', '정도', '좋다', '거', '아니다', '본토', '한국', '얼마나', '발음', '하다', '요']"
422,eleup,이좋은 노래가 8등으로 내려오다니.. 맘이아프다..ㅠㅠ,"['이', '좋다', '노래', '내려오다', '맘', '아프다']"
423,탈퇴한 회원,볼사 다시 1위로돌아가자,"['보다', '다시', '위로', '돌아가다']"
424,종이비둘기,전주부분 그거 뭐지 부처핸썸인가 스님들이 랩하는거 생각남ㅋㅋ,"['전주부', '그거', '뭐', '부처핸썸', '스님', '랩', '하다', '생각나다']"
425,Mal_lang,앞부분 약간 동물의 숲 느낌난당,"['앞', '부분', '약간', '동물', '숲', '느낌', '당']"
426,Bollove,무한스밍 가즈아~~~~~~,"['무한', '스밍', '가즈']"
427,gamsungchoong,볼사 진짜 음원강잔데 위에는 얼마나 화력이쎈거임,"['보다', '진짜', '음원', '강', '자다', '위', '얼마나', '화', '쎄다', '임']"
428,슈아,오랫동안 끊겨있던 봄노래 라인을 계승하는 노래네요 ㅎㅎ 안지영 음색이 달달한 노래에 참 잘 어울리는 듯,"['끊기다', '봄', '노래', '라인', '계승', '하다', '노랗다', '안지영', '음색', '달달', '노래', '차다', '자다', '어울리다', '듯']"
429,05070503,** 노래 좋은데 왜 난리야 ;;,"['노래', '좋다', '왜', '난리']"
430,클래오밥주라,발음좀 똑바로 하라 ㅡㅡ,"['발음', '좀', '똑바로', '하라']"
431,Angel_In_Us,아....순위 떨어졌다ㅠㅠㅠ 위에분들 화력 진짜 쎄시네요,"['순위', '떨어지다', '위', '분', '화', '진짜', '쎄다']"
432,ViaVerry,"벚꽃도 뭐고 다 필요없어~~~
이부분 귀여워요","['벚꽃', '뭐', '필요없다', '부분', '귀엽다']"
433,킴미히75,방탄을 버텨내는 볼빨사 클라쓰,"['방탄', '버티다', '볼', '빨다', '크다', '쓰다']"
434,aizodl,담주 날 따뜻해지고 그러면 또 이거 쭉쭉 올라갈 것 같다 하지만 난 시험 기간이지 -☆,"['담다', '날', '따뜻하다', '또', '거', '쭉쭉', '올라가다', '것', '같다', '난', '시험', '기간']"
435,토롱킴,넘무상큼해,"['넘다', '무상', '크다']"
436,봄은a,"다시 1위했으면 좋겠다
작년 여행처럼","['다시', '위', '하다', '좋다', '작년', '여행']"
437,이름없음.1,볼사도 대단하네...,"['볼', '사도', '대단하다']"
438,남쳐흘러,살아남았다 ㄷㄷ,['살아나다']
439,류다현임,와 살아남았누,"['오다', '살아나다', '누']"
440,진소리.,공격을 이겨내야한다,"['공격', '이기다', '야하다']"
441,도리도리보리보리,전부터 볼사 노래 좋다고 생각했었는데 이건 너무 좋잖아요ㅠㅠㅠㅠㅠㅠ 지영언니 천재 사랑해요ㅠㅠㅠㅠㅠㅠㅠㅠㅠ,"['전', '보다', '노래', '좋다', '생각', '하다', '것', '좋다', '지영', '천재', '사랑', '하다']"
442,상놈_김첨지,안지영님은 설렘이라는 감정을 의인화 한거같아요...노래 미쳤네 진짜...★ 계속 듣고있어요,"['안지영', '설레다', '감정', '의인화', '거', '같다', '노래', '미치다', '진짜', '계속', '듣다']"
443,재훈이메론,들으면 기분이 좋아지네요,"['들다', '기분', '좋아지다']"
444,Kdh0304,볼사 콘서트를 기대하며 곡 많이 들어놔야지..,"['보다', '콘서트', '기대하다', '곡', '들다', '놓다']"
445,루즈오리,"와 작사 안지영 천재
가사보다가 소름
나만 보고 싶어 나만봄","['오다', '작사', '안지영', '천재', '가사', '가다', '소름', '나', '보고', '싶다', '나', '봄']"
446,닉네임할거없다ㅏ,좋아요,['좋다']
447,yujin8471,들어도들어도 질리지 않는다,"['들다', '들다', '질리', '않다']"
448,모A_In스피릿,"우주를 줄께 떡상!!(대박)
->참고로 지니차트임","['우주', '줄', '떡', '대박', '참고', '지니', '차트', '임']"
449,러브95z,"너와 걸을 수 있다면 부분
너무 청량하다...
재생 다운로드
나만, 봄
볼빨간사춘기
사춘기집Ⅰ 꽃기운","['너', '걸', '수', '있다', '부분', '청량하다', '재생', '다운로드', '나', '봄', '볼', '빨갛다', '사춘기', '사춘기', '집', '꽃', '기운']"
450,독도리1,"매일 봄○☆
이유없이 보임&♧","['매일', '봄', '이유', '보임']"
451,탐욕의떼껄룩,무서워서 네 곁을 맴돌고 있는난~ 부분이랑 나들이갈까의 이대로의 나는 네가 그런걸~ 이랑 똑같네요 ㅋㅋㅋㅋ그냥 다른버전같음,"['무섭다', '네', '곁', '맴돌다', '있다', '부분', '나들이', '갈다', '의', '이', '나', '네', '걸', '똑같다', '그냥', '버전', '같다']"
452,Sss0221,노래 너무좋아유ㅠㅠㅠ,"['노래', '좋다']"
453,Wooolllll,띵곡 맞지 이건 맞지,"['띵곡', '맞다', '것', '맞다']"
454,기맘빈,"아이코 여기 부들충 왜이리 많누ㅠㅠ
믿듣볼ㅠㅠㅠ","['여기', '부들', '충', '왜', '많다', '누', '믿다', '듣보다']"
455,M.M.L.,딱 붙어서어어~ 할 때 너무 귀엽다,"['붙다', '어어', '하다', '때', '귀엽다']"
456,탈퇴한 회원,"듣다보니 백번 채웠어요. ㅋㅋㅋ
노래 너무 좋다.","['듣다', '보다', '번', '채우다', '노래', '좋다']"
457,주접좀떨지마,노래는 겁나밝은데 왜케 슬프지ㅋㅋㅋ 짝사랑노래라 그런가,"['노래', '겁나다', '밝다', '왜', '슬프다', '짝사랑', '노래', '런가']"
458,라이탕평,볼빨간사춘기 신곡넘 좋아요!,"['볼', '빨갛다', '사춘기', '신곡', '넘다', '좋다']"
459,모찌망개떡국,그냥 1위에 있길래 들었는데 너무 좋아서 깜짝 놀램...,"['그냥', '위', '있다', '들다', '좋다', '깜짝', '놀래다']"
460,최수빈개귀엽다,볼빨간사춘기 요번 신곡 넘 좋아여❤❤ 믿고 듣는 볼빨간사춘기!!,"['볼', '빨갛다', '사춘기', '번', '신곡', '넘다', '좋다', '믿다', '듣다', '볼', '빨갛다', '사춘기']"
461,채아찌-,1위 지켜요오 ! 볼빨간 사춘기 예전부터 좋아했는데 이번 곡도 히트쳤네요 -,"['위', '지키다', '오', '볼', '빨갛다', '사춘기', '예전', '좋아하다', '이번', '곡', '히트치다']"
462,닉네임 없음,노래가 주옥같아요,"['노래', '주옥', '같다']"
463,쌈자와의3자대면,"코드랑 비트가 하나도 단조롭지가않고
목소리랑 진짜 잘어울려서
엄청난곡이되엇네","['코드', '비트', '하나', '단조롭다', '않다', '목소리', '진짜', '어울리다', '엄청나다', '곡', '되다', '엇네']"
464,정승냥,이 노래만 하루 1시간이상씩 듣는다 미쳤다;;,"['이', '노래', '하루', '듣다', '미치다']"
465,이상해시_,1위 지킵시다 ㅠㅠ,"['위', '지키다']"
466,꿔바로우97,안지영 돈 어마무시하게 벌듯,"['안지영', '돈', '어마', '무시', '벌다']"
467,19980324.,밝는 이 노래가 왜 술만 마시면 슬프게 생각나는지 모르겠다...ㅠㅠ,"['밝다', '이', '노래', '왜', '술', '말다', '슬프다', '생각나다', '모르다']"
468,H.Crsepo,"봄밤에 듣기 좋은 노래 추천합니다. 완전 명곡~
재생 다운로드
With You
August
With You","['봄밤', '듣기', '좋다', '노래', '추천', '하다', '완전', '명곡', '재생', '다운로드']"
469,robincy,노래 짱 좋다...♥,"['노래', '짱', '좋다']"
470,Ares32,이곡 킬링파트는 딱 붙어서~~ 이거인듯 짱좋당,"['이곡', '킬링', '파트', '붙다', '거인', '듯', '좋다']"
471,수민,아니 머지... 노래왜케조아.....,"['아니다', '머', '노래', '왜']"
472,맷돌_손잡이,"여기에도 팬코와 어그로가 많네요
'뷔마에이쓰땅'은 타가수의 팬 닉넴 사칭해서 어그로 끄는 분입니다. 그런 관종은 무시하고 신고만해주세요:) 신고 누적쌓이면 관리자에 의해 바로 삭제됩니다. 어그로글에는 먹금유지가 답!","['여기', '팬코', '어그', '로', '많다', '뷔마', '에이', '쓰다', '땅', '은', '타가', '수의', '팬', '닉넴', '사칭', '하다', '어그', '끄다', '분', '이다', '그렇다', '관', '종은', '무시', '신고', '해주다', '신고', '누적', '쌓이다', '관리자', '의하다', '바로', '삭제', '되다', '어그', '글', '먹다', '금', '유지', '답']"
473,Bostonmit,1주일째 지붕킥 일간100만유지 ㄷ,"['주일', '지붕킥', '일간']"
474,ghchoi0190,"초반부 이건줄 알았네
재생 다운로드
사랑이 뭔데
서현진, 유승우
또 오해영 OST Part.3","['초반', '부', '것', '은줄', '알다', '재생', '다운로드', '사랑', '뭐', '서현진', '유승우', '또', '오해', '영']"
475,김선우,아니이ㅠㅜㅜ너무좋자너ㅜㅠ이거 30분째 듣고있다고ㅠㅠㅜㄴ,"['아니다', '좋다', '너', '거', '듣다']"
476,DDDD--,노래넘좋다ㅠㅠ,"['노래', '넘다', '좋다']"
477,Miracle_Buddy,이 띵곡... 전쟁터 4월 내내 1위였음 좋겠다...,"['이', '띵곡', '전쟁', '터', '내내', '위', '이다', '좋다']"
478,할거없따아,자꾸 생각나서 들으러옴 볼사가 호불호가 제일 없는듯 흥해라,"['자꾸', '생각나다', '들다', '옴', '볼', '사가', '호불호', '제일', '없다', '흥', '하다']"
479,aituo0,"올해 봄, 부동의 1위가자 ㅠ","['올해', '봄', '부동', '위', '가다']"
480,K-HOPE,볼4 이번노래 진짜 대박이예요~ 창법도 좀 부드럽고 세련돼진거 같고.. 이대로 쭉~~~ 1위 하길 기도할께요!!,"['볼', '이번', '노래', '진짜', '대박', '창법', '좀', '부드럽다', '세련', '돼다', '같다', '쭉', '위', '하다', '기도', '하다']"
481,shsjsnsbdhdhd,믿고 듣는 볼사,"['믿다', '듣다', '보다']"
482,탈퇴한 회원,그녀들의 한계는 어디까지..아직도 이용자수 100만명 ㄷㄷ 역시 대중픽,"['그녀', '한계', '어디', '이용', '자수', '역시', '대중', '픽']"
483,Palette__,나온지 쫌됬는데또 지붕킥...???드애박,"['나오다', '쫌', '되다', '또', '지붕킥', '드애박']"
484,남탓하면여눈감,볼빨 노래 좋아하진않는데 이건 존내좋네,"['볼빨', '노래', '좋아하다', '않다', '것', '존내', '좋다']"
485,이솔미,"이 곡이 생각나는 도입부의 곡
둘의 분위기가 비슷한것같아요!!
재생 다운로드
사랑이 뭔데
서현진, 유승우
또 오해영 OST Part.3","['이', '곡', '생각나다', '도입', '부의', '곡', '둘', '분위기', '비슷하다', '같다', '재생', '다운로드', '사랑', '뭐', '서현진', '유승우', '또', '오해', '영']"
486,shinrwea,볼빨간 막강하네ㅋㅋㅋ노래굿,"['볼', '빨갛다', '막강', '하다', '노래', '굿']"
487,reminiscence11,도입부가 너무좋다 ㅜㅜㅜㅜ,"['도입', '부가', '좋다']"
488,spring2051,"감사해요
Can't stop repeating this song ㅠㅠㅠㅠ",['감사하다']
489,메렁밥,"댓글창에 악플 조금 있는데 전혀 상처 받지마세요!
이번에도 좋은노래 들려줘서 너무 고마워요ㅜㅜ
항상 응원하고 사랑해여","['댓글', '창', '악플', '조금', '있다', '전혀', '상처', '받다', '말다', '이번', '좋다', '노래', '들려주다', '고맙다', '항상', '응원', '사랑', '하다']"
490,xkskakzk,"도입부는 비슷하네요 ㅎㅎ
재생 다운로드
사랑이 뭔데
서현진, 유승우
또 오해영 OST","['도입', '불다', '비슷하다', '재생', '다운로드', '사랑', '뭐', '서현진', '유승우', '또', '오해', '영']"
491,독도리1,"또 봄
또또 봄

보이니까... 봄","['또', '봄', '또또', '봄', '보이', '봄']"
492,H.Crsepo,"벚꽃구경할때 이거보단 이노래 추천ㅋㅋ이미 알사람은 다 아는 노래
재생 다운로드
Clean & Dirty
Harvard
Lesson","['벚꽃', '구경', '하다', '때', '거', '이노', '추천', '알', '사람', '알다', '노래', '재생', '다운로드']"
493,opop841,바보 선샤인으로 들린다,"['바보', '선샤인', '들리다']"
494,빈틈없이살,가사가 너무 감동이 없네요. 울림은 좋은데 너무 울림만 신경쓴듯...,"['가사', '감동', '없다', '울림', '좋다', '울림', '신경', '쓸다']"
495,fran0416,처음엔 그저 그랬는데 쇼핑몰에서 들리는 노래가 너무 좋아서 계속 듣고 있음ㅋㅋ,"['처음', '쇼핑몰', '들리다', '노래', '좋다', '계속', '듣다', '있다']"
496,21년8월7일전역,"짱모♡안지영
재생 다운로드
Can't you see I'm a rockstar? (Feat. Paul Blanco)
창모 (CHANGMO)
닿는 순간","['모', '안지영', '재생', '다운로드', '창모', '닿다', '순간']"
497,까내려,"아무리 좋은노래라도 볼사는 넘사 ,,","['좋다', '노래', '볼', '살다', '넘다']"
498,21년8월7일전역,"해당 음원의 수익금은 소방 및 화재 피해 관련 단체에 기부됩니다.
재생 다운로드
119 REMIX
Various Artists
119 REMIX","['해당', '음원', '수익금', '소방', '및', '화재', '피해', '관련', '단체', '기부', '되다', '재생', '다운로드']"
499,어린왕자알렉산더,딱붙어서~ 할때 목소리 하..,"['붙다', '하다', '때', '목소리']"
500,알빠업자나용,노래 낼때마다 레전드 ...,"['노래', '낼때', '레전드']"
501,지오공,15732인 블핑이랑 60000넘는 우리랑 역대급 차이다ㄷㄷ,"['인', '블핑', '넘다', '우리', '역대', '차이']"
502,서진,진짜 볼사 최고 ㅠㅠ ❤️,"['진짜', '보다', '최고']"
503,가을가려고,"너무 좋아요!
봄 분위기 선선하게 불어오네요~^^
재생 다운로드
나만, 봄
볼빨간사춘기
사춘기집Ⅰ 꽃기운","['좋다', '봄', '분위기', '선선', '하다', '불어오다', '재생', '다운로드', '나', '봄', '볼', '빨갛다', '사춘기', '사춘기', '집', '꽃', '기운']"
504,김진우,달다 달아,"['달다', '달']"
505,디질롯,갓띵곡 너무조음 ㅠㅠ,"['갓띵곡', '조음']"
506,갓친버디포레버_MAGO,"항상 좋은 노래 내주셔서 감사합니다❤ 늘 응원할께요!!
재생 다운로드
나만, 봄
볼빨간사춘기
사춘기집Ⅰ 꽃기운","['항상', '좋다', '노래', '내주다', '감사하다', '늘', '응원', '하다', '재생', '다운로드', '나', '봄', '볼', '빨갛다', '사춘기', '사춘기', '집', '꽃', '기운']"
507,재현아제발결혼하자,ㅠㅠ 상황이 나 같아서 공감되는 부분도 있음 ㅠㅠㅠㅠㅠㅠㅠㅠㅠ 슬푸당,"['상황', '나', '같다', '공감', '되다', '부분', '있다', '슬푸당']"
508,재현아제발결혼하자,ㅠㅠㅠㅠㅠㅠ우주를 줄게 이후로 최애곡 ㅠㅠㅠㅠㅠㅠㅠㅠㅠㅠㅠㅠㅠㅠㅠㅠㅠㅠㅠㅠㅠㅠㅠㅠㅠㅠㅠㅠㅠ너무좋아ㅠㅠㅠㅠㅠㅠㅠㅠㅠㅠㅠㅠㅠ,"['우주', '줄', '이후', '최애', '곡', '좋다']"
509,옴몽곰문,요즘 계속 맴돌아서 일상생활이 안돼요ㅠㅠㅠ 볼사 음색은 진짜 독보적,"['요즘', '계속', '맴돌다', '일상생활', '돼다', '보다', '음색', '진짜', '독보']"
510,nuremberg,왜 눈물이 나는지..,"['왜', '눈물', '나다']"
511,JJJHHHHHHHH,처음 들을 때 노래전개가 지루해서 안듣고 있었는데 앞부분 맬로디가 계속 생각나서 듣다보니깐 중독되버림,"['처음', '들다', '때', '노래', '전개', '지루하다', '듣다', '있다', '앞', '부분', '매다', '로디', '계속', '생각나다', '듣다', '보', '중독', '되다', '버리다']"
512,Lycin,조아 죠아,['좋다']
513,모A_In스피릿,"<1월초>
1위: 넘쳐
2위: 12시
3위: (360÷2)도
4위: got dragon ash
5위: sO1o

<현재: 4월초>
1위: 나만, 봄
2위: 죽여(??) 이 사랑
3위: 4계
4위: 별 보러 갈래?
5위: 사wol2 지나면 uri 해어져yo

차트 변동 오지는 군(근데 그걸 우리 볼4가 집권ㅋㅋ 대박)","['위', '넘치다', '위', '위', '도', '위', '위', '현재', '위', '나', '봄', '위', '죽이다', '이', '사랑', '위', '계', '위', '별', '보다', '갈래', '위', '사', '지나다', '해어지다', '차트', '변동', '오지', '군', '우리', '볼', '가다', '집권', '대박']"
514,Stray_77,나온지 3일이 지났는데도 이용자 100만 실화냐,"['나오다', '지나다', '이용자', '실화']"
515,Leegwonsang,안졍 목소리 독보적,"['안졍', '목소리', '독보']"
516,아이유-사랑해,볼빨간사춘기는 사랑입니다!❤,"['볼', '빨갛다', '사춘기', '사랑', '이다']"
517,J.ihy.e,백만명 ㅁㅊ ㅋㅋㅋㅋ,['백만']
518,호호롤로롤로,필요없소,['필요없다']
519,광환,처음부분 사랑이 뭔데랑 개 비슷하다,"['처음', '부분', '사랑', '데', '개', '비슷하다']"
520,탈퇴한 회원,노래나온이후로 쭉 이용자수 100만이상이네 갓이다,"['노래', '이후', '쭉', '이용', '자수', '갓']"
521,바선,나만 바보 선샤인 들었나? ㅋㅋㅋㅋ,"['나', '바보', '선샤인', '들다']"
522,문성현,믿듣볼,"['믿다', '듣보다']"
523,봄향기_가득한,믿고 듣는 볼빨간사춘기ㅠㅠㅜㅠㅠ❤,"['믿다', '듣다', '볼', '빨갛다', '사춘기']"
524,코코넛--,이게 제일 좋아..ㅜ,"['이', '제일', '좋다']"
525,연다린,넘 좋아,"['넘다', '좋다']"
526,KSECMHSA,ㄹㅇ띵곡임 믿고듣는볼사,"['띵곡임', '믿다', '듣다', '보다']"
527,luffy778,블핑이 1위 못하는 이유 나만 봄 재생버튼 누르면 알게됨,"['블핑', '위', '하다', '이유', '나', '봄', '재생', '버튼', '누르다', '알', '되다']"
528,탈퇴한 회원,아니 무슨 아직도 이용자 수 100만이냐? 이게 대중성인가,"['아니다', '무슨', '이용자', '수', '이', '대중성']"
529,은버11,항상 느끼는 거지만 볼빨간사춘기음악은 바닐라 아이스크림 먹는느낌이에요 ㅎㅎ 넘좋네요,"['항상', '느끼다', '거지', '볼', '빨갛다', '사춘기', '음악', '바닐라', '아이스크림', '먹다', '느낌', '넘다', '좋다']"
530,탈퇴한 회원,"블핑 타이틀이랑 댓글 수만 500개가 넘는 차이가 나는데, 그런 곡을 지탱하고 1위에 있네 ;; 대중성이 뭔지 확실히 알고 간다","['블핑', '타이틀', '댓글', '수만', '개', '넘다', '차이', '나다', '그렇다', '곡', '지탱', '위', '있다', '대중성', '뭐', '확실하다', '알', '간다']"
531,종이잉간,바보션샤인으로 들리네,"['바보', '션', '샤인', '들리다']"
532,Bollove,응 블랙핑크 볼사한테 못이겨,"['응', '블랙', '핑크', '볼사', '이기다']"
533,뿌숭뿌슝,봄스러운 노래..자꾸 멜로디가 생각나..,"['봄', '노래', '자꾸', '멜로디', '생각나다']"
534,lovejlove,"나만 후렴구 바보선샤인 으로 들리냐?
진심 야들 곡은 좋은게 몇인긴한데
영어발음이 졸1라 이상해 저번곡도 생리통 으로 들리고 에휴....","['나', '후렴구', '바보', '선샤인', '들리다', '진심', '들다', '곡', '좋다', '은', '몇', '기다', '영어', '발음', '졸', '이상하다', '저번', '곡', '생리통', '들리다']"
535,지수레게노,이용자수 100만 넘은거 실화!!?,"['이용', '자수', '넘다', '실화']"
536,10월의_망개,노래 진짜 너무 좋아요ㅠㅜ,"['노래', '진짜', '좋다']"
537,탈퇴한 회원,대박이당 무조건1위얌 기여운 볼사언니들~~♡♡,"['대박', '당', '무조건', '위얌', '귀엽다', '보다', '언니']"
538,designerkk,다른 싸람 타 사라쳐라 나만 폼,"['다른', '싸람', '타', '사라', '치다', '나', '폼']"
539,주매미씨,절대 안듣기 기능은 없나?,"['절대', '듣다', '기능', '없다']"
540,월드와이드핸섬_,근래 1위 찍은 곡들 중 제일 내 취향이에요~,"['근래', '위', '찍다', '곡', '중', '제일', '내', '취향']"
541,태-,벌써 티비에 나오네 좋다ㅠㅠ,"['벌써', '티비', '나오다', '좋다']"
542,망개남,"이것도좋지만 별보러갈래가 대박임
1,2위 둘다먹즈아
재생 다운로드
별 보러 갈래?
볼빨간사춘기
사춘기집Ⅰ 꽃기운","['것', '좋다', '별', '보다', '갈래', '대박', '임', '위', '두다', '먹다', '아', '재생', '다운로드', '별', '보다', '갈래', '볼', '빨갛다', '사춘기', '사춘기', '집', '꽃', '기운']"
543,찐만두두개,예전부터 느낀건데 바닐라맨이 진짜 음악성이 뛰어난거같아영 천재라는걸 실감,"['예전', '느끼다', '바닐라', '맨', '진짜', '음악', '뛰어나다', '같다', '아영', '천재', '는걸', '실감']"
544,노논노가,"목소리가 그냥 아무거나 불러도 다 좋다.

봄처럼 상큼해진다. 뭘 불러도.","['목소리', '그냥', '거나', '불다', '좋다', '봄', '상큼', '하다', '뭘', '불다']"
545,이연우,목소리가 넘 좋아여 :),"['목소리', '넘다', '좋다']"
546,닉네임 없음,무슨노래든 음색이 다 똑같은 빨춘기,"['노래', '음색', '똑같다', '빨', '춘기']"
547,야채더미,"이 노래 표절인거같은데??????

후렴부분 나만 봄이랑 우연히봄 완전빼박!

20초부분
재생 다운로드
우연히 봄
로꼬, 유주 (여자친구)
아티스트 더보기
냄새를 보는 소녀 OST Part.2","['이', '노래', '표절', '같다', '후렴', '부분', '나', '봄', '봄', '완전', '빼박', '재생', '다운로드', '봄', '로꼬', '유주', '여자친구', '아티스트', '더', '보기', '냄새', '보다', '소녀']"
548,K-HOPE,다들 화이팅 해서 쭉~ 1위 지켜봐요!!!!!,"['들다', '화이팅', '하다', '쭉', '위', '지켜보다']"
549,무지1w128a,조아요 ❤,['좋다']
550,spring2051,진짜 좋다!!!,"['진짜', '좋다']"
551,인둥이,그녀들이 오고있슴다 열스밍합시당,"['그녀', '오다', '스밍', '하다']"
552,이승원,블핑팬인데 이노래는 진짜 좋네요 ㅎㅎ,"['블핑팬', '노래', '진짜', '좋다']"
553,야경속으로,"노래 참 좋네요..
벚꽃도 뭐고 다 필요 없오~","['노래', '차다', '좋다', '벚꽃', '뭐', '필요', '없다']"
554,탈퇴한 회원,아직도 이용자 수 100만 넘네 ㄷㄷ,"['이용자', '수', '넘다']"
555,독도리1,"너도, 봄☆

♤
봄봄&&","['너', '봄', '봄봄']"
556,탈퇴한 회원,계속 쭉 1위 가즈아~~,"['계속', '쭉', '위', '가즈']"
557,habaro,노래가 너무 이쁘다 넘 조아,"['노래', '이쁘다', '넘다']"
558,rlawjddntkfkdgo,진짜 봄이 옴을 느끼게 해주는 노래❤️,"['진짜', '봄', '옴', '느끼다', '해주다', '노래']"
559,SeWooo,이게 진짜지..힐링하고갑니다,"['이', '진짜', '힐링', '가다']"
560,9end.2out,"댓글 잘 안남기는데
띵곡이다 띵곡
설레네요~","['댓글', '자다', '남기다', '띵곡', '띵곡', '설레다']"
561,iama882,와 지금 햇살 따뜻할 때 들으니까 이게 힐링인가 싶음. 진짜 봄 오는 느낌..,"['오다', '지금', '햇살', '따뜻하다', '때', '들다', '이', '힐링', '싶다', '진짜', '봄', '오다', '느낌']"
562,EnNaSeng,킬링파트:딱붙어서~~,"['킬링', '파트', '붙다']"
563,유e나,블핑도 막는 볼사!!!,"['블핑', '막다', '보다']"
564,나는흰둥이다,이번 앨범 뭔가 다른 앨범들 보다 다 가사가 잘들린당 노래 너무 좋앙요ㅠㅠㅠㅠㅠㅠㅠ,"['이번', '앨범', '뭔가', '다른', '앨범', '보다', '가사', '들리다', '노래', '좋앙']"
565,하태양,"봄에 듣기 진짜 좋아요 필수로 다운 해야하는 노래에용!! 남자 볼빨간사춘기!!
재생 다운로드
우리의 봄
KANU (하태양)
우리의 봄","['봄', '듣기', '진짜', '좋다', '필수', '다운', '하다', '노래', '용', '남자', '볼', '빨갛다', '사춘기', '재생', '다운로드', '우리', '봄', '태양', '우리', '봄']"
566,jp.p,이분들이 인기가 많아지긴했나보군 질투공격글들 보니,"['이분', '인기', '많아지다', '하다', '보다', '질투', '공격', '글', '보다']"
567,wlsah839,"오랜 기다림에 만난 곡
듣다보면 저절로 미소 짓게 되고 기분이 좋아져요
행복해지는 노래에요
정말 좋아해요","['기다림', '만난', '곡', '듣다', '보다', '저절로', '미소', '짓다', '되다', '기분', '좋아지다', '행복하다', '노래', '정말', '좋아하다']"
568,doebfo,나만 봄보다 별보러 갈레 노래가 더 봄 노래 같다고 하시는데 어짜피 둘다 타이틀이니 상관없다는것! 노래 넘 좋다!,"['나', '봄', '별', '보다', '갈레', '노래', '더', '봄', '노래', '같다', '하다', '두다', '타이틀', '상관없다', '노래', '넘다', '좋다']"
569,할머니3912,"이거 시작 도입부가 익숙하다 싶었는데,
GOT7 HEY랑 비슷하네...!
재생 다운로드
HEY
GOT7 (갓세븐)
FLIGHT LOG : TURBULENCE","['거', '시작', '도입', '부가', '익숙하다', '싶다', '비슷하다', '재생', '다운로드', '갓세븐']"
570,킹맥콜,뭐라는지 모르겠어서 가사보니깐 플라워 선샤인 완벽한 하루를이었네,"['뭐라다', '모르다', '가사', '보', '플라워', '선샤인', '완벽하다', '하루', '이다']"
571,화짱나,봄 햇살 맞으며 벚꽃 비 내리는 거리 걷는데 이 노래 들으니까 너무 행복하다,"['봄', '햇살', '맞다', '벚꽃', '비', '내리다', '거리', '걷다', '이', '노래', '들다', '행복하다']"
572,ki8695,노래 내주어서 감사합니다,"['노래', '내주다', '감사하다']"
573,JaysonTatum,"나만 봄 이거의미가 나만 그사람 본다는거랑
그 사람을 나만 바라보니까 나만 봄(계절)이라는 뜻 2가지
맞나여??
이거 땜시 짝사랑 하면 겁나 공감되는듯요ㅠㅠ
노래 좋아요","['나', '봄', '거의', '미가', '나', '사람', '보다', '그', '사람', '나', '바라보다', '나', '봄', '계절', '뜻', '가지', '맞다', '거', '땜시', '짝사랑', '하다', '겁나다', '공감', '되다', '듯', '노래', '좋다']"
574,노래노랭ㅇ,개조앙,"['개', '조앙']"
575,낸내_,역시 일단 믿고 듣는다,"['역시', '일단', '믿다', '듣다']"
576,ljh13027,아 노래 너무 잘나왔다,"['노래', '잘나오다']"
577,seraphic_00,"도입부 이거랑 비슷한거같당
재생 다운로드
하기나 해 (Feat. Loco)
GRAY (그레이)
grayground. 01","['도입', '부', '거', '비슷하다', '같다', '재생', '다운로드', '하다', '해', '그레이']"
578,얼짱명키,"요약하면 구걸신라충 일루미나티답게 다급히 인간상전들 앞에서 봄 타령하는 자리바꾸기 구걸용 발버둥에, 나머지 정상적인 인간상전들을 혐오하는 '다른 사람은 필요없다.'에 인간상전들의 진취성으로 세계에 기여한 일본에 대한 열폭성 자기혐오를 벚꽃도 필요없다고 드러낸 거죠?

곤충만도 못한 견쌍도이천년구걸족 종특이 물씬~❤️","['요약', '하다', '구걸', '신라', '충', '일루미나티', '답', '다급하다', '인간', '상전', '앞', '봄', '타령', '하다', '자리', '바꾸다', '구걸', '용', '발버둥', '나머지', '정상', '인간', '상전', '혐오', '하다', '다른', '사람', '필요없다', '인간', '상전', '진취', '세계', '기여', '일본', '대한', '열폭', '자기혐오', '벚꽃', '필요없다', '드러내다', '거', '곤충', '못', '견쌍', '천년', '구걸', '족', '종특', '물씬']"
579,얼짱명키,[선플] 각본대로 만들어진 구걸신라충 일루미나티 주제에 너무 분수넘게 인간상전들 앞에서 봄 운운하네.,"['선', '각본', '만들어지다', '구걸', '신라', '충', '일루미나티', '주제', '분수', '넘다', '인간', '상전', '앞', '봄', '울다']"
580,정영도,치.. 안나가,"['치', '안나']"
581,슈저이이,미칭 노래 개져아ㅠ ㅠ 기분좋다 봄이 왔구나~~~,"['미칭', '노래', '개다', '기분', '좋다', '봄', '오다']"
582,Holyfuxxking__,왜 나는 맨처음부분에 음란마귀가 꼈는가,"['왜', '나', '처음', '부분', '음란', '마귀', '끼다']"
583,Vs원,살다살다 100만 넘은건 처음보네 좋으다...♡,"['살다', '살다', '넘다', '처음', '보다', '좋다']"
584,딩슈,상큼하니 너무 조아용!!♡♡,"['상큼', '하다', '좋다']"
585,물파스다마셔,그냥 좋다,"['그냥', '좋다']"
586,하하하하하씨이바아아알,진쩌 노래 너뮤 좋아요 빨리 외워서 부르고싶다,"['진쩌', '노래', '뮤', '좋다', '외우다', '부르다']"
587,황인범,매년 볼사노래는 신이랑같이만든건가. 비트랑 계절완전 어울리네,"['매년', '보다', '노래', '신', '만들다', '건가', '비트', '계절', '완전', '어울리다']"
588,케라와잉,깍붙어서 |~~보길ㄹ다,"['붙다', '보다']"
589,케라와잉,애인적으로 딱붙어서 가 듣기싫다,"['애인', '붙다', '가다', '듣기', '싫다']"
590,꽃길만걷는달뇽탱,노래가 사랑스러워요~!!,"['노래', '사랑스럽다']"
591,느아아앙아앙,치유된다,"['치유', '되다']"
592,진_수연,사랑이 뭔데 듣다가 이 노래 들었는데 도입부 감성이 비슷해서 노래 안넘어간줄 알았네요ㅋㅋ,"['사랑', '뭐', '듣다', '이', '노래', '들다', '도입', '부', '감성', '비슷하다', '노래', '넘어가다', '알다']"
593,omar1121,"가사가 너무 공감되서 좋아요ㅠㅠ
진짜 짝사랑하는 사람있으면 공감되는 노래 ㅠㅠ","['가사', '공감', '되다', '좋다', '진짜', '짝사랑', '하다', '사람', '있다', '공감', '되다', '노래']"
594,탈퇴한 회원,너무 좋음 ㅠㅠ 안지영 작사 어쩔,"['좋다', '안지영', '작사']"
595,플로나잇,오래 기다렸지않녕 그거생각난다,"['기다리다', '않다', '녕', '그거', '생각나다']"
596,BTOB_mellody._.,진짜볼빨간 사춘기 노래는 언제나 차트 정복 노래 너뮤 됴아❤️,"['진짜', '볼', '빨갛다', '사춘기', '노래', '차트', '정복', '노래', '뮤', '됴']"
597,오늘은어제의내일,딱부터서~,['부터']
598,Daniel_cho,사춘기 소녀감성 그대로 계속 갑시다~! 응원해요♡,"['사춘기', '소녀', '감성', '그대로', '계속', '가다', '응원', '하다']"
599,수호^^,"노래 너무 좋아요~~
상큼(?) 해요.
연예세포가 다시 살아나게 하는 노래네요....","['노래', '좋다', '상큼', '해', '연예세포', '다시', '살아나다', '하다', '노랗다']"
600,인텐션,노래진짜좋아요,"['노래', '진짜', '좋다']"
601,규묭묭,왜이리 아무것도 안했는데 설레지 ><~,"['왜', '것', '하다', '설레다']"
602,쵯지수,"노래 너무 좋다 ㅠㅠㅠㅠ
취향저격","['노래', '좋다', '취향', '저격']"
603,ll링크볼리ll,"아니 ㅋㅋㅋ
악플을 왜 거의 다 똑같은 사람이 다는데
볼빨사 깔려고 그러나 초반 도입부는 돌려쓸수잇어요ㅋㅋㅋ
다 초반 도입부는 만든 사람이 허락하면 너도 쓰고 나도 쓰고 하는거죠","['아니다', '악플', '왜', '거의', '똑같다', '사람', '볼', '빨다', '깔다', '초반', '도입', '불다', '돌리다', '쓸다', '잇다', '초반', '도입', '불다', '만들다', '사람', '허락', '하다', '너', '쓰다', '나다', '쓰다', '하다']"
604,봉블리야,"도입 인트로 5초
재생 다운로드
사랑이 뭔데
서현진, 유승우
또 오해영 OST Part.3","['도입', '인트', '재생', '다운로드', '사랑', '뭐', '서현진', '유승우', '또', '오해', '영']"
605,주약동고릴라,"볼빨간 좋은데 소속사에서 너무 혹사시키지 않았으면. 행사왔는데 진짜 가수라고 하기엔.. 못들어줄 정도의 목상태였음..
그날만 그런게 아니라 속속들이 들려왔었음 목상태 안좋다고... 롱런 해야지요 한철 뽑아먹고 목 맛가면 안되잖아요 ~~","['볼', '빨갛다', '좋다', '소속사', '혹사', '시키다', '않다', '행사', '오다', '진짜', '가수', '하다', '들어주다', '정도', '목', '상태', '이다', '그날', '그렇다', '아니다', '들이다', '들려오다', '목', '상태', '안좋다', '롱런', '하다', '한철', '뽑다', '먹다', '목', '맛', '가면', '안되다']"
606,drch1360,"볼사 1위 너무 자랑스럽다~
항상 응원해~><","['보다', '위', '자랑스럽다', '항상', '응원', '하다']"
607,봉블리야,"초반 인트로가 또 오해영 ost랑 너무 똑같은데;
곡 1절 끊기는거랑 2절들어가는부분이나
중간중간 오묘하게 수정해서 바꿔버린 느낌
근데..표절이라고 하기엔 딱 애매한 경계선을 지켜서 샘플링한 느낌이라고 해야되나..
인트로는 불과 몇초밖에안되지만 그 몇초의 멜로디가 그 곡의 좋고 나쁨을 가릅니다 엄청중요한건데..
들어보세요
사랑이뭔데-서현진,유승우","['초반', '인트로', '또', '오해', '영', '똑같다', '곡', '절', '끊기다', '절', '들어가다', '부분', '중간', '중간', '오묘하다', '수정', '하다', '바꾸다', '버리다', '느낌', '표절', '하다', '애매하다', '경계', '선', '지키다', '샘플링', '느낌', '하다', '나', '인트', '불과', '초', '안되다', '그', '초', '멜로디', '그', '곡', '좋다', '나쁘다', '가르다', '중요하다', '들다', '보다', '사랑', '데', '서현진', '유승우']"
608,탈퇴한 회원,이제 봄캐롤은 이노래다 ㅋㅋㅋ,"['이제', '봄', '캐롤', '노래']"
609,고.자,우와 노래 개좋음!,"['노래', '개', '좋다']"
610,IIIIISSSSSu,이번노래 개잘뽑았네 ㅇㅈ한다,"['이번', '노래', '개', '잘뽑다', '하다']"
611,남베리,여행 이후로 비슷한 노래 스타일 아니게 된거같은데? 노래도 좋긴 한데 솔직히 음색이나 창법이 거의 8할인듯ㅋㅋㅋㅋ 굿굿,"['여행', '이후', '비슷하다', '노래', '스타일', '아니다', '된거', '같다', '노래', '좋다', '솔직하다', '음색', '창법', '거의', '할인', '듯', '굿굿']"
612,whatever_you_do,이번 노래도 성공적..! 너무좋음 ㅠㅠㅠㅠㅠㅠㅠㅠㅠㅠ,"['이번', '노래', '성공', '좋다']"
613,잠_,볼빨간 사춘기 노래 개인적으로는 좋아하지 않은데 이번곡은 진짜 괜찮네요! 잘듣겠습니다!,"['볼', '빨갛다', '사춘기', '노래', '개인', '좋아하다', '않다', '이번', '곡', '진짜', '괜찮다', '듣다']"
614,sjsi,영원히 딱 붙어주세요,"['영원하다', '붙다']"
615,NadiaCassel,갓빨간 사춘기 기다렸습니다!,"['빨', '사춘기', '기다리다']"
616,짜냥하는여친,첫날부터 이용자 수 100만... 대단,"['첫날', '이용자', '수', '대다']"
617,평범한유저얌,"하....진짜 이 노래 들을때마다 너무 좋다..
매일듣는데도 새로운기분
역시 볼빨간사춘기 짱짱!!
계속 흥해라~~!^-^","['진짜', '이', '노래', '들다', '때', '좋다', '매일', '듣다', '새롭다', '기분', '역시', '볼', '빨갛다', '사춘기', '짱짱', '계속', '흥', '하다']"
618,훈발롬,사랑해요 노래 진심 개좋앙ㅠㅠㅠㅠㅠㅠㅠㅠㅠㅠㅠㅠㅠㅠㅠㅠㅠ,"['사랑', '하다', '노래', '진심', '개', '좋다']"
619,yonggary0525,"봄마다 들을 플레이리스트 추가요
설레는 봄노래 만들어줘서 고마워요","['봄', '들다', '플레이', '리스트', '추가', '설레다', '봄', '노래', '만들다', '고맙다']"
620,Ubermcht,너무 좋은거 아니야?,"['좋다', '거', '아니다']"
621,hyo--ni,"얼마나 좋을까
좋아한다고 말하기가 무서워서
이부분 무슨노래랑 비슷한데 뭔지 아시는분","['얼마나', '좋다', '좋아하다', '말', '하다', '무섭다', '부분', '노래', '비슷하다', '뭐', '아시', '분']"
622,보라빛향수,"볼사만의 감성은 따라잡을수가 없다
나중에 성인이 되서 10대를 생각할때 볼사 노래들 몇개는 떠오를거같음 이번 노래도 달달하고 좋아요!
재생 다운로드
나만, 봄
볼빨간사춘기
사춘기집Ⅰ 꽃기운","['볼', '사만', '감성', '따라잡다', '없다', '나중', '성인', '되다', '대다', '생각', '하다', '때', '보다', '노래', '몇개', '떠오르다', '같다', '이번', '노래', '달달', '좋다', '재생', '다운로드', '나', '봄', '볼', '빨갛다', '사춘기', '사춘기', '집', '꽃', '기운']"
623,ssumi9090,"항상 느끼지만
볼빨간은 보컬,멜로디에 비해
가사가 너무 유치하고
거기서 거기..
가사 진짜 못 쓴다","['항상', '느끼다', '볼', '빨갛다', '보컬', '멜로디', '비다', '가사', '유치하다', '거기', '거기', '가사', '진짜', '못', '쓴다']"
624,맘에쏙들어,볼사 누나들 덕분에 올해 봄이 너무 행복할 것 같아요ㅎㅎㅎ 노래해줘서 고마워요!!,"['보다', '누나', '덕분', '올해', '봄', '행복하다', '것', '같다', '노래', '해주다', '고맙다']"
625,재현아제발결혼하자,안지영 진짜 잘 짓는다......ㅠㅠ 나만 봄이 이중의미네 진짜 대박 ㅠㅠㅠ,"['안지영', '진짜', '자다', '짓다', '나', '봄', '이중', '의미', '진짜', '대박']"
626,yci,볼사 노래는 안좋은 노래가 하나도 없어...봄에도 정말 잘어울린다ㅠㅠㅠ앞으로 더더 승승장구 했으면 좋겠구 남이 뭐라하든 볼사 하고싶은대로 맘껏해!!,"['보다', '노래', '안좋다', '노래', '하나', '없다', '봄', '정말', '어울리다', '앞', '더더', '승승장구', '하다', '좋다', '남', '뭐라다', '보다', '하다', '싶다', '맘껏', '하다']"
627,duswo3804,"믿듣볼!!♡ 우주를줄게 발매 했을때부터 신곡 꾸준히 들어왔어요!! 좋은노래 고마워요! 열심히 활동해주세요!!♡
볼사 사랑해요♡♡","['믿다', '듣보다', '우주', '줄', '발매', '하다', '때', '신곡', '꾸준하다', '들어오다', '좋다', '노래', '고맙다', '활동', '해주다', '보다', '사랑', '하다']"
628,낮눙,노래 진짜 개좋다ㅜㅠㅠㅠㅠㅠㅠㅠㅜㅠㅠㅠ 이거 듣느라 공부 못하는 중ㅜㅠㅠㅠㅠㅠㅠ,"['노래', '진짜', '개', '좋다', '거', '듣다', '공부', '하다', '중']"
629,탈퇴한 회원,바보 선샤인??.. 저만 이렇게 들리나요?? 그 와중에 노래 넘나좋다,"['바보', '선샤인', '들리다', '그', '와중', '노래', '넘다', '좋다']"
630,으아그아앙,와 타이틀곡이 3개네.. 신기하다!! 노래 좋아요,"['오다', '타이틀곡', '개다', '신기하다', '노래', '좋다']"
631,중앙경찰학교,ㄹㅇ 개띵곡 볼사 음색이 봄에 잘어울리는듯,"['개띵곡', '보다', '음색', '봄', '어울리다']"
632,앗살라말라이큠,ㅋㅋ 댓글들 개더럽네 팬코부터 비공테러까지; 얼마나 질투나면 ㅋㅋ,"['댓글', '개', '더럽다', '팬코', '비', '테러', '얼마나', '질투', '나다']"
633,omar1121,노래 가사가 너무 예뻐요 ㅠㅠ,"['노래', '가사', '예쁘다']"
634,채워니2020,노래가 다 비슷비슷,"['노래', '비슷비슷']"
635,앚엑,에휴...비추부터 악플까지 다양하다..첸 노래 좋은거 누가 모르냐...나도 첸 좋아하는데 이건 아니잖아...1위 못 해서 글케 ㅂㄷㅂㄷ거리면 니네가 스밍을 열심히 돌리세요^^ 어떤 사람은 볼사랑 팬맺어놓고 어떤 사람은 첸 노래 듣지도 않고 이럼;;,"['비추다', '악플', '다양하다', '첸', '노래', '좋다', '거', '누가', '모르다', '나다', '첸', '좋아하다', '것', '아니다', '위', '못', '하다', '거리', '네', '스밍', '돌리다', '어떻다', '사람', '볼', '사랑', '팬', '맺다', '어떻다', '사람', '첸', '노래', '듣다', '않다', '이렇다']"
636,대진이왤케많아,딱 붙어서어~,"['붙다', '서어']"
637,txemin,노래개조티 ㅠㅠ,"['노래', '개조', '티']"
638,재민아밥먹어,노래 완전 달달하고 맘이 간질간질 멜로디도 ㅈㅏ꾸 흥얼거리게 되는게 완전 명곡이당,"['노래', '완전', '달달', '맘', '멜로디', '꾸다', '흥얼거리다', '되다', '완전', '명곡', '당']"
639,YEYOON_,와아ㅠ넘 좋아요ㅠ♥,"['넘다', '좋다']"
640,Bostonmit,130만 미쳤다 ...,['미치다']
641,꼬부기예링,"""나만 봄~"" 이 파트 듣고 역시 띵곡이구나 말하게 만들어버리는 갓볼빨사","['나', '봄', '이', '파트', '듣다', '역시', '띵곡', '말', '하다', '만들다', '버리다', '볼', '빨다']"
642,지예ㅇ,ㅎㅇ요,['요']
643,탈퇴한 회원,왕! 좋다ㅎㅎㅎㅎ 벚꽃 보고 있는 기분 쿨럭ㅋㅋㅋㅋㅋ음색 진짜 압살이네 볼사는ㅋㅋㅋㅋㅋ,"['왕', '좋다', '벚꽃', '보고', '있다', '기분', '음색', '진짜', '압살', '볼', '살다']"
644,Cafferatte,노래가 살랑살랑하이 좋구먼 허헣,"['노래', '하이', '좋다', '허헣']"
645,황인범,아시ㅂ 진짜 나만봄이네 ....,"['아시', '진짜', '나', '봄']"
646,대가리깨져도송형준,실화냐 ㅋㅋㅋㅋㅋ,['실화']
647,luving_hyun56,노래 진짜 개 좋다 앨범 언제나오나 기다렸어요ㅠㅠ,"['노래', '진짜', '개', '좋다', '앨범', '언제', '나오다', '기다리다']"
648,지구젤리인싸템,이젠 그냥 믿고 듣는 볼빨간사춘기,"['젠', '그냥', '믿다', '듣다', '볼', '빨갛다', '사춘기']"
649,scrrim,볼빨간도 벚꽃연금 가즈아,"['볼', '빨갛다', '벚꽃', '연금', '가즈']"
650,아무일도없엇당,"내가 아는사람 얘기해줄게
재생 다운로드
아는사람 얘기
San E
'Not' Based On The True Story","['내', '알다', '사람', '얘기', '해주다', '재생', '다운로드', '알다', '사람', '얘기']"
651,남권,뭔가 봄에하는 오해영같은 그런 달달한 드라마에서 나올듯하당 너무좋네,"['뭔가', '봄', '하다', '오해', '영', '같다', '그렇다', '달달', '드라마', '나오다', '듯', '당', '좋다']"
652,doebfo,"나는 왜케 볼사가 좋은걸까? 넘 좋은곳
볼사 곡 나오면 타이틀 말고도 다른곡도 다 다운받고 듣는데 엄청 다 좋음! 이번 엘범도 좋다!!","['나', '왜', '볼', '사가', '좋다', '끄다', '넘다', '좋다', '곳', '보다', '곡', '나오다', '타이틀', '곡', '다운', '받다', '듣다', '좋다', '이번', '엘범', '좋다']"
653,Miracle_Buddy,지붕킥 5회 지렸다 진짜...,"['지붕킥', '지리다', '진짜']"
654,탈퇴한 회원,이용자수 120만명 돌파 ㄷㄷ 역시 대중픽,"['이용', '자수', '돌파', '역시', '대중', '픽']"
655,효나비나,차트미쳤당...!!!!!!!,"['차트', '미치다']"
656,명곡저격수,"봄 버전 ♡
재생 다운로드
좋다고 말해
볼빨간사춘기
Full Album RED PLANET 'Hidden Track'","['봄', '버전', '재생', '다운로드', '좋다', '말', '하다', '볼', '빨갛다', '사춘기']"
657,XXXTentacion-,씽나 ~ 나만 씽나??,"['씽', '나', '씽']"
658,lIllIlIIIIl,믿듣볼,"['믿다', '듣보다']"
659,Gkstlove,볼빨언니들 목소리는 상큼한 딸기케이크같아...노래 들을때마다 좋아하는 사람한테 고백하고싶다,"['볼빨', '언니', '목소리', '상큼', '딸기', '케이크', '같다', '노래', '들다', '때', '좋아하다', '사람', '고백', '하다']"
660,Jinwooking,선 좋아요 후 감상,"['선', '좋다', '후', '감상']"
661,지너,"나만, 미세먼지?","['나', '미세먼지']"
662,shinelp,넘모 조아요 오홍홍,"['넘다', '모', '좋다', '홍홍']"
663,KSJ00,요즘 이별 노래 밖에 없어서 봄 느낌 없었는데..역시 볼빨간사춘기~~봄 느낌이 나는구나. 막 설레~,"['요즘', '이별', '노래', '없다', '봄', '느낌', '없다', '역시', '볼', '빨갛다', '사춘기', '봄', '느낌', '나다', '막', '설레다']"
664,보글뽀글1,딱 붙어서~~ 이부분 너무 좋다..,"['붙다', '부분', '좋다']"
665,마음가는대로_,누가 들어도 볼사 노래당,"['누가', '들다', '보다', '노래']"
666,녀이녀이,아 진짜 노래 너무좋다ㅠㅠㅜㅠㅠㅠㅜㅜ,"['진짜', '노래', '좋다']"
667,Seesaw.,볼사ㅠㅠ 오랜만이라 더 좋다...봄에 좋은 곡으로 와줘서 고마워요,"['보다', '만이', '더', '좋다', '봄', '좋다', '곡', '오다', '고맙다']"
668,tes07124,반주나오자마자 다운받았다,"['반주', '나오다', '다운', '받다']"
669,baby_s_vely,미쳤어..,['미치다']
670,승쓰__,따뿌터서어어~♬,"['따다', '뿌터', '어어']"
671,YUJIN1227,오빠 차트 떨어져서 어떡하냐 ㅜㅜ 할 줄 아는거라곤 악플밖에,"['오빠', '차트', '떨어지다', '게', '하다', '줄', '알다', '악플']"
672,엄씨몽.,가장 볼사스러운 노래라서 가장 좋은듯! 나만 봄~,"['가장', '볼사', '노래', '가장', '좋다', '듯', '나', '봄']"
673,탈퇴한 회원,"Officially missing you - Tamia
곡과 후렴부분 코드체인지가 같아서 자꾸 들리네요","['곡', '후렴', '부분', '코드', '체인지', '같다', '자꾸', '들리다']"
674,May_S,미쳤다.. 진짜 좋잖아!!,"['미치다', '진짜', '좋다']"
675,방뚜방뚜,"선댓후 5곡 다 듣겠습니다 ㅎ
볼사 화이팅!","['선', '후', '곡', '듣다', '보다', '화이팅']"
676,01.S.Y,이젠 봄에는 이 노래군 ㅋㅋ,"['젠', '봄', '이', '노래']"
677,bright0100,"노래 너무 좋은데 갑자기 울컥한 게 올라온다ㅠㅠㅠㅠㅠ
슬픈데 애써 밝게 지내려 하는 느낌..
이런 노래가 젤 좋다","['노래', '좋다', '갑자기', '게', '올라오다', '슬프다', '애쓰다', '밝다', '지내다', '하다', '느낌', '이렇다', '노래', '젤', '좋다']"
678,lililliilliil,믿고듣는다 ㅠㅠㅠ,"['믿다', '듣다']"
679,음악이좋다오,ㅋㅋㅋㅋㅋㅋㅋ비추충들 지금 자기 오빠 노래가 순위 더 낮다고 비추누르면서 부들대는거 봐라 ㅋㅋㅋㅋㅋㅋㅋ어쩌니 볼빨간사춘기 노래가 좋은걸 ㅠㅠ,"['비추다', '충', '지금', '자기', '오빠', '노래', '순위', '더', '낮다', '비추다', '누르다', '부들대다', '보다', '어쩌', '볼', '빨갛다', '사춘기', '노래', '좋다']"
680,워너원좋아함,노래 진짜 좋네요,"['노래', '진짜', '좋다']"
681,99정지희,귀호강 ㅠㅠㅠ 녹아내리는중 ❤️,"['호강', '녹아내리다', '중']"
682,DPRLive,줫 병 -신들 지네 오빠 누나들 차트에서 떨어지니까 얼굴 홍익인간 되서 억지로라도 껀덕지 하나 잡아서 선동하는거봐라ㅋㅋㅋㅋㅋㅋㅋㅋㅋㅋ 더 떨어 지길 기원합니다,"['주다', '병', '신들', '지네', '오빠', '누나', '차트', '떨어지다', '얼굴', '홍익인간', '되다', '억지로', '지다', '하나', '잡다', '선동', '하다', '보다', '더', '떨다', '지다', '기원', '하다']"
683,최강현,볼빨간도 볼빨간인데 바닐라맨은 대체 얼마를 버는 거냐,"['볼', '빨갛다', '볼', '빨갛다', '바닐라', '맨', '대체', '얼마', '버', '거']"
684,갓이유__,와 역시 다 꺾고 1등 찍어버리네!,"['오다', '역시', '꺾다', '찍다', '버리다']"
685,수수민수깡,와 노래 진짜 좋다,"['오다', '노래', '진짜', '좋다']"
686,Axiyo0516,너무 좋으니까 매년 봄될때마다 역주행했음 좋겠다 볼빨간 사춘기 사랑해요~~!!,"['좋다', '매년', '봄', '되다', '때', '역주행', '하다', '좋다', '볼', '빨갛다', '사춘기', '사랑', '하다']"
687,amyvely,"꺄아아아ㅏ아앙 마음이 간질간질 해진당 ㅎㅎ
좋은곡 감사합니당:)!
출근길에 들으면 나도 몰래 콩콩 스탭밟을듯한 노래 :)!","['꺄아아', '아앙', '마음', '해진', '좋다', '곡', '감사하다', '출근길', '들다', '나다', '몰래', '스탭밟을듯', '노래']"
688,시즈니와미라클,너무좋다 ㅜㅜㅜ,['좋다']
689,fjqm1199,오피셜리미씽유 아는사람얘기 우연히봄 등등등 이 코드로 쓴 노래 셀수없이 많으니까 어디서 들은것 같은데 하고 표절 소리 하지말긔~,"['오피', '셜리', '미씽', '유', '알다', '사람', '얘기', '봄', '등등', '등', '이', '코드', '쓸다', '노래', '셀', '많다', '들다', '것', '같다', '하다', '표절', '소리', '하다', '긔']"
690,달달무슨달쟁반같이둥군달,노래 진짜 좋다ㅠㅠㅠ대박ㅠㅠ,"['노래', '진짜', '좋다', '대박']"
691,민지_b_b,첨부분 그레이 하기나해 인줄 알았따,"['첨부', '그레이', '하다', '이다', '알다', '따다']"
692,흐잇짜아,4월 음원경쟁 볼빨간사춘기님이 제일 무서움~~이번에도 너무 좋으네요~,"['음원', '경쟁', '볼', '빨갛다', '사춘기', '제일', '무서움', '이번', '좋다']"
693,윾리둥절,볼적볼,"['볼', '볼']"
694,엉엉ㅀ,볼빨간사춘기 진짜 간질간질한 음악 독보적이다b 게다가 프로 작곡러,"['볼', '빨갛다', '사춘기', '진짜', '음악', '독보', '게다가', '프로', '작곡', '러']"
695,wellseetoto,보컬빨..,"['보컬', '빨']"
696,윾리둥절,24시간 이용자수 폭발할듯 ㅋㅋㅋ 얼마나 나올라나,"['이용', '자수', '폭발', '하다', '얼마나', '나오다', '라나']"
697,so-daily,"작사,작곡 미쳤다ㅠㅠㅠㅠㅠㅠㅠㅠㅠㅠ 지영님 노래 정말 힐링되고 아침에 딱 들으면 저절로 미소지으면서 출근하게되요 흥얼흥얼","['작사', '작곡', '미치다', '지영', '노래', '정말', '힐링', '되다', '아침', '들다', '저절로', '미소', '지다', '출근', '하다', '요', '흥얼흥얼']"
698,강.경민,최정우 사랑해,"['최정우', '사랑', '하다']"
699,새벽별30,나만봄,"['나', '봄']"
700,대가리깨져도송형준,진짜 존11111111111121111나 좋네 씨111111231111121발 욕이 절로 나와버리네;,"['진짜', '존', '나', '좋다', '씨', '발', '욕', '절로', '나오다', '버리다']"
701,GwakDDo,진짜 존222나 좋네 시이12발 욕이절로 나와버리네;;,"['진짜', '존', '나', '좋다', '이', '발', '욕', '절로', '나오다', '버리다']"
702,이수욕하면뚝배기깸,"벚꽃도 뭐고 ->이부분
벚꽃이고 뭐고,벚꽃도 뭐도
이렇게 고쳐야되는거 아님?
벚꽃도 뭐고 약간 뭔가 어색하지않음?","['벚꽃', '뭐', '부분', '벚꽃', '뭐', '벚꽃', '뭐', '고치다', '되다', '아니다', '벚꽃', '뭐', '약간', '뭔가', '어색하다', '않다']"
703,PCSJA11,"지나가는 엑소엘인데 역시 믿듣입니닿ㅎ!ㅠ
볼빨간사춘기 노래 1일1듣하고 있은데 이번노래듀 넘 좋아ㅏ유ㅠ 대박나세뇨❤️","['지나가다', '엑소', '엘', '역시', '믿다', '듣다', '이다', '볼', '빨갛다', '사춘기', '노래', '듣다', '있다', '이번', '노래', '듀', '넘다', '좋다', '유', '대박나다', '세뇨']"
704,탈퇴한 회원,"사랑해요 언니들,,,,,,","['사랑', '하다', '언니']"
705,nooooop,"요즘 멜론 줄서기 없으니 들을곡도 많고, 좋은 곡도 많이 알게되고 너무좋다","['요즘', '멜론', '줄', '서기', '없다', '들다', '곡', '많다', '좋다', '곡', '알', '되다', '좋다']"
706,지욤아,와 타팬덤이지만 볼사는 인정하지않을수가 없다.. 노래가 너무좋아,"['오다', '팬덤', '볼', '살다', '인정', '하다', '않다', '없다', '노래', '좋다']"
707,양은규,노래 나올때마다 멜론을 점령하는 볼사....당신들은 도대체......,"['노래', '나오다', '때', '멜론', '점령', '하다', '보다', '당신', '도대체']"
708,더블-트리,우리 동네는 벚꽃 벌써 다 떨어졌지만 그래도 괜히 공원 걸으면서 들을 듯ㅋㅋㅋ,"['우리', '동네', '벚꽃', '벌써', '떨어지다', '공원', '걸다', '들다', '듯']"
709,aapp419,6시부터 반복 재생하다가 딱 한 번만 더 듣고 자야지 하다가 벌써 두 시..^-^,"['반복', '재생', '하다', '하다', '번만', '더', '듣다', '자다', '하다', '벌써', '두', '시']"
710,cjstkvb,노래 너무 좋다아아,"['노래', '좋다']"
711,gamsungchoong,근데 노래나오고 바로 1등하는 사람들 보면 진짜 대단한듯,"['노래', '나오다', '바로', '사람', '보다', '진짜', '대단하다']"
712,하하하하하씨이바아아알,와 노래 너무 좋아요.....!!!,"['오다', '노래', '좋다']"
713,나는이안,선하트 후감상,"['선', '하트', '후', '감상']"
714,Wilpainting,"나만,봄 들으면서 떠올랐던 기억이 두사랑 들으면서 떠올린기억이랑 비슷하게 떠오르네
재생 다운로드
두사랑 (Feat. 매드클라운)
다비치
두사랑","['나', '봄', '들다', '떠오르다', '기억', '사랑', '들다', '떠올리다', '기억', '비슷하다', '떠오르다', '재생', '다운로드', '사랑', '매드클라운', '다비치', '사랑']"
715,송맹하,이야 노래 죽인다,"['노래', '죽이다']"
716,감성돋이,새앨범 나왔네요 노래좋다~~ㅎㅎ,"['앨범', '나오다', '노래', '좋다']"
717,세르히나,"들을수록 너무 좋아요!!
재생 다운로드
Spark (Feat. DONO)
JADE KEY (제이드 키)
Hard Mode","['들다', '좋다', '재생', '다운로드', '제이드', '키']"
718,Melodrama,"후렴구가 너무 비슷...
재생 다운로드
Officially Missing You
긱스 (Geeks)
Officially Missing You","['후렴구', '비슷', '재생', '다운로드', '긱스']"
719,9416_.,하여튼 사람들 말 한번 예쁘게 못해서 안달임; 싫으면 안들으면 되지 얘네는 우리 많이 들으라고 노래 하나하나 애써서 만들었을텐데 고작 듣는 말 하고는 진짜,"['하여튼', '사람', '말', '한번', '예쁘다', '하다', '달이다', '싫다', '들다', '되다', '얘', '우리', '들다', '노래', '하나', '하나', '애쓰다', '만들다', '고작', '듣다', '말', '진짜']"
720,임현식내꺼,사랑해 볼사!!!!♥️♥️♥️♥️♥️,"['사랑', '하다', '보다']"
721,hutazone0721,너무 좋아!!!,['좋다']
722,어메쥬,도입부 장인ㅠㅠ .,"['도입', '부', '장인']"
723,딩유3,좀 의심되는데..,"['좀', '의심', '되다']"
724,부먹이진리지,볼사는 원래 나올 때마다 1위였어여~~사재기 늘어나니까 원음원강자가 오해를 받네ㄷㄷ,"['볼', '살다', '원래', '나오다', '때', '위', '이다', '사재기', '늘어나다', '음원', '강', '오해', '받다']"
725,kashy,볼빨간 사춘기 화이팅 !!!~,"['볼', '빨갛다', '사춘기', '화이팅']"
726,통장스틸,차트계속바뀌는 것 봐..왕,"['차트', '계속', '바뀌다', '것', '보다', '왕']"
727,뚠뚠-박자,볼사 최고야.... 역시 음원강자님들 사랑해요♡,"['보다', '최고', '역시', '음원', '강자', '들다', '사랑', '하다']"
728,1.bin_,우리 학교 축제 때 왔었는데 라이브가.. 기대를 너무 많이 했나봐요,"['우리', '학교', '축제', '때', '오다', '라이브', '기대', '하다', '보다']"
729,tkfogo2,"생일에 볼빨간 사춘기 노래라니
너무좋아","['생일', '볼', '빨갛다', '사춘기', '노래', '좋다']"
730,rnjsgj,나만 오프닝에서 사랑이 뭔데 노래 생각남?,"['나', '오프닝', '사랑', '뭐', '노래', '생각나다']"
731,nOtsObAd,"officially missingyou 샘플링인듯..?
전혀모르다가 다끝나고 후주나올때야 알았네요","['샘플링', '듯', '전혀', '모르다', '끝나다', '후주', '때', '알다']"
732,Hyungjoon673,볼태식이 돌아왔구나ㅠㅠ,"['볼', '태식', '돌아오다']"
733,dbscksdud00,볼사는 대중픽,"['볼', '살다', '대중', '픽']"
734,행우니니니,진짜 볼사 노래 너무 좋아요ㅠㅠㅠㅠㅠㅠ 요즘 딱 제마음같은 노래네요,"['진짜', '보다', '노래', '좋다', '요즘', '마음', '같다', '노랗다']"
735,Heyoulove,노래너무예뻐요ㅠㅠㅠ,"['노래', '예쁘다']"
736,또향쓰,볼사다 ㅠㅜㅜㅠㅠㅠㅠㅠㅠㅠㅠ,"['볼', '사다']"
737,2재빈,헉 1등하셨네요 어느 노래던 항상 좋은노래 들려주셔서 감사합니다 이번 봄에 잘 들을게요 이쁘세요,"['노랗다', '항상', '좋다', '노래', '들려주다', '감사하다', '이번', '봄', '자다', '들다', '이쁘다']"
738,탈퇴한 회원,직시작곡 다 안지영❣ㅜㅜㅜㅜ 진짜 능력 갑...,"['직시', '작곡', '안지영', '진짜', '능력', '갑']"
739,xoon.a,비공테러 언년이냐진짜 ㅋㅋ,"['비', '테러', '년', '진짜']"
740,mshhjj,"1등이다 ㅜㅜㅜ 컨셉이 너무 좋다
콘서트 재밌게 보고올게요 좋은곡 내줘서 감사해요❤❤❤","['컨셉', '좋다', '콘서트', '재밌다', '보고오다', '좋다', '곡', '내주다', '감사하다']"
741,앚엑,목소리가..진짜..너무 이쁘다..,"['목소리', '진짜', '이쁘다']"
742,ki213y,거의 힙합만 듣다가 차트1위에 있어서 들어봤더니 신세계네..,"['거의', '힙합', '듣다', '차트', '위', '있다', '들다', '보다', '신세계']"
743,ooper12,진짜 노래 너무 좋잖아요...ㅠㅠㅠㅠ❣️,"['진짜', '노래', '좋다']"
744,운즈ssss,"곡 1,2,3위 퍼팩트킬가자!!!","['곡', '위', '퍼팩트킬가자']"
745,molommlon,ㅠㅠ 사랑해요 이제 고등학교 첫시험이 곧 시작인데 이 노래 듣고 힘내서 시험 잘 볼게요!,"['사랑', '하다', '이제', '고등학교', '시험', '곧', '시작', '이', '노래', '듣다', '힘내다', '시험', '자다', '보다']"
746,앗살라말라이큠,목소리 녹네요..! (๑ ̆ꇴ ̆๑),"['목소리', '녹다']"
747,사랑해taco,ㅋㅋㅋㅋㅋ비공테러 오지네 누구팬들임,"['비', '테러', '오지', '누구', '팬', '들이다']"
748,임한솔,역시 믿듣볼사 이번 노래도 넘나 좋은것 ㅜㅜ❤❤❤❤❤❤,"['역시', '믿다', '듣보다', '이번', '노래', '넘다', '좋다', '것']"
749,크레이프케잌,볼사가 돌아왔다!,"['볼', '사가', '돌아오다']"
750,탈퇴한 회원,생일날 볼사 컴백이라니 너무좋네요,"['생일', '날', '보다', '컴백', '좋다']"
751,사랑___하자,볼빨간사춘기는 진짜 노래 나오는것마다 듣는거같네 음색 진짜 좋고 내년 봄에도 들을거같다ㅠㅜ,"['볼', '빨갛다', '사춘기', '진짜', '노래', '나오다', '듣다', '같다', '음색', '진짜', '좋다', '내년', '봄', '들다', '같다']"
752,멋지게살자100,방금 라이브원 보고 또 들으러 온사람! ㅎㅎㅎ,"['방금', '라이브', '보고', '또', '들다', '사람']"
753,hangumylove,아니 우지윤? 그 분은 왜 파트가 없는거지?? 우주를 줄게 이후로 단독 파트 있는 걸 본 적이 없는 것 같음.. 이럴거면 그룹으로 하지 말던가; 쇼케이스 때도 안지영만 비추던데 보기 좀 그럼;,"['아니다', '지윤', '그', '분', '왜', '파트', '없다', '우주', '줄', '이후', '단독', '파트', '있다', '걸', '보다', '적', '없다', '것', '같다', '이렇다', '그룹', '하다', '말다', '쇼케이스', '때', '안지영', '비추다', '보기', '좀', '그렇다']"
754,Miracle_Buddy,1위가 되고나서부터 댓글 비추쟁이들 늘어나는거봐라 ㅋㅋㅋ 니들 노래만 1위하라는법있니?^^ 니들 수준이 딱 그런거야^^,"['위', '되다', '나서다', '댓글', '비추', '들다', '늘어나다', '보다', '니', '노래', '위', '법', '있다', '니', '수준', '그렇다']"
755,류가장,"처음부분 이노래 생각나면서 추억에 젖는느낌~~ 좋네요
재생 다운로드
쿨밤
슬리피, 송지은
쿨밤","['처음', '부분', '이노', '생각나다', '추억', '젖다', '느낌', '좋다', '재생', '다운로드', '쿨밤', '슬리피', '송지은', '쿨밤']"
756,기부니가조아욧,너무좋아요 안지영 최공,"['좋다', '안지영', '최공']"
757,이름없음.1,볼빨간 사춘기 노래는 늘 좋은듯,"['볼', '빨갛다', '사춘기', '노래', '늘', '좋다', '듯']"
758,권민철,"영주 자랑스럽다 ㅎㅎㅎ
안지영 누나 꿀 보이스
믿고 듣는 볼빨~
Up
Up
Up
Up","['영주', '자랑스럽다', '안지영', '누나', '꿀', '보이스', '믿다', '듣다', '볼빨']"
759,KANG__E,딱 붙어서~~~ 할 때 너무 좋다,"['붙다', '하다', '때', '좋다']"
760,sin_s__h,귀가 녹았어... 노래 너모 좋아ㅠㅠㅠㅠ,"['귀가', '녹다', '노래', '모', '좋다']"
761,버디린,"나만, 봄! 이 곡이 정말 대박이네요❣
볼사하면 떠오를 수 있는 정말 밝고 예쁜 노래!","['나', '봄', '이', '곡', '정말', '대박', '요', '볼', '사하다', '떠오르다', '수', '있다', '정말', '밝다', '예쁘다', '노래']"
762,아이유-사랑해,"나만,봄 노래 너무 좋아요~ 이제 완전히 봄이 되면 매일 들어야겠어요!~
물론 지금도 들어야죠!~","['나', '봄', '노래', '좋다', '이제', '완전하다', '봄', '되다', '매일', '들다', '지금', '들다']"
763,난너의구찌,"이거 안들어 보신분 들어보세요ㅠㅠ 이것도 띵곡임
재생 다운로드
나의 사춘기에게
볼빨간사춘기
Red Diary Page.1","['거', '들다', '보신', '들다', '보다', '것', '띵곡임', '재생', '다운로드', '나', '사춘기', '볼', '빨갛다', '사춘기']"
764,마멜공주님,역시 이 곡이 1등 ㅠ ㅠ,"['역시', '이', '곡']"
765,DIFF.wendy,"이 노래도 좋은데 많이 안 알려짐ㅠ
재생 다운로드
사랑에 빠졌을 때
볼빨간사춘기
Full Album RED PLANET","['이', '노래', '좋다', '안', '알려지다', '재생', '다운로드', '사랑', '빠지다', '때', '볼', '빨갛다', '사춘기']"
766,TAYRING,커버가존니이쁘다..,"['커버', '존', '이쁘다']"
767,청귤조아,볼사님 진짜 사랑해여,"['볼사', '진짜', '사랑', '하다']"
768,ㅇ하현,비추 누구냐 ㅋㅋㅋ 개웃기네 노래 좋고 좋은 말들만 하는데 비추함... 찌질이들,"['비추다', '누구', '기네', '노래', '좋다', '좋다', '말', '하다', '비추다', '함', '찌다', '이']"
769,doebfo,드디어 볼사 나왔다! 1위 가즈아!,"['보다', '나오다', '위', '가즈']"
770,spring2051,넘 좋다,"['넘다', '좋다']"
771,Nuoyagmik,와 진심 노래 개좋다,"['오다', '진심', '노래', '개', '좋다']"
772,치즈케익두조각,1위 축하드립니다!!,"['위', '축하', '드리다']"
773,boI4,1등 개꿀딱,['개꿀']
774,불속성,ㅋㅋㅋㅋㅋㅋ 뮤비 활 맞는거 왤케 웃기냐 진짜 노래 너무 좋다,"['뮤비', '활', '맞다', '왜', '웃기다', '진짜', '노래', '좋다']"
775,skskakkdksksk,역시 1위는 볼사다.. 내는 노래마다 완벽하다,"['역시', '위', '볼', '사다', '내다', '노래', '완벽하다']"
776,welo위로,봄을 위한 봄생각 나는 예쁜 노래,"['봄', '위', '봄', '생각', '나', '예쁘다', '노래']"
777,쨔쓰-,볼사는 진짜 봄이랑 찰떡이네..,"['볼', '살다', '진짜', '봄', '찰떡']"
778,Miracle_Buddy,10시 예측 1위네요 ㄷㄷ,"['예측', '위']"
779,35815,음원깡패 컴백~,"['음원', '깡패', '컴백']"
780,Skyrocket,"노래 스타일이 너무 똑같아 단조로움!
지겨워요!","['노래', '스타일', '똑같다', '로움', '지겹다']"
781,이수욕하면뚝배기깸,진짜 안지영 목소리랑 창법 사람미치게함,"['진짜', '안지영', '목소리', '창법', '사람', '미치다', '함']"
782,퓨쳐밝음,믿고 듣는 볼사,"['믿다', '듣다', '보다']"
783,사그춘냥기,노래 너무 좋다~,"['노래', '좋다']"
784,딸기잎꽃말,돌아왓구나 볼태식이~,"['돌다', '왓', '구나', '볼', '태식']"
785,무지무지무지무지개,봄 실감 안났었는데 이 노래 들으니까 확 드네ㅋㅋㅋ또 시험때문에 꽃구경은 못해도 노래로 또 봄타겠다...,"['봄', '실감', '나다', '이', '노래', '들다', '확', '드', '또', '시험', '때문', '꽃', '구경', '하다', '노래', '또', '봄타다']"
786,옼킼알겤엨,사랑해 ㅠ,"['사랑', '하다']"
787,뉙넴임임미다,"좋아 좋아 좋아 좋아
그런데 이번에도 우지윤님은 ㅠ...?","['좋다', '좋다', '좋다', '좋다', '이번', '지윤']"
788,경래K,음색이 봄하고 너무 잘 어울리는거 같아요.. 이번 봄엔 뭘 듣지 고민했었는데.. 해결 한거 같네요 ㅎㅎ,"['음색', '봄', '자다', '어울리다', '같다', '이번', '봄', '뭘', '듣다', '고민', '하다', '해결', '거', '같다']"
789,김광현,아무 생각 없이 들어도 웃음이 절로 나게 만드는 목소리 정말 진짜 행복해,"['아무', '생각', '들다', '웃음', '절로', '나다', '만들다', '목소리', '정말', '진짜', '행복하다']"
790,Seed._.,좋아♡ 이러는거같아요 너무 예쁜 곡..,"['좋다', '이르다', '같다', '예쁘다', '곡']"
791,ㄹ-록시땅-ㄹ,내일 아침에 일어나서 보면 1등이겠죠? 1등 안 해도 좋아 노래가 너무 좋잖아,"['내일', '아침', '일어나서', '보다', '안', '해도', '좋다', '노래', '좋다']"
792,기조수.,가뜩이나 차트 빡센데 볼사까지 ㄷㄷ 들을 음악이 엄청 많네,"['가뜩이나', '차트', '빡세', '볼사', '들다', '음악', '많다']"
793,SeriousBug,듣다보면 뭔가 들뜨고 설레는 기분이 듦,"['듣다', '보다', '뭔가', '들뜨다', '설레다', '기분', '들다']"
794,탈퇴한 회원,너무 좋긴한데 어째 노래가 다 비슷비슷함.. 자주 듣긴 할듯!,"['좋다', '기다', '어째', '노래', '비슷', '비슷하다', '자주', '듣다', '하다']"
795,바람이휘인휘인분다,역시 봄은 볼빨간사춘기야 ((주르륵,"['역시', '봄', '볼', '빨갛다', '사춘기', '주르륵']"
796,띵곡을들으면울리는벨,머리가 띵!,"['머리', '띵']"
797,qwer123ty,너네도 연금타게?,"['네', '금타']"
798,탈퇴한 회원,음원킹이 돌아왔다,"['음원', '킹', '돌아오다']"
799,개살구스,곧 아이돌 전쟁터가 될 멜론 차트에 한줄기의 빛이 내려왔으니...! 볼빨간 사춘기 쭉쭉 올라가자!!!,"['곧', '아이돌', '전쟁', '터', '되다', '멜론', '차트', '줄기', '빛', '내려오다', '볼', '빨갛다', '사춘기', '쭉쭉', '올라가다']"
800,jiun222,와...미쳤네 너무 좋잖아..❤️,"['오다', '미치다', '좋다']"
801,초로기,와 앨범 이쁘다 목소리도 이쁘다ㅎㅎ,"['오다', '앨범', '이쁘다', '목소리', '이쁘다']"
802,다슬기슬기다슬기,오~~~ 요즘 나오는 곡 다 좋네~~~,"['오', '요즘', '나오다', '곡', '좋다']"
803,동해서해남해방탄사랑해,노래 짱좋아요 ㅠㅠ 1위가자!!,"['노래', '좋다', '위', '가다']"
804,베지밀마차,"미뗬고 행님덜~~ 볼빨 ~~
닥치고 스트리밍 고고씽!!","['미뗬', '행', '덜', '볼빨', '닥치고', '스트리밍', '고고씽']"
805,슴덕후,믿고든는 볼사~~ 노래 넘 좋아요❤️,"['믿다', '늘다', '보다', '노래', '넘다', '좋다']"
806,bibba,너무 좋아요 너무 너무나,['좋다']
807,ㄹ-록시땅-ㄹ,너무 오랫동안 기다렸어요ㅜㅜ 노래 좋아요❤️,"['기다리다', '노래', '좋다']"
808,지뽀니,기다렸어요ㅠㅠ귀호강은 역시 볼빨❤️,"['기다리다', '호강', '역시', '볼빨']"
809,검은헤드셋,꽃기운 맡으며 듣는 봄의 노래,"['꽃', '기운', '맡다', '듣다', '봄', '노래']"
810,양주영2,이 노래는 과연 미쳤다고 할수있다. 만약 이 노래를 그렇게 춥다던 러시아에서 50년간 살아온 알렉세이 씨에게 들려준다면 갑자기 장범준 빙의해서 러시아어로 벚꽃엔딩을 부르리라.,"['이', '노래', '과연', '미치다', '하다', '만약', '이', '노래', '추다', '러시아', '살아오다', '알렉세이', '씨', '들려주다', '갑자기', '장범준', '빙의', '하다', '러시아어', '벚꽃', '엔딩', '부르다']"
811,프골팩,응원 온 원스입니다~~볼빨간 사춘기 파이팅! 목소리가 넘나 고와요,"['응원', '온', '원스', '이다', '볼', '빨갛다', '사춘기', '파이팅', '목소리', '넘다', '고', '요']"
812,MyPlayList,"너무 좋아 봄 노래♥️♥️
재생 다운로드
정말 좋다니까 (feat. 박성욱 of 마리슈)
도리토리
정말 좋다니까","['좋다', '봄', '노래', '재생', '다운로드', '정말', '좋다', '박성욱', '마리', '슈', '도리', '토리', '정말', '좋다']"
813,ioip1212,"노래에 포인트가 없는 느낌? 어느 부분을 따라해야할지 한번에 갈피를 못잡겠음.
-별 보러 갈래가 더 봄같음 느낌","['노래', '포인트', '없다', '느낌', '부분', '따르다', '야하다', '한번', '갈피', '못자다', '별', '보다', '갈래', '더', '봄', '같다', '느낌']"
814,한밤의카니발,안지영 천재,"['안지영', '천재']"
815,PAKA,들을거생김 개꿀,"['들다', '생기다', '개꿀']"
816,슬기,너무 좋아요 진짜ㅠㅠㅠㅠㅠㅠ❤️❤️,"['좋다', '진짜']"
817,겨울.바다,봄에 듣기 가볍고 좋은 곡이네,"['봄', '듣기', '가볍다', '좋다', '곡']"
818,이기쁨찾기,"이제 매년 봄에는 벚꽃연금에 이어서 나도연금의 탄생인가???
재생 다운로드
나만, 봄
볼빨간사춘기
사춘기집Ⅰ 꽃기운","['이제', '매년', '봄', '벚꽃', '연금', '나다', '연금', '탄생', '재생', '다운로드', '나', '봄', '볼', '빨갛다', '사춘기', '사춘기', '집', '꽃', '기운']"
819,Crrush,"봄빨간사춘기 1위하자 ㅠㅠㅠㅠ
노래 진짜 최고,,","['봄', '빨갛다', '사춘기', '위', '하다', '노래', '진짜', '최고']"
820,배지녕ㅇ,노래 좋아..ㅜㅜㅜㅠㅠㅠㅠㅠㅠㅜㅠ 너무 좋아ㅠㅜㅠㅜㅠ,"['노래', '좋다', '좋다']"
821,Kimherin,인트로랑 멜로디가 너무 또오해영....,"['인트로', '멜로디', '또', '오해', '영']"
822,WWWWWWWWV,너무 좋다 진짜,"['좋다', '진짜']"
823,Kirr_1022,와 미친 역대급이다 진짜,"['오다', '미치다', '역대', '진짜']"
824,Kim.aa,봄 느낌이 너무 좋닿 꿈 같은 느낌,"['봄', '느낌', '좋다', '닿다', '꿈', '같다', '느낌']"
825,ㄹ-록시땅-ㄹ,1등 가자!,['가다']
826,I_MODA_U,봄 타도송이 점점많아지는군요 후후,"['봄', '타도', '송이', '점점', '많아지다']"
827,cvrd_red_color,또다른 봄 anthem의 탄생이군뇨 ..... ✨,"['봄', '의', '탄생', '이군', '뇨']"
828,김지유김민지,개좋아,"['개', '좋다']"
829,Seminy,믿고듣는 볼사 ㅠㅠ 볼사 없었으면 무슨 낙으로 살았을까,"['믿다', '듣다', '보다', '보다', '없다', '무슨', '낙', '살다']"
830,마른반찬,노래에 취한다,"['노래', '취한']"
831,Before_sunrise,넘 좋당 ㅠㅠ,"['넘다', '좋다']"
832,뺑알스,이게 가수지 !!!,"['이', '가수']"
833,탈퇴한 회원,외쳐 갓볼사,"['외치다', '갓', '보다']"
834,Su_J_,진정한 가수다 진짜로,"['진정하다', '가수', '진짜']"
835,아침은다시올거야,진짜 너무 좋다ㅠㅠㅠㅜ,"['진짜', '좋다']"
836,이쁘다증말루,"너무 기다렸어 이 목소리ㅠㅠ
노래도 너무 좋고 사랑해,,❤️","['기다리다', '이', '목소리', '노래', '좋다', '사랑', '하다']"
837,탈퇴한 회원,"볼빨간사춘기 노래들은 안좋은노래들이 없음
수록곡 매번 다 좋고 와 역시 볼빨간사춘기 이번앨범도 대박 ㅠㅠㅠㅠㅠㅠ 1위가자♥","['볼', '빨갛다', '사춘기', '노래', '안좋다', '노래', '없다', '수록', '곡', '매번', '좋다', '오다', '역시', '볼', '빨갛다', '사춘기', '이번', '앨범', '대박', '위', '가다']"
838,JKLR,노래 좋당,"['노래', '좋다']"
839,ㅎㅅㅎㅅㅎ11,믿듣이다 진짜,"['믿다', '듣다', '진짜']"
840,나연이가너무좋나연,잊지 않고 노래 내주셔서 감사합니다 ㅜㅜㅜ 곡 너무조아용,"['잊다', '않다', '노래', '내주다', '감사하다', '곡', '무조', '용']"
841,bbh0506loving,믿듣볼사,"['믿다', '듣보다']"
842,탈퇴한 회원,믿고 듣는 볼빨간사춘기~~~,"['믿다', '듣다', '볼', '빨갛다', '사춘기']"
843,hl7018,너무 좋다!!!!!!,['좋다']
844,곰키,안돼 그만해 꼬ㅊ은 넣어줘,"['돼다', '그만하다', '꼬', '은', '넣다']"
845,Batori,"좋아요!!
재생 다운로드
좋다고 말해
볼빨간사춘기
Full Album RED PLANET 'Hidden Track'","['좋다', '재생', '다운로드', '좋다', '말', '하다', '볼', '빨갛다', '사춘기']"
846,신채호,봄 노래 하나 또 나왔네 “믿듣”,"['봄', '노래', '하나', '또', '나오다', '믿다', '듣다']"
847,홍멜스,"""믿듣""","['믿다', '듣다']"
848,syounvely,인트로랑 간주부분 약간 유승우 서현진 사랑이뭔데랑 ㅂ슷한데...?,"['인트로', '간주', '부분', '약간', '유승우', '서현진', '사랑', '데', '슷한데']"
849,이런다있데,짝사랑 노래 너무 좋다...,"['짝사랑', '노래', '좋다']"
850,가나다라마사자바,녹는다녹아 ㅎㅎ,"['녹다', '녹다']"
851,parthos,믿고있었다구 ㅠㅡㅠ,['믿다']
852,키티님ㅇㅡㅇ,볼빨간 사춘기 봄이랑 넘잘어울리공 목소리도 매력쩔어요 ><,"['볼', '빨갛다', '사춘기', '봄', '넘다', '어울리다', '공', '목소리', '매력', '쩔어요']"
853,깡슬공주,봄 노래 감사합니다. 잘 들을게요 :),"['봄', '노래', '감사하다', '자다', '들다']"
854,OmuJi,"'봄'빨간 사춘기
사실 다른 계절에도 많은 곡들이 나왔지만 다 봄에 잘 어울리네요
재생 다운로드
나만, 봄
볼빨간사춘기
사춘기집Ⅰ 꽃기운","['봄', '빨갛다', '사춘기', '사실', '다른', '계절', '많다', '곡', '나오다', '봄', '자다', '어울리다', '재생', '다운로드', '나', '봄', '볼', '빨갛다', '사춘기', '사춘기', '집', '꽃', '기운']"
855,명곡을들으면짖는개,왈왈왈왈왈왈왈왈왈왈왈왈왈왈왈왈왈왈왈왈왈왈왈왈왈왈왈왈왈왈왈왈왈왈왈왈왈왈왈왈왈왈왈왈왈왈왈왈왈왈왈왈왈왈왈왈왈왈왈왈왈왈왈왈왈왈왈왈왈왈왈왈왈왈왈왈왈왈왈왈왈왈왈왈왈왈왈왈왈왈왈왈왈왈왈왈왈왈왈왈왈왈왈왈왈왈왈왈왈왈왈왈왈왈왈왈왈왈왈왈왈왈왈왈왈왈왈왈왈왈왈왈왈왈왈왈왈왈왈왈왈왈왈왈왈왈왈왈왈왈왈왈왈왈왈왈왈왈왈왈왈왈왈왈왈왈왈왈왈왈왈왈왈왈왈왈왈왈왈왈왈왈왈왈왈왈왈왈왈왈왈왈왈왈왈왈왈왈왈왈,['왈왈왈']
856,탈퇴한 회원,이게 진짜 타이틀중에 최고인듯,"['이', '진짜', '타이틀', '최고', '듯']"
857,봄여율,내년에는 꼭...ㅠㅠㅠㅠㅠㅠ,"['내년', '꼭']"
858,rgkq,노래도 좋고 목소리도 봄에 넘 잘어울려 개좋네,"['노래', '좋다', '목소리', '봄', '넘다', '어울리다', '개', '좋다']"
859,관선관선,봄 여름 가을 겨울 볼사,"['봄', '여름', '가을', '겨울', '보다']"
860,RYD,1빠염,['빠염']
861,세네니스,봄 기운이 나는 노래,"['봄', '기운', '나', '노래']"
862,4zure,사랑해 ㅜㅜㅜㅜ,"['사랑', '하다']"
863,blx_e_kr,"몽글몽글 너무 설렌다 ,,",['설레다']
864,탈퇴한 회원,올해도 볼사가 조진다~~,"['올해', '볼', '사가', '좋다']"
865,hyy2,역시는 역시다.. 개좋아ㅜ,"['역시', '역시', '개', '좋다']"
866,redippo,벚꽃 핀 거리에 걸으면서 들으면 겁나 좋을듯한 노래ㅎㅎ,"['벚꽃', '핀', '거리', '걸다', '들다', '겁나다', '좋다', '노래']"
867,므므므므느,그들이왔다,"['그', '오다']"
868,숀SHAUN,이곡은 봄이올때마다 역주행합니다,"['이곡', '봄', '때', '역주행', '하다']"
869,ㅇㅇㅇㅇㅋㅋㅎㅋㅎ,이번 봄은 볼사다,"['이번', '봄', '볼', '사다']"
870,demiaro1,차트올킬,"['차트', '킬']"
871,leehajoon,썸탈거야보다 좋은 노래가 나올까 했는데 바로 나와버리네 ㄷㄷ 역대급이다 1위 가즈아아,"['썸', '타다', '좋다', '노래', '나오다', '하다', '바로', '나오다', '버리다', '역대', '위', '가다', '아아']"
872,닥중이,이게 봄이다,"['이', '봄']"
873,Lilbluestar,우와 볼빨간사춘기 신곡 봄 노래다ㅎㅎㅎ 힐링돋는 느낌이네ㅋㅋㅋㅋ 차트 1위 가즈아~~!!,"['볼', '빨갛다', '사춘기', '신곡', '봄', '노래', '힐링', '돋다', '느낌', '차트', '위', '가즈']"
874,Bollove,"와.. 역시감탄밖에 안나온다. 믿고듣는 볼사노래... 졍쓰, 지윤모두 꽃길만 걷길~~ 노래역시 너무 좋네 차트 1위 런런 볼터치 여러분 사랑함돠~ 자신이 볼터치라면 제글 좋아요 ㄱㄱ","['오다', '역시', '감탄', '나오다', '믿다', '듣다', '보다', '노래', '졍쓰', '지윤', '모두', '꽃길', '걷다', '노래', '역시', '좋다', '차트', '위', '런런', '볼터치', '여러분', '사랑', '함돠', '자신', '볼터치', '라면', '글', '좋다']"
875,hopeyu,1등 가자,['가다']
876,이호찬임,그나저나 여친좀...,"['여친', '좀']"
877,탈퇴한 회원,190402 봄과 함께 돌아왔습니다,"['봄', '돌아오다']"
878,안녕안졍,"이게노래야?진짜 별로
내 마음 속 별로","['게', '노래', '진짜', '별로', '내', '마음', '속', '별로']"
879,Jinzyugz,올라갑시다,['올라가다']
880,별하랑-별청,좋아오,['좋다']
881,자몽캌,"노래 너무 좋아요
사랑해요♥️","['노래', '좋다', '사랑', '하다']"
882,LiIpump,차트 올킬이 시작대따,"['차트', '올킬', '시작', '따다']"
883,닉네임_뭐하지이,드디어 올라 왔다♡♡♡♡,"['오르다', '오다']"
