,youtube_id,comment,like_num
0,Cromartie,"My Korean friend/language exchange partner introduced me to this song and man I'm so glad she did, beautifully serene and joyful - fits the warmth of the season, gonna be my Spring anthem every year 좋아 😁",327개
1,ihP,"2020년 출첵 (오는 사람 있긴한가...?)
⬇️",141개
2,SyJ,여기 지금도 듣는 사람 있나??,209개
3,잉따,"10cm: 봄이 그렇게 도 좋냐 멍청아?

장범준: ㅇㅇ 년금날이든

10cm: 사실 나도",60개
4,KoreAmo,He kinda looks like Eric Nam,129개
5,ssibalsekki,"저기 야구부중에 저 있어요 ㅋㅋ 
뮤비 찍을때 21살이였는데 지금은 29살..
내년에 30살..  20대 초반이 엊그제 같은데 시간이 참.. 빠르네요..",158개
6,레드율렌지,"지구 온난화로 봄이 사라진다면, 이 노래가 봄이 무엇인지 설명을 해줄 것이다.",1개
7,Blare,Came here because of MelOn #1 Song of the Decade (2010s). Congratulations!!!,89개
8,hyunJung,내년에는 우리 모두 마스크 벗고 활짝 웃으며 벚꽃 핀 나무들 사이에서 만나요. 건강하세요. 힘내세요...,488개
9,이태영,"벚꽃은 오고, 코로나는 갔으면..",37개
10,JennylynSMedina,Came back here knowing that it's the no. 1 song for MelOn Song of the Decade (2010s). It's so good!,83개
11,SupremeGirl,WHO'S HERE BECAUSE OF MELON MAKES THEM #1ST IN BEST SONG OF DECADE 💪💪💪,7개
12,간장게장,사실상 애국가 아니냐,841개
13,박정빈,"델타, 델타 여기는 12월 22일 2일 뒤면 크리스마스다 여긴 아직 코로나가 있다.
3,4월에 한국 백신 투여한다는데 맞나요?
그리고 그때는 마스크 벗고 벚꽃축제 갈수있나요?",10개
14,시원,장범준의 지갑이 두둑해지는 시즌이 돌아온다,21개
15,HiBA,I wish to listen to this song in spring at korea someday,415개
16,최민준,"코로나 휘날리며~
흩날리는 미세먼지~
이 거리를 나 혼자 걸어요~",124개
17,Kilikim,"지금 고 3들 다같이 좋은 대학 붙자



흐에!!!",172개
18,Momo37a,"I'm here because in fools mention this song and I'm very curious...
 I like :'D",227개
19,다탑,곧 있으면 많이 들으러 올꺼야,21개
20,김현태,우리나라사람들이 들은 벚꽃엔딩횟수를 이어붙히면 하도많이 들어서 고려시대까지 간다고함ㅋㅋㅋㅋㅋㅋㅋㅋㅋ,94개
21,하루살이,코로나가 극성인 겨울이 빨리지나가고 따스한봄이 빨리오기를 기원하며 2021 신년에 댓글을 씁니다,1개
22,myparadise,"Damn I’m not even Korean, but if I were this would probably be one of those nostalgic songs that I’d cry too. Idk why but I just feel like that whenever I listen to this song",41개
23,jhp,"이 영상이 올라온지 20년, 30년,40년 되면
그 날짜를보고 아.. 옛날 어릴적엔 그랬었지..
참 좋았지.. 하며 정말 울거같다..",28개
24,ambered,이 노래 처음 들었을 때의 충격이 생각난다. 신나면서 설레면서 뭔가 아련하면서 갑자기 눈물날 것 같은...슈스케 안봤는데도 이 노래 듣자마자 이건 진짜 개띵곡이라는 생각 들었고..아니나다를까 그 해 벚꽃엔딩이랑 강남스타일이 휩쓸었음. 해가 지나도 질리지 않는 명곡,23개
25,내가000이다,"2020년 마지막날이다
출첵하고 가라",1개
26,226ago,2010년대 멜론차트 종합 1등 ㅊㅊ,10개
27,PhyuHninMon,"It’s 2020 November 16...
Who is still listening to this beautiful song?✨",35개
28,천동원,아니 한국에서 유명한 노래인데 외국인들 겁나 많네,13개
29,TainaMaro987,Finally i got this song man i struggle to find this cause i hear everywhere on tv korean show😭😭😭😭,92개
30,thatkid다람jui,It’s april in Korea and this song has made its comeback over here,115개
31,뚱이,버스커 버스커는 있는데 버스작아 버스작아는 없나요,110개
32,변승의,You guys need to know that this song is one of the most popular songs of Korea ALLTIME. It still comes back to charts when spring comes to Korea even though many years have passed since the song was released. Such a legendary song,39개
33,jhp,"유치원때 이음악을 처음 들어보고
초등학교때 국어시간 수학 시간이든 이음악을 들어보고
초등학교때 친구들과 사거리를 걸으면서 이노래를 들어보고
초등학교때 기타시간 때 이노래로 연주하고
중학교때 음악시간에 이 노래를 들어보고
중학교때 친구들과 벛꽃보러 갈때 이음악을 
들어보고 
중학교때 공부하면서 지금 이음악을 듣고
이 음악은 내 인생의 적지 않은 부분을 차지 하고 있네 아마 이 음악이 나온지  몇 년, 몇 십년 뒤면 
그 시절을 떠올리며 ""ㅋㅋㅋ.. 그때가 좋았지""
하며 눈시울을 붉힐것 같다",4개
34,ELIN,"I used to listen to this song when I was in middle school , I discovered it 7 years ago 😭 I've been searching for it and I couldn't remember the name 😭😭😭❤❤❤ happy that I found it finally",128개
35,NaomiT,I've heard this song once before but never got to know the name. Once in awhile I would always hum this song yet not knowing the song name. I was watching Crash Landing On You and one of the characters started to sing this song and I was able to search the lyrics and find the song that had been stuck inside my head. I'm really glad that I've found this song after so long.,117개
36,ChriseliaChandra,I heard this song when Kim jung hyun sing this song in Crash landing on you. So nice😍,50개
37,진경민,슬슬 준비하자 좀비들,43개
38,BULpeuma,외국인한테는 우리가 despacito가사 안보면 뜻 몰라도 그냥 듯는 것처럼 듣는건가,10개
39,조민석,뮤비 웃긴다 애초에 강시라가 아니라 뒤에있던 벚꽃나무 보러 가는거였어 ㅋㅋㅋㅋ,30개
40,김뚜라미,이 노래가 봄을 듣고 이건 기적이라고 말했습니디,1개
41,하람,조회수는 개많은데 외국인이 없는 유일한 뮤비 한국인들이 다 장악해버림,9개
42,SallyKim,나중에 응답하라 시리즈 만들면 벚꽃 엔딩 무조건 나올듯,24개
43,yoonjileftbooty,Is there anyone like who still to this song everyday ? Only me?okay.,15개
44,게으른동인30일동안뭐라도하자,가을에도 벚꽃엔딩 생각나서 들으러왔는데 정상맞죠?,8개
45,MamuRaDaiKi,Congratulations for #1 in Melon Top 100 Songs of past decade (2010-19),18개
46,SigridFrigg,i got here after bts sung it in a run bts episode. now this song has turned out to be one of my favourites ever:),4개
47,헬창쇠질만능주의,"이노래 댓글 레전드 있었는데
언젠가 봄이라는 계절이 사라지면 이노래를 들려주면서 이게 봄이라고..",27개
48,AmaranthaMartins,I just shed tears at the ending of this music video..... I shouldn’t be watching this while I’m on my period 😭😭,1개
49,AltayraSoebrata,Ah reminds me of when I used to live there for my studies always a hit of nostalgic feels,1개
50,CHENHELLO,This song is so familiar to me even though i haven't listened to it before.,1개
51,PranaviKilaru,Such a beautiful song 😍,2개
52,mrslowflow,this song will always be the zombie of spring songs. 💪,1개
53,einalovely,i've been searching for this song for a long time when i first time heard it on a show but i cant read the title..thank god bts sang this on bts run and i finally knew the title,1개
54,starshapedgummy,"this is like mariah carey's ""all i want for christmas is you"" that appears every christmas but instead of christmas, this song rises in the charts every spring in korea ^^",27개
55,WaadAlbasher,"I really love this , I was listening to it when I was 8",1개
56,zenobiz,저땐 미세먼지 걱정 안했는데.....ㅠ,13개
57,홍시맛,"정말 이노래 제목처럼 언젠가 봄의 마지막날에 '벚꽃 엔딩'이 되어버릴까 무섭다 '그게 마지막 벚꽃잎인줄 모르고 그 순간을 무심히 지나쳐 버렸다' 라는 제목을 일기장에 적을날이 올지도 모르니  모두가 이노래들으면서 벚꽃나무아래 거닐며 웃던 봄의 
끝자락이 오지않도록  지구를 지켜요",70개
58,jincloony,돌아와 버스커 버스커~ 범준이 혼자는 버스커버스커가 아니야~ 세명이 함께일때 최고의 모습이였어... 이노래 들으니 눈물이 날려고 하네 ㅠ ㅠ,3개
59,시공왕자,어처피 나에게는 의미없는 봄이지만 올해는 핑계가 생겨서 좋다 ㅋㅋ ㅜㅜ,15개
60,EungaangLee,"This song is the Korean ""Fairytale of Newyork"", except it's a spring song. Will be sung for generations.",15개
61,권정현,이제 곧 들을건데 미리 듣죠,15개
62,예림,우리아빠 최애곡이었는데 ..벌써 7년이 지났네 ..,11개
63,PaulRoman,Does this song still re enter the Korean billboard during springtime?,1개
64,LoveSana,#1 song of the decade 2010-2019 wow,14개
65,BentleyNoona,"Watching this on the last day of 2020 because I’ve been missing old kpop songs

Edit: After reading the comments, I just now know that this is Melon #1 Song of the decade. This song truly never gets old.",0개
66,시바견,언젠가 봄이라는 계절이 사라졌을때 후손들에게 봄이 어떤느낌인지 알려줄수있는노래,21개
67,하베,0:23 당신이 원하던 겨울방학 증가는 현실이 되었습니다,28개
68,익명이,어우.. 나까지 기분 좋아지네..><,2개
69,DomenicaAlexandraPincayVillamar,"I love this song, it´s so fantastic. The years pass, and I keep liking it.",0개
70,남현우,🌸벚꽃 이모티콘 검색해도 나오네,9개
71,김성민,이노래 한 2050년도까지는 들을듯,16개
72,Joh,bruh i finally found this song again after watching knowing bros🥺🥺🥺,0개
73,CVG급발진,봄은 이미 없어진거 같다 이때 느꼈던 감정들을 다시는 못느끼고 있다,5개
74,KiaraAbila,So glad that I discovered this song even if it has been 8 years already! This is such a feel good song! Happy holidays everyone!,0개
75,YEON연,2021 출첵합니다,1개
76,swannkim,음악계의 기상청임 존나 ㅋㅌㅋㅋㅌㅋㅋ ㅌㅌㅋㅌㅋ ㅌ ㅋ,867개
77,AnnL,This song is so beautiful! As soon as I heard Hobi and Jk sing this on run bts I had to search it up!! Im not disappointed at all! Not to mention both of them did such a good job. I was especially impressed with Hobi T_T Wish i could get a whole cover from him,0개
78,edenmanzu,"Los conocí por el manhwa ""Fools"", y me gusto me suscribo y doy like",11개
79,SooAnuya,"Came here cause hearing dongheon sing this ,, yeah it's good🤭",0개
80,zicoislab,congrats on being the top 1 on melon song of the decade!!!!!,3개
81,Ilikepig,작년 3월봄에 아빠랑 언덕위에있는 커더란 공원에있는 벛꽃나무 가로수길에서 같이손잡고 드론날리면서 논적이있는데 이때생각하니깐 뭔가 마음속 알수없는 어디선가에서 아련함이 오는거같네요 암튼 겨울이 빨리지나고 다시봄이왔으면..,3개
82,Takata나키시,"Finally! Yeah finally, I've found this song with so much hard work.",0개
83,cjmyt,i really had a hard time finding this song. 😅 finally i found it. i love it. ♥️♥️♥️,0개
84,Jameskim,"아뭐야 장범준이 벚꽃엔딩 작곡한거였어,,,인생 19년 살면서 이걸 모르고있었네..어쩐지 목소리 어디서 들어본거같다 싶더니",7개
85,EmmaNawa,"First heard this song in run BTS and I've been trying to find it. Finally!!!😍.. 
It has a beautiful vibe to it♥️",1개
86,비싼싸구려커피,바이러스 휘날리며~  신천지 사람들이 이 거리를 난장판으로 만들어요~,11개
87,RodrigoLacerda,Eu amei essa música 😍😍😍 made in Brasil🇧🇷🇧🇷🇧🇷🇧🇷🇧🇷🇧🇷🇧🇷🇧🇷🇧🇷🇧🇷🇧🇷🇧🇷,0개
88,Seuko2,Heard this from spotify lovely song :3,0개
89,lizard,아니 근데 무서운게 이노래가 안질려요. 미친.. 진짜 무서운노래야,213개
90,PaulArtZion,I want a comeback from them.,8개
91,엑스엘리,올 해 벚꽃놀이는 이거다,5개
92,GianElorde,I feel in love with song and the singer because of Return of superman. 😍 He is such a good husband and dad. Congrats on being #1 on melon top 100 song of the decade 🎉,4개
93,번개맨과반페르시,장범준도 좋지만 이 버스커버스커 만의 밴드스러움이 너무 좋다,4개
94,MinJeong,에휴 한국에 방탄 모르는 사람은 있어도 봄에 이노래 못들어본 사람은 없을건데 댓글창 꼬라지봐,314개
95,BaRougui,I'm here listening this song after hearing it in 1n  2d💜,0개
96,SOM136,I'm here bc the comparison between BTS spring day and this ^^,56개
97,AriPrasetyo,"I love this song,  since it was realesed when i was first year student at senior high school....",7개
98,JiwooNam,YeaH H&D makes me comeback to thsi,0개
99,Kani3,I love the guitar in this song,1개
100,TheBubblesish,OMG I ACKNOWLEDGE THIS SONG!!,0개
101,KhinKyawtShin,"I love it.Just 6 days before EXO song released , before I love exo, I love this band first.i miss them.",0개
102,HannahL,"2days1night S3 used to love this song. 
Remember the member forever🌹",0개
103,마돈9,와 날풀리니까 추천영상에 귀신같이 올라오네ㄷㄷ,699개
104,MlanieTerrine,I saw Henry and Yoeung playing this and I knew I heard it somewhere! I like it!,0개
105,kimy17,It s that time of the year again,4개
106,박현용,"지금은 흩날리는 코로나 바이러스~~~~~
.....하하하하.....하...흠...시바...ㅜㅡㅠ",1개
107,기호빈,진짜 오래됬다 이 노래ㅋ내가 2학년때 첨 들었던건데ㅋ,1개
108,하태욱,"고등학생으로서 맞이하는 마지막 봄이네 

내년엔 웃고있기를",17개
109,SUJUKillThemAll,"2020, this song still the best spring song. Fighg me",2개
110,ShrutiMishra,I don't know why but this song really brings me peace ....,4개
111,AkiiDoll,This song IS SO GOOOOOODDDD,0개
112,TriWidi,2 December 2020,1개
113,송민혁,봄이오는건기상청보다 멜론차트가더정확해,1개
114,ghalal,From BTS :)?,1개
115,LuthfiaKeyshaH,Finally! I've search this song for 2 days omgg,0개
116,namgiseokook,"i just looked this up after they kept mentioning it in Fools, i was curious and it’s good !!",1개
117,Evul,"요즘엔 정말 벚꽃이 ""엔딩""되었다는 기분이 듭니다.
2019년에는 미세먼지가 최고치를 찍어서 밖에 나가질 못했고
2020년에는 코로나 바이러스로 인해 벚꽃한번 보지 못하고 끝난 것 같네요.
내년에는 벚꽃이 해피엔딩이었으면 합니다. :)",70개
118,정원혁,"이 때 장범준 : 와 노래 ㅈㄴ 잘부르네
얼마 전 장범준 : 샴푸냄새 딱좋다
현 장범준 : 실버빵테온~~

모야 왜 배댓이야",17개
119,NurohSalimah,"Even though it's an old song, for some reason I really like it🥺🥰",0개
120,VinainSeoul서울사는비나,I can't believe I've never seen the music video for this song lol the ending 😂👌🏼,6개
121,KhushbooKaushik,Came here because I heard “cherry blossoms” webtoon by Subong Park is inspired from this.. beautiful🎶,0개
122,HayahMiraato,suddenly wanting the feeling of spring and went to this song ugh one of the best,0개
123,clapeyon,"진짜 악마의 곡이다 ㄷㄷㄷ 
이렇게 봄에 어울리는 노래가 또있을까
그리고 매년 또 다시들어도 또 설레여",587개
124,sakurakreuze,I've been looking for this....,0개
125,DS,그 계절이 되면 거짓말같이 꾸준히 예토전생하는 곡. 거의 해치웠나?급 생존플래그,2개
126,SpressLovesWonderGirls,It's 2020... and this will forever be a beautiful spring song. 🌸 🌸 🌸,6개
127,SunnyShine,Finally I found this song! 😭💚,0개
128,ChaehyeonShin,자아... 몇달만 있으면 또 길거리에 이노래가...,12개
129,임정현,이젠 알고리즘이 알려준다... '그 계절'이 왔다고...,3개
130,luciagutierrez,Nice song😍❤👏,1개
131,ShimranLaikhuram,I really love this song even I don't know the meaning,0개
132,OmarHassan,Every time i lesson to this song i feel Happiness 🙂❤️,4개
133,김YC,"100년 뒤에 교과서에 실리겠지
한국 고유의 봄의 정서를 많은 국민들에게 공감시킨 노래였다고",27개
134,류정훈,근황보고 온사람?ㅋㅋㅋㄱㅋ,3개
135,Samanthaaddi,This is just a masterpiece😍👌,0개
136,mole,This is my crush's favorite song😀😀 that's unbelievable;)),1개
137,김민주,이노래가 다시 듣고싶네 예전엔 꽃구면 다니면서 이노래 많이 들었는데....코로나 ......시발.....,4개
138,현민,외국인들 여기서도 bts ㅇㅈㄹ하고 있네,349개
139,에이치제이,앞으로 20년은 최고의 봄노래 ㅇㅈ? ㅇㅇ ㅇㅈ,3개
140,RaphanusSativus,"I'm still wondering why no one would talk about the girl,Kang Sira from PD101😂😂",0개
141,l,2:00 나태지옥,14개
142,NavFly,here we go again !,0개
143,GabrielaMoreno,Hermosa canción 🥺 hermosas voces ♥️,0개
144,전혭잉,1:21,1개
145,MEIZEYRA,"I'm here for 1st time on 2020, after watched 1 video posted on 2016.  Then I'm soo shock that this song was released 8 years ago on 2012.. hahahahah...",0개
146,JaneSailo,Feeling nostalgic listening to this song again❤💮🌸,8개
147,복붙기자또영석,이 노래가 그 봄만 되면 대한민국 음악차트를 역주행 해서 1등찍은후 국민들을 당황스럽게 한다는 그 전설의 음악차드 작살내는 벛꽃엔딩 인가요????,890개
148,DoctorMonkey,Never gets old,5개
149,오승현,내년 봄에는 행복했으면 좋겠다.,8개
150,YanisaPhattharawat,"I thought the drummer was Dave from 'World of Dave' but he's actually Brad Moore, an English teacher who made this awesome band with two of his students in Korea. What a story!",10개
151,markcerezo,Spring time,4개
152,Keichan,2020 and I love so much this song ❤️,6개
153,JyuVioleGrace,I somewhat hear this song in one of the episodes of RM. I like it.,10개
154,박현호,2021년 출첵,2개
155,kylegamble,The lads in Busker Busker aren’t simps 🤣🤣 trees > thots,0개
156,캡스,"옆동네는 죽었지만 그래도 둘이서 버텨보자.




옆...동..네는...죽..지않..았...다..",1개
157,피잼유튜브,이 노래 듣고 있는 사람들이 행복하길,2개
158,KatrinaKim,I come here after reading Yumi Cell hehe,0개
159,RubyOrnelas,Spring time is here 🌸 🌺 🌹,0개
160,babymika,Congrats!,3개
161,고재원,곧 있으면 울려퍼질 노래 성지순례하러 왔습니다,341개
162,Ele엘,Henry and YoEun brought me here ❤,1개
163,damarisaguilar,Yo vine del run de bts ❤👌💫,0개
164,Apple,Congratulations 🥳,3개
165,NurHusninaShazman,"I thought I never listened them but actually i listen to this song so often woww, idk them but i know this song",1개
166,윤지성워너원,6년전 노래인데 진짜 세련됨ㄷㄷ,840개
167,softieshushu,a forever iconic bop 🌈✨❤️,0개
168,JiaYingXie,Will always coming back here for the spring 🌸🌸,5개
169,김상증,이게8년 전 노래라고? 유행따윈 없는 노래네,16개
170,사랑해요입분,저......7고살 1시간이이거해주새요♥♥♥,1개
171,youngmin,7년전 노랜데 전혀 촌스럽지도 않고 이런게 명곡이지,592개
172,urcrush,"그대여 그대여 그대여 그대여 그대여

오늘은 우리 같이 걸어요 이 거리를
밤에 들려오는 자장노래 어떤가요 오예
몰랐던 그대와 단 둘이 손 잡고
알 수 없는 이 떨림과 둘이 걸어요

봄바람 휘날리며
흩날리는 벚꽃 잎이
울려 퍼질 이 거리를
둘이 걸어요

봄바람 휘날리며
흩날리는 벚꽃 잎이
울려 퍼질 이 거리를
둘이 걸어요

오예

그대여 우리 이제 손 잡아요 이 거리에
마침 들려오는 사랑 노래 어떤가요 오예
사랑하는 그대와 단 둘이 손잡고
알 수 없는 이 거리를 둘이 걸어요

봄바람 휘날리며
흩날리는 벚꽃 잎이
울려 퍼질 이 거리를
둘이 걸어요

봄바람 휘날리며
흩날리는 벚꽃 잎이
울려 퍼질 이 거리를
둘이 걸어요

바람 불면 울렁이는 기분 탓에 나도 모르게
바람 불면 저편에서 그대여 니 모습이 자꾸 겹쳐
오 또 울렁이는 기분 탓에 나도 모르게
바람 불면 저편에서 그대여 니 모습이 자꾸 겹쳐

사랑하는 연인들이 많군요 알 수 없는 친구들이 많아요
흩날리는 벚꽃 잎이 많군요 좋아요

봄바람 휘날리며
흩날리는 벚꽃 잎이
울려 퍼질 이 거리를
둘이 걸어요

봄바람 휘날리며
흩날리는 벚꽃 잎이
울려 퍼질 이 거리를
둘이 걸어요

오예

그대여 그대여 그대여 그대여 그대여",72개
173,TuhfahNurdin,Finally!i found you😭😭,1개
174,드밥쇼,2020년에 보고있는 사람 손!!!,1개
175,옹브이로그TV,"NOW:이것이 가수다
PAST:홀리쇗
FUTURE:제 2의 벚꽃엔딩 ㄱㅈㅇ",1개
176,drsnowmon,You know its spring whem you start hearing this song in korea,780개
177,하얀보라,어쩜 이렇게 봄의 벚꽃을 잘 표현했을까,12개
178,DerekAnderson,0:23 이제는 불법이 되어버림,1개
179,HafizHassan,This song was in top 10 this year,1개
180,MelG,memories with my ex. haha,0개
181,루주주앙TV,설마 2018년도도 스물스물 올라오는건가...,11개
182,게스,2020년 4월!!😁,3개
183,노래모아,군전역 D-15 진짜 얼마 안남았다 힘내자!! 군생활의 끝을 벚꽃엔딩으로 맺어보자 멋진 엔딩이 되길.....,19개
184,MAHGAWDno,Lol I get to know this song from  webtoons ( fools)  HAHAHAHAHAHAH,0개
185,MoaPongen,recommendation from Su Lee,0개
186,송지환,아니 왜 봄이오는걸 멜론차트로확인하는데ㅋㅋㅋㅋㅋㅋㅋㅋㅋ,87개
187,송시현,2012 봄바람 흘라니며 ~🎶.                                     2020 빵테온~~~🎵🎶,4개
188,einnovyx,i came from reading fools webtoon lol,1개
189,Snow18,Who's here because of FOOLS? 🤣,0개
190,가은이팬1호,03:15 하 눈물난다..,1개
191,아힝힝,누가보면 방탄노래인줄 알겠네 댓글 점령한거봐라ㅋㅋㅋㅋㅋㅋ,190개
192,,"???:난 아직도 실버 3,4에 있었어~~ 근데 
난 플레에 가고싶다고 말했지~~",3개
193,HuangRenjun,LMAO I THOUGHT THEY WENT THERE CUZ OF THE GIRL TURNS OUT ITS BECAUSE OF THE TREEEEE,0개
194,muyfgil,"after a long time, i found this song",0개
195,Lilliansssssss,原來已經8年了~ 🥶🥶🥶🥶,1개
196,lilmamagc,Cherry Blossom pension!,0개
197,Spooky,I adore this song!,0개
198,emmaemu,I CAME HERE AFTER THE MELON RESULT,1개
199,lu,i miss korea 😭,0개
200,김동민,2019년에 듣고계신분~!??,812개
201,김범준,그렇게 실버판테온은 라인전에 지쳐 벚꽃을 보러오게 되는데,4개
202,쇼콜,"이 노래 나온지 8년이나 지난 지금, 출첵 하자~",1개
203,ChelseaEvora,Finally found this song after so long!!! alwdkhawkdhawdhihn I hate myself for taking this long ㅠㅠ,0개
204,Noopoy0127,Love these song,0개
205,남코치TV,조회수 1억은 나왔을줄 알았는데 사람들이 노래는 많이 들어도 생각보다 뮤비는 별로 안보는구나,659개
206,LiliFee,this is SPRING SONG of all time,0개
207,N,I am feeling old. 😢,0개
208,joechristene,this song gave life to hoseok’s hidden vocals ㅠㅠ,1개
209,Jelina,I just discovered this in ‘two days and one night’ AND DANG I’M INLOVE WITH THIS SONG 🥺❤️,3개
210,정세윤,장범준 연금 탈 시간이 왔다,258개
211,chanyza,"I KNEW THIS SONG FOR LIKE YEARS BUT NEVER KNEW THE NAME, I FINALLY FOUND IT OMG",0개
212,ChrisXu,really like that old model of vw so cute!!!!,0개
213,HootowlAriana,Came here from Puuung's video :3,0개
214,KristinaJh,"Im listening to this song since 2012💛🍥
Like.. i LOVE this song OMG😭🧡",9개
215,DanielleHipe,This was the band the beat exo and b.a.p from getting rookie of the year back in 2012 kahskdhdsk,597개
216,AkshitaRuhi,Hoseok brought me here.,0개
217,IK,I'm here because of Runningman X) #happyspring,4개
218,MrnneThea,I was here because of Jhope from BTS ;),0개
219,채널,???: 플레에 갈 거야~,1개
220,성이름,가운데에 있는분 초창기 꽈뚜룹 같다,1개
221,김기수,좋은노래에요 영상감사합니다,1개
222,추리남,2020?,1개
223,박자연,코로나야!  너! 당장! 사라져!!!,2개
224,영찬,외국인들 어차피 노래 의미 알지도 못하는데 뭔 들으러 오는것도 아니고 다른 아이돌 전파하러 오네 돌았나;,121개
225,Ga3wiiz,My favorite spring song ❤❤👍,0개
226,violetswereneverblue,I'm here because of my starry sky,0개
227,UmarHalim,The first time i hear this song was from Runningman during couple race eps,1개
228,danielavazquez,"I came back to this song thanks to srping and Fools manhwa, you really can feel you fall in love in the spring💕",2개
229,윤종빈,한국대중음악사에 길이남을 역작 2012년은 강남스타일과 벚꽃엔딩으로 압축할수있다.,313개
230,황승표,코로나 물러가라,2개
231,JNoreen,This song never gets old <3 It still gives me fresh feelings everytime I listen to it.,4개
232,apiss,คิดว่าพี่ติ๊ก เจษ 5555,1개
233,PujiRestuMaulida,"This mv is one of the biggest plot twist i've ever seen 
And also, this song is a masterpiece",15개
234,EsP,몇세기 지나면 이 노래 교과서에 실려서 후손들이 21세기 대한민국 시기에 널리불린 민요라면서 줄긋고 해석하면서 배울듯..장범준씨의 추임새 허어어어도 장범준씨 작품들의 특징으로 외우고 ㅋㅋ,11개
235,ZainalArifin,"#1buskerbusker
#2bts
Me : #1
You: ?",0개
236,NJ닌짱,"봄:장범준
여름:박명수,제시카
가을:먼데이키즈, 바이브
겨울:엘사",7개
237,SmokeWeedEveryDayyee,이 형이 나중에 판테온 노래를 만들줄 누가 알았겠어 ㅋㅋㅋ,1개
238,ARAKIM,I accidentally clicked this song while i was searching some spring kpop songs then My korean friend looked at me surprised asking how did i know this? Idk i just clicked it but this is really beautiful,1개
239,RobertGarcia,이 노래는 우리 50대되면 성인가요라면서 티비에서 나오겟지,110개
240,라921세상아잘있어,"봄만되면 지갑 터지는 가수:장범준,로이킴",2개
241,이지환,뮤비 존나 귀엽네 ㅋㅋㅋㅋㅋㅋㅋㅋㅋ,1개
242,hakunamatata,"That is Jang Beom Jun right?  Anyway, I have heard this song although I'm not Korean",0개
243,missedn,thanks BTS for introducing me this song,2개
244,송창섭,5년 전 2012년이면 엊그제같은데 5년 후 2022년이라 생각하면 존나 먼 미래같다,350개
245,EmilyVieira,Vim por causa de Fools,1개
246,ShekinahGarperio,"I came here because of the manhwa, Fools kkk",0개
247,HazelFayeGonzaga,"i often here this song as bgm (ang many other songs of this band). I finally  get to know this famous group when I watched Jang Beom June in Return of Superman. Jang Ha Da, your dad is so cool!",1개
248,KimLang,I try to find this song like crazy after hearing Byul ( Haha wife) singing just a line of this song with yonghwa and no wonder this song has been released for 8 years but still amazing.,1개
249,beashnpull,"한국에서 차트 기록세운 노래 가지고 외국 방탄팬들은 ""방탄이 언급해준거에 고마워 해야지"" 이 ㅈㄹ 하고 있네 ㅋㅋ",667개
250,BRISSDOMAR,"I come here because of Korea TVN reality show “Summer Vacation “. Thanks for taking me here, long time no searching for this song :) It’s midnight in Sep, I’m happy 🤎",3개
251,FarahAbdullah,"Idk where in the world I heard this song, am not korean, and I dont live in korea, but I think I might have heard it in a kdrama or bts singing it in vlive?? How in the world did I know its called the spring song?? I dont know that either, but I love it, and I kept awkwardly singing to shazam in hopes that I would find it... it didnt work.",4개
252,yongjunjung,2021 출첵(답글다세용),0개
253,병진뚜렛,실버판테온 보고 왔다,2개
254,SafakFrank,it is back to the charts... Again,30개
255,AnneL,Here because of JHope😂,0개
256,SendyChn,"The Korean restaurant i used to part time at often played this song
And it just stuck in me after so many years",1개
257,AgustinaFitaaa,Hi i'm from indonesia i like this song 😃,0개
258,MtPAJI,Finally found it.,1개
259,장진아,날씨 좋은날 이노래 들으면서 길거리 걸으면 진짜 행복함,732개
260,이태윤1,너무 좋다.. 노래,1개
261,SudhaJadapola,Awwwwwwww......the song ended!!!!!,0개
262,김성혁,진짜 ㄹㅇ로 응답하라 시리즈 나오면 무줘건 이 노래 나올 듯,1개
263,seholiccaerizen,THIS SONG IS TIMELESS!!!,1개
264,Montexic,Who's here because they simply have a good sense in music?,400개
265,RyanR,Fools brought me here. ❤️ Such a lovely song.,0개
266,SooJinCherry,"Hong Jin Young unnie brought me to here, I love this song ❤ Everyone can check her song about spring, that's Coming Spring so great",2개
267,ycho,다시 왔구나,3개
268,minaPetite,I always heard of this song in kdrama especially in spring season and university kdrama,3개
269,세린오,6년전은 어제 같고 6년 뒤는 너무 멀게 느껴진다...,249개
270,ShimiShimi,I know them since one of the members go to the return of the superman,7개
271,메롱롱,"코로나19는 이겨내고!벚꽃구경하라 갑시다.여러분덜!!!대구,경북 화이팅❤",2개
272,BayouDrank,I had always assumed my spring time allergies were due to the cherry blossoms blooming but it turns out it's just this song,3개
273,지나가는사람,2021년 출석체크 시작한다,2개
274,ManUtd,곧부활할노래,11개
275,김성호,??? 미드로 가보자 스노우볼을 굴려보자~~~,1개
276,LindrindonArmymarmy,From run bts🤗 песня такая красивая 🤧👏💜💜💜,1개
277,GeunmyeongBaick,저거 빠니보틀 차아니냐 ? ㅋㅋㅋㅋㅋㅋㅋㅋㅋㅋㅋㅋㅋㅋㅋㅋㅋㅋㅋㅋ,4개
278,김지원,1년 뒤에 다시 오게 될 2021년을 기다리며....,2개
279,강성주,0:45 버스커 버스커인데 버스 그리 크진 않네..,61개
280,CahyaMaulana,Whos here in november 2020?,0개
281,merve,come here from fools,0개
282,chaimajimin,8 years ago when i first listened to it i laughed so hard i found it silly song and the channel i watch used to play it at least 3 time a day so i used to it and  i like its one of my favourite songs 💜💜,9개
283,당탕박,0:24 겨울방학이 이까지 연기된걸 예견한 대사. 장범준은 이 모든 상황을 본거다. 장범준 그는 대체..,0개
284,자연인,"비록 코로나 바이러스 땜에
제대로 된 봄 기운을 느끼진
못 하겠지만 이 노래를 
들으며 봄을 그나마 느껴보자.",794개
285,구누,아 진짜ㅋㅋ 저 노란색 머리분 너무 데이브 닮으셨엌ㅋㅋㅋ,1개
286,UmmiSuraya,Knowing bros brought me here,0개
287,YenLinhDao,It's springtime again and just like every year I came here to listen to this masterpiece.,4개
288,MC,"After few years,still no one talk about Kang Sira PD101 here :(((",2개
289,한도경,와..벌써이노래가 8년전이네 시간빨리간다...ㄷㄷ,1개
290,ahmadarkan,I'm watching this vidio cz j hope singing this song,0개
291,김민석,브래드 근황보고온사람?,2개
292,Rhea,I first fell in love with this song when I heard it in the return of superman.🥺,0개
293,읃등,"방탄 얘기 그만해ㅠ
This is not a video of bts. Stop talking about bts. plz...🙁",296개
294,JohnNinenine,This feels like a copycat version of Tenterfield Saddler by Peter Allen,0개
295,longzheli,ㅎㅎㅎ기분조와저,1개
296,lia,I'm here cause woojin and jisung♥️,5개
297,ViviB,En el manhwa fools todos querían aprender a tocar esta canción en guitarra 🙈,0개
298,Mellifluous,"진짜 역겹다
방탄팬 어느정도가있지
좋은댓글많았는데
해외팬들 때문에 다 묻혔네",118개
299,lisajungkookshipper,"I am torn between this and spring day by bts. Oh well, I can play both songs hahaha",6개
300,ruthlessrays,Such a timeless song,0개
301,AnissaAlfian,2020.. Present..,0개
302,김기수,8년전 오늘,2개
303,AafifaS,Plot twist of this mv is so cute,0개
304,saikikismybabydaddy,idk why but they remind me of ben&ben but korean,0개
305,Bitia,💕💕,1개
306,minny,who else is coming here as spring approaches!!!🌸🌸,1개
307,nothingg,Can't believe it's been 4 years already...I remember when this song was everywhere. Still love this song :) has such a sweet feeling,395개
308,감자,"와 ㅁㅊ 이게 2012년 노래라니 말도 안돼 ㅁㅊㅁㅊㅁㅊ
지금은 아내분이랑 잘 살고 계시겠지",1개
309,royseo,뮤비 웰케 귀엽냐 ㅋㅋㅋㅋㅋ 노래 너무 좋다..,1개
310,겜록스tv,지금도 듣는사람 있나??,1개
311,이윤지,e학습터땜에 오신분....,1개
312,흑흑,"""라이엇은 벚꽃엔딩 판테온을 만들어달라!""",549개
313,최영진,벚꽃의 원산지가 한국이다. 일본이아니다.,6개
314,Robbiepurple,IU bring me here 😍 Good song,1개
315,임필수,봄도 아닌데 와버렸네;;;,1개
316,홍효정,노래가너무좋아요~~^^,1개
317,NikkiStar,Who else knew that they were coming for that tree instead of the girl because they watched too much kdramas to expect the plot twist? :) ,106개
318,ShamimaTasnim,Subtitles please,0개
319,간단한미역국레시피로구독자모으기,0:26,0개
320,bkyuni,I wish i can visit korea..This days too chaotic,0개
321,josh,Fools brought me here,0개
322,SGY,잘지은 노래하나 열빌딩 안부럽다.,14개
323,dayanastyles,Come here bcs hyungsik,0개
324,고등어운동유튜브,0:25 여기서 겨울방학이 좀더 길었으면 좋겠다하는데 지금 겨울방학이 몇주가 연기되는거야 ㄷㄷ,0개
325,남박지용,진짜 벛꽃엔딩...  이네....,1개
326,김민수,코로나 너무 심해진 지금 이번년도 빨리 지나고 적어도 내년 봄엔 마스크 안써도 되는 세상에서 살고싶다 정말로 너무 지긋지긋하다 코로나,3개
327,eunjioppa,"every year, when the spring comes, I start playing this song for hours and I feel like im in heaven",26개
328,ChimayMzhTxRLuUW,Legendary all the way 💚♥️💚,0개
329,이모띠,와 겁나 오래된 노래네 ㅋㅋㅋㅋㅋ 8년전이네 ㅋㅋ,1개
330,ManuelaBalam,Amo :),2개
331,아라,날씨는 쨍쨍하지만 그리 덥지도않고 바람도 선선하게 부는 날씨에 하늘위를보면 구름이 둥실둥실떠있고 옆에는 벛꽃나무랑 꽃들이 있는 산책길에서 내 친한사람과 같이 도순도순애기하며 행복하게 그 거리를 걷고 싶다,1개
332,JM주남,"이게 6년전인데 아직도듣고있네 ㄷㄷ 
띵곡 ㅇㅈ(1월달에쓴거)

자자 이제 주목!! 벛꽃 몰려올거같네요 노래와함께 < 3월 31일에 쓴거",214개
333,소희,"벚꽃엔딩, 무한도전, 건축학개론, 2012 이 때 좋았지",1개
334,millarayCartes,Me encanta ♡♡♡♡,0개
335,PROSOTO,"Hermosa canción.. no conocía a estos chicos,  alguien sabe si aún siguen ??",0개
336,JungkookwifeButhedontknow,This will forever be my favorite spring song,4개
337,MintiMin,Came back here after 4 years. I really miss them T.T,92개
338,예슈아곧오신다,"저는 이노래들으면 학교에서 그림그리고 뮤직비디오(?) 만든거 생각나요ㅠㅠ
이런노래들으면 동심으로 돌아가는 기분...",2개
339,모닝,데이브다~~~~~~~,1개
340,아영어학원숙제그지같다,"현 중3입니다 초2때부터 알게된 곡인대 이게 장범준님 곡인줄 몰랐네요 ㅋㅋㅋㅋ 저는 중1때부터 롤창인생을 시작해서 이번에 실버판테온을 통해 장범준 님 을 알게되었고, 다른곡도 찾아보던중에 이 노래가 나와서 깜작 놀랐습니다 ㅋㅋ",5개
341,YuiHin,2020 anyone ?,0개
342,신현우1834,진심 그렇게 많이 들었는데 뮤비는 오늘 처음으로 찾아서 본다...,529개
343,SungjinSong,코로나 C팔 진짜,1개
344,경찬,지금도 보는사람 없겠쥐 ㅋㅋㅋㅋ,1개
345,TatianaAraujo,Brazillian hereeeeeee✊ 🇧🇷🇧🇷🇧🇷🇧🇷🇧🇷🇧🇷,0개
346,약빤발라크,"다시, 벚꽃",2개
347,장원,이 노래만큼 이렇게 오랫동안 1년에 1번씩은 무조건 차트 순위권 드는 노래가 있을까,152개
348,DishaSarkar,"Am I the only one here who was using Pinterest and found a wallpaper with this song's name on it and set it as wallpaper then wanted to know what song it was?







No one? Yeah.... I knew it...",0개
349,MarkusSiagian,Did Anyone came here because of Running Man? I listened to this song from the variety show Running Man and I liked it. So easy listening,0개
350,Bluerosa,"Wow I didn't know that this song is awesome 



Spring day......?",1개
351,cozy,0:26,0개
352,모두의가족부,뮤비 제대로 본 적 없는데 내용 잘 보니까 개웃기네 ㅋㅋㅋㅋㅋ,1개
353,최지호,0:26,0개
354,KimFamily,와 이거 저에 학교에서 들었는데 또 들으네요 이 노래 참 좋다,1개
355,안수연,0:01,0개
356,우진님등장,"우리 엄마가 정말 좋아했던 노래인데ㅎㅎ
많은 여성들과 손 잡고 걷는 생각은 참 많이 했는데 왜 엄마랑 같이 할 생각은 못했을까요
엄마 우리 하늘에서 만나면 꼭 같이 노래 들으면서 걷자 사랑해 우리 엄마 아이디에요 욕은 하지 말아주세요ㅎㅎㅎ",399개
357,NonaNanna,i love this song when i first hrd it.. love from indonesia,2개
358,이무기인싸,와..... 봄하면 이 노래밖에 생각안난다! 다들 인정 하죠?,3개
359,방향제멜론,2021년 첫댓글이다..,0개
360,안수연,0:1,0개
361,mi,진짜 어딜가나 bts..나만 지겹나,153개
362,문재인탄핵사형,"봄스커 봄스커의 장봄준이 부릅니다
벚꽃 연금",1개
363,훼잇빌한인장로교회,i am Korean and i live in America. I just can type in Korean. but I can do this... ㅠㅠ,0개
364,PassingBy,이 곡 모르면 간첩ㅋㅋㅋ,0개
365,PaluHope,Muito bom ♡,0개
366,정재헌,이노래는 좋겠다 봄만되면 차트에 올라서....,48개
367,재주도SGDK,어떻게 이런 생각하지?!!1:18,1개
368,ImeneBouz,Timeless,0개
369,youshouldbesleeping,Came here because of manhwa fools,1개
370,남자,2021,1개
371,nostlgxx,"이제 또 올라온다,, 멜론차트 재진입ㅋㅋㅋㅋㅋㅋ앞으로 10년 뒤에도 사람들 기억에선 잊혀지지 않을듯",159개
372,키주TV,네가 4살 때잔엌ㅋㅋ,1개
373,강정림,ㅋㅋㅋㅋ조횟수 지렸다.ㅋㅋㅋㅋ,1개
374,KongpobSarawat,Verivery brought me here... 💙,1개
375,134340,Here because ateez 💙💙,0개
376,LovelyPoblete,"You can hear this song in almost every korean show during spring. 😍
I just found out who was the singer after watching TROS. Appa fighting!",780개
377,MatildeMagalhes,I'm here because of a manhwa named fools,0개
378,봉봉200,8년이 지낫지만 봄에 길거리에서 이 노래를 못들은 해 는 한번도 없다,2개
379,DrawingRabbit드로잉레빗,여자 말고 벚꽃나무를 원한겨..?,1개
380,ManangFangirl,GOT7 Jinyoung made me listen to it 💚,4개
381,Toraosan,The legend usually has no many song. They only release one song when debut yet it's last long forever. They are legend.,82개
382,나한국인임youfate,2021년 출체 댓글이 만아질 예정,0개
383,ViktorKjr,"Really missed my students life. Played busker-busker songs in bus way to my campus with trip about an hour. This one got to be my favorite but, ‘Love At Its First’ also a song which signifies myself as a grown up man. Thanks to this legendary band <3",3개
384,박찬율,아니 선생님 온라인수업에서 이걸보게합니까....?,1개
385,Sora,Gente vengo por fools y me quedo por qué es alta cancion,0개
386,덕질계,이제 곧 길거리에서 이노래 많이 들리겠구먼... 시간 진짜 빠르다...이게 벌써 7년전 노래....ㅠㅠ😭,52개
387,크리즈원에플,"그래......역시 장범준밖에 없다.....이수,박효신 노래 부를라다가 이거 부르니까 천국이 따로없네ㅋㅋ",1개
388,채,ㅋㅋㅋㅋㅋㅋㅇㄴ 8년전 영상인데 댓글들 다 최근이야ㅋㅋㅋ ㅋ,0개
389,우주와하준TV,"2012:우와 노래 좋다
2020:히든싱어 보고왔어요 편해준ㅋ",1개
390,물은셀프예요사장님,2021 세기의 대결. 코로나 vs 벛꽃엔딩,1개
391,정정미,곧 온다~~봄  빨리와라  미세먼지는 델꼬오지말고~너만 빨리와라,55개
392,스타셀,생각해보니까 이노래 나왔을때 초 2였네...,1개
393,방구빵우리는방구가족방구빵뽕뿡,장범준천재♡,1개
394,박지민,코로나땜에 이곳으로 달랜다,1개
395,이야맛이이기똥차다,봄인데 왜 우리한텐 봄이안오는걸까..,1개
396,YouthOne,Finally! I found this. You don’t know how much time I spent to find this!! D,52개
397,이이지웅,곰탕같은 노래.. 재탕해도 여전히 깊은 맛이,1개
398,SHKIM,20년에도 들으러 왔습니다. 다들 건강한 봄 됐으면...,1개
399,별이,온라인학습때문에 온사람 손!,1개
400,penguinic,"somebody told me that Akdong Musician Time And Fallen Leaves is an autumn anthem, then Busker Busker Cherry Blosson Ending is a spring anthem! XD ",6개
401,JanssenLynn,"I had known this song for the first time in 2012 because of my Korean friend, his name is Jo Jong Geun. He said this song very popular that time in Korea. But then I lost contact with him since he has a girlfriend and his girlfriend was very jealous with me😄",1개
402,kloamncz,벚꽃엔딩 이후에 봄 대표곡이 나올까 ㅋㅋㅋㅋㅋㅋ,0개
403,안수연,1:00,0개
404,재넌보호위원회,실버 판테오온오오온~~,1개
405,박진영,"시대를 안타는 노래. 100년이 지나도, 300년이 지나도 봄만 오면 사랑받을 노래다.",1개
406,이도연,이곡의 라이벌인 봄봄봄이 조회수가 더 높다니.....,1개
407,BTSARMY,Came here because of BTS💜,0개
408,domilama,❤️❤️❤️,0개
409,KatherineCisneros,Vengo de Fools xdxd,1개
410,김선표,크리스마스에  캐롤이 있다면 봄에는 벛꽃엔딩이 있다,232개
411,김현민,"봄하면 떠오르는 삼대장
버스커 버스커
로이킴
꽃가루",1개
412,연초연어초밥,그리고 처음에 나오는 그림 나만 귀엽나 ㅋㅋㅋㅋ,0개
413,FranciaLopez,"Stray kids :,)",0개
414,혜진,"아니 잠깐만.. 이게 8년전 노래요..?ㅋㅋㅋㅋ
지금도 엄청 좋아하고 잘듣고있는데 뭐야..
진짜 세월빨리갔어 퓨ㅠㅠㅠㅠㅠㅠㅠ",0개
415,전설의이름,교과서에 실려도 이상하지 않을 노래.ㅋㅋ,400개
416,AasAasds,얼었던 겨울이 녹는노래,2개
417,하클,지구 온난화 최대 피해자 댓글 어디 갔냐 ㅋㅋㅋㅋㅋㅋㅋㅋㅋㅋㅋㅋㅋ,0개
418,이모띠,노래 너무 좋다,1개
419,전기민들레,이게 8년전이라니 시간 빠르다..,1개
420,public,어떻게 노래가 7년이 지나도 촌스럽지가 않고 그때듣던 그 느낌을 그대로 전달하는거지 버스커버스커 대단하다 진짜..,140개
421,몬붕이,플래티넘 갈거야~,1개
422,정유진,2021 출첵,0개
423,제루,8년이나 됬구나 다시들어도 너무좋다.,1개
424,조현준,역시  장범준 👍👍👍👍👍👍👍👍👍👐👍👍👍♥♥♥♥♥♥♥♥♥♥♥♥♥♥♥♥,1개
425,Syoobi,I listen to this song for probably more than 6 hours already..  It just puts me into a happy mood!,23개
426,YouLocalWeirdo,I’ve come here because of a bl manwha and I regret nothing,0개
427,La0taku,Apuesto a ke llegaste aki por Fools 👺👌🏻🌸,0개
428,kinanakajima,♡♡♡♡♡♡♡from🇯🇵,0개
429,LeidyAO,Realmente me enamoré  de la música uf 💜,1개
430,Jumana,the song is back on melon music chart again!!!,39개
431,아잉,1:20,0개
432,PujiRestuMaulida,Korean spring national anthem,0개
433,현성,썸네일보고 가운데 분 미국에서온 데이브인줄,20개
434,이솜사탕,0:26,0개
435,sangson,멜론차트에 60위더라..스멀스멀 올라오는거 보니 봄이오긴 왔나보다,615개
436,고명수,2021년 출첵,0개
437,정수아,왕^^~~~~~좋다!!저 팬이에요!!,0개
438,나문희,범준이형 실버탈출기를 기원하자,1개
439,김진욱의미국VLOG,와....썸네일...데이브인줄 ㅋㅋㅋ,0개
440,SHINeeNAilee,Am I the only one who came here because I remembered when it was released as the huge monster it was and wanted to hear it again? Yes?,214개
441,hh,형태님..노래내주세유ㅠㅠ,0개
442,잉속았지,다시 뜰 시간 왔노,1개
443,곽춘배,대한민국에서 이거 모르면 진짜 사람아님ㄹㅇ,1개
444,안수연,1:34,0개
445,함승우,돌아오는봄이되면 이노래를 혼자듣고있지 않기를...,364개
446,나나,장범준 ㅋ,1개
447,건희,"제발 코로나,미세먼지는 가고 봄 바람만 오기를...",1개
448,사랑해요입분,보고싶은장법준,1개
449,파란오렌지,"모든계절을 다 이 노래로 보내네ㅎㅎ
빨리 코로나는 가고 벚꽃을 볼 수 있는 날이 오면......",1개
450,melissapeach,sad that all of the comments are about bts instead of the actual song,363개
451,이우키,이야 판테장인 풋풋한거 봐 ㅋㅋㅋㅋㅋㅋ,1개
452,썹썹이,와 어릴때 개 많이 들었는데... ㅎㅎ,2개
453,김루킹,배란다 창밖은 벛꽃엔딩 나가면 핵피엔딩 쉬발,1개
454,SN,진짜 세상에서 제일 설레는 노래 같당..,0개
455,SrijayaSalim,So this is the most downloaded song of all time in South Korea ? like it ^^,257개
456,아침낮잠,"0:23
5252아직은 안 된다구. 2년만 기다려",0개
457,lilmamagc,They better re release this for the 10 yr anniversary,0개
458,박세빈,"몇년째 봄되면 1위하는 노래.,,",1개
459,니나,"This was the song Gu Seung Joon sang when he was in the car with Seo Dan 😭😢

Why does he frickn have to die 😭😭

#cloy

구 승 준!!! 😭😭😭😭",1개
460,sunk,크리스마스 캐롤송처럼 이제 봄에 안들리면 허전해,116개
461,AdindaNurulHusna,am i the only one who came here because fools lol ?,0개
462,한달랭커,실버 빵테온~,1개
463,LionelMessi,이 노래가 그 봄만되면 돈을 쓸어담는다는 그 노래인가요?,1개
464,너닉씹덕같아,추운 가을밤에 이불둘러쓰고 보고있는사람 손?,1개
465,FERNFEFO,2020!!!!🤚🏻🤚🏻🤚🏻🤚🏻🤚🏻🤚🏻🤚🏻🤚🏻,1개
466,FitrianiGiringan,Who’s here after watching Mtopia?,0개
467,리해,그대여 하는순간 마음속으로 아 이거지,1개
468,강정림,8년전..,1개
469,ytfreq,simon and martha's link to the article brought me here,17개
470,로봇,"(음악)
그대여그대여그대여그대여그대여
(음악)
오늘은우리같이걸어요이거리를
(음악)
밤에들려오는자장노레어떤가여~~
오예~
(음악)
몰랐던~그대와 단둘이 손잡고
알수없는이떨림과
둘이걸어요~~
(음악)
봄바람휘날리며~
흩날리는벚꽃잎이~~
울려퍼진이거리를
둘이걸어요
봄바람휘날리며
흩날리는벚꽃잎이
울려퍼진이거리를
둘이걸어요
봄바람휘날리며
흩날리는벚꽃잎이
울려퍼진이거리를
둘이걸어요
(음악)
그대여이제
나중에ㅆㅇㅈ",10개
471,IrhamK,Ada gak yang dari Indonesia nonton ini?,1개
472,채연,봄되니까 이 노래가 생각나군 ㅎㅎ,1개
473,까꿍즈,"대한민국 4계절이다.
장'봄'준, 여름,가을,겨울",1개
474,Ayyydollfiddler,Very indie-ish. That explains why Koreans love them.,66개
475,성씅이에게임방송,아 개축억ㅠㅠ,0개
476,MiuTrn,23/8/2020❤️,0개
477,뚱띵이07,3:10 윤균상..?,0개
478,SaypanBank,ชอบเพลงนี้มาก ฟังตั้งแต่ออกใหม่ๆ เมื่อคืนย้อนไปดู Flower boy bromance นัมจูฮยอกกับจีซู ร้องเพลงนี้ เลยคิดถึงกลับมาฟังอีก❤️,0개
479,고등학생헬창,곧 거리에 울려퍼질 곡.,54개
480,장용재,ㄴㅋㅋ 너무좋앙,0개
481,됐다됐어,와 뮤비 진짜 추억이다 봄에 1학년때 선생님이 틀어줬던 기억이...,0개
482,김송희,2배속 개웃김,1개
483,오은석,브레드 드럼 진짜 얌전하게 치네...,0개
484,밍밍,가고픈 대학 붙어서 내년엔 벚꽃구경가자 !!,1개
485,기철없는이,"2019: 봄바람이 휘날리는~
2020: 코로나가 휘날리는~",0개
486,knt,원레 소속사 stone music 이였음? 아님 바뀐건가,1개
487,오지예,이게 벌써 8년전이다,1개
488,에레헤헤헿래렣레래레레레,이 노래만 들으면 마음한켠으로는 좋고 한켠으로는 설레고또 한켠으로는 슬프다 옛날에 엄마랑 동생들이랑 다같이 가족끼리 봄에 꽃보러 손잡고 가는 거랑 차타고 드라이브하는게 생각나면서 또 서로 많은 이야기를 하고 하하호호 행복하게 보낸 봄에 대한 기억들이 새록새록 떠 올라 나를 다시 과거로 돌아가는 듯한 느낌을 주고 항상 이노래를 들으면 마음이 싱숭생숭해지고 따뜻해지고 울컥하고 진짜 여러가지 감정이 들면서 항상 잊혀질 수 없는 기억으로 반주만 들어도 떠올라 나를 행복하게 해준다 ㅠㅠㅠ 다시 전으로 돌아갈 수는 없지만 늦기 전이라도 가족과 함께 이노래를 들으면서 새로운 추억을 만들어야겠다는 생각을 오늘도 해본다,176개
489,수달의염원,봄만 되면 다시 떠오르는 전설의 노래,1개
490,오오오,"어차피 이노래는 니 노래아니야
커플되면 다시 와라",1개
491,아가츠마젠이츠,그와중에 토끼 귀엽당...ㅎ,0개
492,니코니니코,코로나 메로나?????,1개
493,SOMETHING,2000만 뷰라니 말도 안되네..... 최소 3억뷰여야지,37개
494,TsalisAcha,I'm wondering about how Busker Busker is doing these days. Anyone keeping updates on them? What is their latest song?,2개
495,실압근짱구,이렇게 봄에 어울리는 노래가 또 어딨을까,1개
496,BrookeKimchii,"Heard this for the first time,
three and a half years ago in Korea. 😂 
Then I Heard it again six months ago in Korea.. 
I am Missing Korea so I sit here and listen. 
A classic 💙",2개
497,그녀,지갑엔딩은 없었다,1개
498,VivianK,"이 노래 별로 좋아하지 않았는데, 이제 21살 재수해서 대학교 들어갈 상황에서 들으니 좋네요. 그동안 봄을 즐겨보지 못했었네요. ㅋㅋ지금 들어갈 곳이 원하던 대학은 아니지만 앞으로 나아갈 길은 제가 그리던 길로 갈거예요. 모두 행복한 한 해 보내세요.",285개
499,뀨우,형태 뭐하고사냐 ㅠㅠㅠ,0개
