,keyword,count
0,노래,514
1,좋다,491
2,하다,336
3,봄,266
4,보다,202
5,들다,174
6,볼,154
7,진짜,149
8,나,147
9,이,133
10,있다,122
11,듣다,120
12,사춘기,112
13,때,106
14,빨갛다,101
15,같다,80
16,위,80
17,되다,78
18,곡,78
19,왜,77
20,사람,77
21,오다,75
22,뭐,68
23,없다,68
24,넘다,66
25,나오다,59
26,사랑,58
27,아니다,56
28,벚꽃,54
29,방탄,53
30,좋아하다,53
31,거,51
32,내,51
33,더,47
34,안지영,46
35,그렇다,44
36,싶다,44
37,재생,42
38,네,42
39,붙다,41
40,팬,41
41,부분,40
42,가다,40
43,이다,40
44,설레다,39
45,댓글,39
46,생각나다,39
47,개,39
48,다운로드,38
49,것,38
50,화살,38
51,귀엽다,36
52,그냥,36
53,말,36
54,이렇다,35
55,이번,35
56,곁,35
57,가사,35
58,알다,34
59,목소리,33
60,모르다,31
61,돼다,31
62,기운,30
63,너,30
64,믿다,29
65,역시,29
66,다시,29
67,여기,29
68,않다,28
69,계속,28
70,다른,28
71,뮤비,28
72,자다,28
73,맘,26
74,나다,26
75,기분,26
76,많다,26
77,그,25
78,좀,25
79,지윤,25
80,수,25
81,사라지다,25
82,생각,25
83,또,24
84,얼마나,23
85,완벽하다,23
86,느낌,23
87,난,23
88,두다,23
89,어울리다,22
90,하루,22
91,꽃,22
92,차트,22
93,정말,22
94,감사하다,22
95,지금,22
96,나가다,21
97,언니,21
98,이쁘다,21
99,날,21
100,예쁘다,21
101,저,20
102,순위,20
103,맞다,20
104,걸다,20
105,쓰다,20
106,처음,19
107,가수,19
108,넣다,19
109,불어오다,19
110,지나가다,19
111,미치다,19
112,해,19
113,대박,19
114,만들다,18
115,봄바람,18
116,해주다,18
117,사실,18
118,남자,18
119,밖,18
120,줄,18
121,임,18
122,요,17
123,이제,17
124,버리다,17
125,듯,17
126,살다,17
127,슬프다,16
128,무섭다,16
129,듣기,16
130,우리,16
131,눈치,16
132,항상,16
133,들리다,16
134,끄다,16
135,걸,16
136,필요,16
137,도입,16
138,부르다,16
139,응원,16
140,멜로디,15
141,하나,15
142,시작,15
143,보고,15
144,행복하다,15
145,차다,15
146,올라오다,15
147,아미,15
148,음색,14
149,제,14
150,여행,14
151,완전,14
152,노랗다,14
153,코로나,14
154,사가,14
155,안,14
156,이노,14
157,대단하다,14
158,선샤인,14
159,집,14
160,짝사랑,14
161,필요없다,14
162,뭔가,13
163,바보,13
164,앞,13
165,올해,13
166,벌써,13
167,욕,13
168,그만하다,13
169,비슷하다,13
170,데,12
171,애,12
172,사과,12
173,언제,12
174,개념,12
175,최고,12
176,한국인,12
177,받다,12
178,분,12
179,음원,12
180,어떻다,12
181,기다리다,12
182,맴돌다,12
183,무,11
184,그때,11
185,컴백,11
186,제일,11
187,떨어지다,11
188,내주다,11
189,거의,11
190,비추다,11
191,지다,11
192,작년,11
193,쏘다,11
194,스밍,11
195,거기,11
196,올라가다,11
197,안되다,11
198,말다,11
199,앨범,11
200,빠지다,11
201,고맙다,11
202,불다,10
203,자꾸,10
204,보,10
205,띵곡,10
206,티비,10
207,마음,10
208,돌리다,10
209,그만두다,10
210,한국,10
211,니,10
212,중,10
213,파트,10
214,빨다,10
215,못,10
216,요즘,10
217,작곡,9
218,전,9
219,떠오르다,9
220,불,9
221,얘기,9
222,자기,9
223,어디,9
224,무슨,9
225,학교,9
226,대다,9
227,화이팅,9
228,저격,9
229,한번,9
230,팬코,9
231,볼사,9
232,부,9
233,오해,9
234,누르다,9
235,치킨,9
236,고,8
237,진심,8
238,플라워,8
239,어그,8
240,댓,8
241,달달,8
242,자수,8
243,기억,8
244,지영,8
245,드리다,8
246,오늘,8
247,유튜브,8
248,아이돌,8
249,서현진,8
250,유승우,8
251,영,8
252,따르다,8
253,가즈,8
254,음악,8
255,힘들다,8
256,뼈,8
257,바로,8
258,분위기,8
259,겨울,8
260,팬덤,8
261,알,8
262,우주,8
263,사이,8
264,여러분,8
265,시간,7
266,주다,7
267,이르다,7
268,서다,7
269,아프다,7
270,싸우다,7
271,돌아오다,7
272,이용,7
273,찾다,7
274,따뜻하다,7
275,중독,7
276,상큼,7
277,똑같다,7
278,그룹,7
279,안좋다,7
280,힐링,7
281,자꾸만,7
282,대중,7
283,익숙하다,7
284,이용자,7
285,게,7
286,좋아지다,7
287,내다,7
288,인생,7
289,영상,7
290,사랑스럽다,7
291,클립,7
292,수준,7
293,별,7
294,친구,7
295,무시,7
296,볼빨,7
297,타이틀,7
298,작사,7
299,발음,7
300,추억,7
301,정도,7
302,짱,7
303,은,7
304,돌아가다,7
305,이곡,7
306,바람,7
307,언급,7
308,멜론,7
309,다가가다,7
310,크다,7
311,신곡,7
312,비,7
313,가장,7
314,따다,7
315,시험,7
316,번,7
317,꼭,6
318,축하,6
319,때문,6
320,되어다,6
321,타다,6
322,픽,6
323,남,6
324,매일,6
325,서로,6
326,악플,6
327,듣보다,6
328,공감,6
329,연애,6
330,들이다,6
331,먹다,6
332,겁나다,6
333,제발,6
334,달,6
335,끼다,6
336,밝다,6
337,누나,6
338,공부,6
339,살,6
340,보이다,6
341,계절,6
342,수록,6
343,다르다,6
344,새롭다,6
345,이유,6
346,갑자기,6
347,거리,6
348,감동,6
349,늘다,6
350,바닐라,6
351,솔직하다,6
352,로,6
353,감상,6
354,틀어주다,6
355,시국,6
356,모두,6
357,함,6
358,갈다,6
359,끝나다,6
360,마지막,6
361,기타,6
362,야하다,6
363,후,6
364,놓다,6
365,누가,6
366,들어가다,5
367,감성,5
368,큐피트,5
369,들려주다,5
370,뭘,5
371,도,5
372,녹다,5
373,인트,5
374,버티다,5
375,등,5
376,적다,5
377,심쿵,5
378,검색,5
379,느끼다,5
380,최애,5
381,가지,5
382,해도,5
383,블핑,5
384,모든,5
385,초반,5
386,정신,5
387,특유,5
388,혼자,5
389,여름,5
390,가을,5
391,누구,5
392,용,5
393,차려,5
394,선,5
395,찍다,5
396,영어,5
397,모,5
398,아이유,5
399,치다,5
400,독자,5
401,누,5
402,꽂히다,5
403,뜻,5
404,남다,5
405,갈래,5
406,젠,5
407,곧,5
408,글,5
409,라이브,5
410,시키다,5
411,누님,5
412,감정,5
413,비꼬다,5
414,바,5
415,비방,5
416,틀다,5
417,썸,5
418,천재,5
419,써다,5
420,당,5
421,엔딩,5
422,창,5
423,여친,5
424,매력,5
425,하트,5
426,울다,5
427,이상하다,5
428,실화,5
429,일간,5
430,맨,5
431,보이,5
432,약간,5
433,몽글몽글하다,5
434,활동,5
435,안나,5
436,날개,5
437,연금,4
438,여기다,4
439,타,4
440,진입,4
441,흥,4
442,다운,4
443,레전드,4
444,헤어지다,4
445,기억나다,4
446,음,4
447,상황,4
448,눈물나다,4
449,지나다,4
450,미세먼지,4
451,그거,4
452,둘,4
453,쓸다,4
454,눈물,4
455,빼다,4
456,타팬,4
457,인트로,4
458,활,4
459,지키다,4
460,역주행,4
461,아티스트,4
462,나르다,4
463,깔다,4
464,불쌍하다,4
465,가요,4
466,첫,4
467,사다,4
468,뭐라다,4
469,입덕,4
470,샤인,4
471,이분,4
472,개다,4
473,춘기,4
474,고백,4
475,봄날,4
476,대체,4
477,그녀,4
478,추하다,4
479,진정하다,4
480,중간,4
481,강,4
482,추다,4
483,들어오다,4
484,호강,4
485,목,4
486,매번,4
487,흥해랏,4
488,취향,4
489,이나,4
490,이서,4
491,어리다,4
492,떡,4
493,동생,4
494,테러,4
495,잇다,4
496,상전,4
497,힘,4
498,학기,4
499,충,4
500,높다,4
501,걷다,4
502,힘내다,4
503,생일,4
504,치,4
505,질리다,4
506,읽다,4
507,여,4
508,장면,4
509,인간,4
510,구걸,4
511,별로,4
512,하이라이트,4
513,부럽다,4
514,기간,4
515,싫다,4
516,돋다,4
517,쭉,4
518,아침,4
519,소름,4
520,기대하다,4
521,왕,4
522,신고,4
523,주년,4
524,이기다,4
525,아름답다,4
526,거지,4
527,바뀌다,4
528,날씨,4
529,느껴지다,4
530,재밌다,4
531,자리,4
532,이후,4
533,오,4
534,뒤,4
535,뚫다,4
536,생기다,4
537,만,4
538,짜증나다,4
539,꽂다,4
540,완전체,3
541,우쥰,3
542,코드,3
543,를,3
544,첸,3
545,젤,3
546,처럼,3
547,그대로,3
548,아시,3
549,비트,3
550,매년,3
551,스토어,3
552,인척,3
553,구경,3
554,지붕킥,3
555,안졍,3
556,유지,3
557,킬,3
558,외국인,3
559,새내기,3
560,독보,3
561,싸다,3
562,박히다,3
563,냄새,3
564,원하다,3
565,쭉쭉,3
566,풋풋하다,3
567,어쩜,3
568,신분,3
569,요새,3
570,예,3
571,여자,3
572,순간,3
573,많아지다,3
574,닮다,3
575,영혼,3
576,뮤,3
577,내년,3
578,건가,3
579,끊기다,3
580,재,3
581,표현,3
582,버스,3
583,꿀,3
584,내내,3
585,표절,3
586,안녕하다,3
587,특이하다,3
588,바라보다,3
589,빨,3
590,마,3
591,터,3
592,사,3
593,다미,3
594,쎄다,3
595,김,3
596,굿,3
597,다니다,3
598,탈퇴,3
599,달콤하다,3
600,역대,3
601,쪽팔리다,3
602,의,3
603,상태,3
604,살아나다,3
605,서요,3
606,킬링,3
607,바꾸다,3
608,한참,3
609,모습,3
610,현재,3
611,세우다,3
612,스트레스,3
613,창법,3
614,아아,3
615,원래,3
616,스트리밍,3
617,마냥,3
618,학년,3
619,대중성,3
620,피,3
621,오지,3
622,제목,3
623,가면,3
624,실력,3
625,남친,3
626,절로,3
627,후려치다,3
628,존,3
629,낮다,3
630,심지어,3
631,안질리다,3
632,더럽다,3
633,부가,3
634,굳이,3
635,몸,3
636,개인,3
637,아쉽다,3
638,아영,3
639,후렴,3
640,기네,3
641,차,3
642,지내다,3
643,건강하다,3
644,미소,3
645,감,3
646,굿굿,3
647,소리,3
648,점점,3
649,죽이다,3
650,해보다,3
651,적당하다,3
652,달다,3
653,며칠,3
654,기다,3
655,나중,3
656,몇,3
657,곳,3
658,환상,3
659,아래,3
660,쌤,3
661,유치하다,3
662,아무,3
663,가슴,3
664,마스크,3
665,화,3
666,답글순,3
667,커플,3
668,옴,3
669,상관없다,3
670,이해,3
671,보컬,3
672,땐,3
673,게다가,3
674,비슷,3
675,표정,3
676,밑,3
677,원더,3
678,색감,3
679,덕분,3
680,막,3
681,케이,3
682,추천,3
683,구독,3
684,웃기다,3
685,션,3
686,신기하다,3
687,흥얼거리다,3
688,예전,3
689,일,3
690,시비,3
691,머,3
692,단어,3
693,서어,3
694,오빠,3
695,명곡,3
696,콘서트,3
697,돌다,3
698,남자친구,3
699,자주,3
700,죽다,3
701,세포,3
702,전역,3
703,들어주다,3
704,선생님,3
705,들어서다,3
706,유명하다,3
707,수가,3
708,어색하다,3
709,저기,3
710,스,2
711,꺄,2
712,자구,2
713,늘,2
714,조,2
715,나들이,2
716,어쿠스틱,2
717,풀리다,2
718,지네,2
719,참여,2
720,담기다,2
721,커버,2
722,기금,2
723,피해,2
724,위로,2
725,강제,2
726,아픔,2
727,겹,2
728,버전,2
729,띵곡임,2
730,쫌,2
731,마구,2
732,숨다,2
733,갓,2
734,장범준,2
735,인지,2
736,어어,2
737,월간,2
738,동안,2
739,차이,2
740,지호,2
741,팩트,2
742,머리,2
743,떠올리다,2
744,당하다,2
745,보시,2
746,관심,2
747,모흐,2
748,엄청나다,2
749,전주부,2
750,돌,2
751,만하,2
752,시,2
753,킹,2
754,전혀,2
755,싫어하다,2
756,날뛰다,2
757,답,2
758,뜨다,2
759,건지다,2
760,전쟁,2
761,반주,2
762,거나,2
763,금,2
764,난리,2
765,다음,2
766,멋있다,2
767,먼저,2
768,우리나라,2
769,봄꽃,2
770,댜,2
771,잘불르다,2
772,짓,2
773,순수하다,2
774,단백질,2
775,듣보잡,2
776,보충,2
777,울림,2
778,사발,2
779,쓸데없다,2
780,뮤직,2
781,추,2
782,얼굴,2
783,닿다,2
784,목숨,2
785,음란,2
786,캐릭,2
787,공격,2
788,잘나다,2
789,엑소,2
790,막다,2
791,띵,2
792,박다,2
793,영차,2
794,전남친,2
795,안대,2
796,더더,2
797,가끔,2
798,사재기,2
799,문제,2
800,무한,2
801,간다,2
802,대학,2
803,헐다,2
804,굳다,2
805,명,2
806,만행,2
807,밤,2
808,이맘,2
809,송이,2
810,경쟁,2
811,깡패,2
812,와중,2
813,끝,2
814,포인트,2
815,찰떡,2
816,기,2
817,만약,2
818,심장,2
819,타이틀곡,2
820,어째,2
821,흐,2
822,거들다,2
823,즐겁다,2
824,존중,2
825,최공,2
826,계정,2
827,한편,2
828,각,2
829,축제,2
830,본인,2
831,생활,2
832,인,2
833,악기,2
834,자,2
835,부터,2
836,대부분,2
837,중요하다,2
838,모니터링,2
839,넹,2
840,도대체,2
841,인정,2
842,일반인,2
843,말로,2
844,담다,2
845,법,2
846,맛,2
847,절대,2
848,하이,2
849,고르다,2
850,닉네임,2
851,바라다,2
852,벅차오르다,2
853,돈,2
854,파이팅,2
855,남아,2
856,가르다,2
857,치유,2
858,분명,2
859,야자,2
860,휘날리다,2
861,내려오다,2
862,조금,2
863,기대,2
864,주가,2
865,사진,2
866,놀다,2
867,낮,2
868,시상식,2
869,꾸준하다,2
870,핑크,2
871,코인,2
872,즐기다,2
873,욕먹다,2
874,나무,2
875,끼리,2
876,이세,2
877,두루,2
878,팅,2
879,놈,2
880,문화,2
881,다른사람,2
882,보여주다,2
883,가족,2
884,점령,2
885,묘,2
886,비추가,2
887,씨밬,2
888,구글,2
889,사도,2
890,아앙,2
891,보임,2
892,캐롤,2
893,인기,2
894,맡다,2
895,방,2
896,존칭,2
897,실시간,2
898,된거,2
899,일루미나티,2
900,비다,2
901,짐,2
902,채,2
903,발,2
904,태식,2
905,존재,2
906,워,2
907,씽,2
908,꿈,2
909,번만,2
910,그레이,2
911,꼬춘,2
912,빡치다,2
913,행,2
914,포스트잇,2
915,신라,2
916,저번,2
917,혹시,2
918,늘어나다,2
919,넘치다,2
920,수정,2
921,선사,2
922,침,2
923,욥,2
924,햇빛,2
925,랩,2
926,당신,2
927,다비치,2
928,랄,2
929,안다,2
930,전부,2
931,러블리,2
932,나와랏,2
933,살리다,2
934,한글,2
935,찾기,2
936,씨,2
937,컨셉,2
938,해체,2
939,헤드폰,2
940,부족하다,2
941,새벽,2
942,일단,2
943,등장,2
944,놀래다,2
945,떠나다,2
946,변인,2
947,스토리,2
948,모이다,2
949,직접,2
950,깨다,2
951,선선,2
952,짝남,2
953,편,2
954,슬픔,2
955,비디오,2
956,반박,2
957,현실,2
958,최,2
959,적,2
960,영원하다,2
961,분명하다,2
962,가리다,2
963,의미,2
964,뒤지다,2
965,쪽,2
966,슈가,2
967,상대방,2
968,백현,2
969,피다,2
970,자신,2
971,사기,2
972,손,2
973,워커홀릭,2
974,써주다,2
975,여행가,2
976,때메,2
977,솔로,2
978,삼촌,2
979,기도,2
980,앉다,2
981,장점,2
982,짓다,2
983,타고,2
984,멍,2
985,들려오다,2
986,만나다,2
987,그날,2
988,고딩,2
989,실감,2
990,조이,2
991,종일,2
992,시절,2
993,절,2
994,웃다,2
995,버튼,2
996,갱년기,2
997,드,2
998,보기,2
999,관리,2
1000,소녀,2
1001,길,2
1002,샘플링,2
1003,씹다,2
1004,그게,2
1005,이상,2
1006,스타일,2
1007,초,2
1008,기쁘다,2
1009,떨리다,2
1010,오키나와,2
1011,후렴구,2
1012,소속사,2
1013,볼터치,2
1014,오히려,2
1015,관계,2
1016,점,2
1017,발매,2
1018,지나,2
1019,여자애,2
1020,연기,2
1021,각자,2
1022,자랑스럽다,2
1023,개꿀,2
1024,간사,2
1025,힘드다,2
1026,자체,2
1027,기능,2
1028,전주,2
1029,지루하다,2
1030,없어지다,2
1031,터지다,2
1032,짱짱,2
1033,질투,2
1034,시기,2
1035,탄생,2
1036,애쓰다,2
1037,햇살,2
1038,화음,2
1039,쿨밤,2
1040,핀,2
1041,자랑,2
1042,유,2
1043,흥얼흥얼,2
1044,요가,2
1045,저런,2
1046,빠르다,2
1047,저절로,2
1048,도서관,2
1049,온통,1
1050,시런,1
1051,턴,1
1052,프로필,1
1053,능력,1
1054,얘,1
1055,멤버,1
1056,멍청이,1
1057,클라스,1
1058,갑,1
1059,고작,1
1060,강자,1
1061,시스템,1
1062,오프닝,1
1063,년,1
1064,보고오다,1
1065,달짓,1
1066,후주,1
1067,힙합,1
1068,차피,1
1069,의심,1
1070,직시,1
1071,저러다,1
1072,장인,1
1073,신세계,1
1074,퍼팩트킬가자,1
1075,고등학교,1
1076,애드,1
1077,하자,1
1078,유일하다,1
1079,아이스크림,1
1080,달이다,1
1081,페이지,1
1082,한심하다,1
1083,워낙,1
1084,러,1
1085,프로,1
1086,무서움,1
1087,겸,1
1088,엘소드,1
1089,첨부,1
1090,긔,1
1091,셀,1
1092,등등,1
1093,미궁,1
1094,정정당당하다,1
1095,애초,1
1096,미씽,1
1097,하여튼,1
1098,셜리,1
1099,무엇,1
1100,증명,1
1101,충분하다,1
1102,오피,1
1103,품다,1
1104,구지,1
1105,카톡,1
1106,방이,1
1107,파서,1
1108,도배,1
1109,힘겹다,1
1110,스탭밟을듯,1
1111,몰래,1
1112,폭발,1
1113,라나,1
1114,출근,1
1115,가든,1
1116,빛속,1
1117,이정,1
1118,긱스,1
1119,키,1
1120,붙이다,1
1121,제이드,1
1122,보심,1
1123,매드클라운,1
1124,두,1
1125,반복,1
1126,스밍빨,1
1127,머릿수,1
1128,과거,1
1129,기록,1
1130,공원,1
1131,아예,1
1132,동네,1
1133,세뇨,1
1134,대박나다,1
1135,듀,1
1136,엘,1
1137,고치다,1
1138,쓓,1
1139,앜,1
1140,쓋,1
1141,기계,1
1142,최정우,1
1143,총동원,1
1144,무음,1
1145,서기,1
1146,대신,1
1147,욤,1
1148,취한,1
1149,슈,1
1150,도리,1
1151,토리,1
1152,갈피,1
1153,못자다,1
1154,각각,1
1155,마디,1
1156,가볍다,1
1157,논,1
1158,짬,1
1159,척좀,1
1160,타도,1
1161,이군,1
1162,버벅대다,1
1163,뇨,1
1164,마리,1
1165,가능성,1
1166,박성욱,1
1167,진오,1
1168,우왕,1
1169,허비하다,1
1170,닥치고,1
1171,안주,1
1172,고고씽,1
1173,과연,1
1174,똥똥똥,1
1175,원스,1
1176,러시아,1
1177,살아오다,1
1178,알렉세이,1
1179,빙의,1
1180,러시아어,1
1181,온,1
1182,낙,1
1183,외치다,1
1184,따지다,1
1185,잊다,1
1186,빠충이들,1
1187,졍쓰,1
1188,꽃길,1
1189,저희,1
1190,볼빠팬,1
1191,잖다,1
1192,런런,1
1193,꼬이다,1
1194,레,1
1195,벌,1
1196,과일,1
1197,함돠,1
1198,라면,1
1199,속,1
1200,올킬,1
1201,감탄,1
1202,빠염,1
1203,왈왈왈,1
1204,간주,1
1205,무조,1
1206,애꿎,1
1207,꼬,1
1208,몰리다,1
1209,존트,1
1210,꼬엿,1
1211,캐,1
1212,늬들,1
1213,왤다,1
1214,슷한데,1
1215,공,1
1216,쩔어요,1
1217,마인드,1
1218,낮추다,1
1219,덜,1
1220,폰,1
1221,미뗬,1
1222,빛,1
1223,시간대,1
1224,슬리피,1
1225,근대,1
1226,죄송하다,1
1227,송지은,1
1228,영주,1
1229,친하다,1
1230,창피하다,1
1231,보이스,1
1232,대해,1
1233,귀가,1
1234,다,1
1235,사하다,1
1236,완전하다,1
1237,표,1
1238,저녁,1
1239,낮아지다,1
1240,학생,1
1241,나서다,1
1242,방금,1
1243,세,1
1244,싸우지마,1
1245,끈질기다,1
1246,단독,1
1247,쇼케이스,1
1248,오르락내리락,1
1249,젖다,1
1250,함정,1
1251,비추,1
1252,태연,1
1253,가득,1
1254,쩐듯,1
1255,틀어놓다,1
1256,연간,1
1257,보신,1
1258,내려가다,1
1259,그뫈,1
1260,내일,1
1261,일어나서,1
1262,가뜩이나,1
1263,빡세,1
1264,조용하다,1
1265,내지,1
1266,들뜨다,1
1267,해결,1
1268,주르륵,1
1269,들먹이다,1
1270,금타,1
1271,줄기,1
1272,잡지,1
1273,일일이,1
1274,웃음,1
1275,고민,1
1276,거란,1
1277,싸잡다,1
1278,알려지다,1
1279,고간,1
1280,이중성,1
1281,리스너,1
1282,찌다,1
1283,예측,1
1284,아미가,1
1285,봄타다,1
1286,로움,1
1287,나소,1
1288,지겹다,1
1289,왓,1
1290,구나,1
1291,확,1
1292,망상,1
1293,어쩌,1
1294,출근길,1
1295,부들,1
1296,히트치다,1
1297,다급하다,1
1298,깜짝,1
1299,런가,1
1300,채우다,1
1301,타령,1
1302,발버둥,1
1303,나머지,1
1304,세계,1
1305,정상,1
1306,청량하다,1
1307,지니,1
1308,참고,1
1309,질리,1
1310,혐오,1
1311,의인화,1
1312,주옥,1
1313,주위,1
1314,단조롭다,1
1315,엇네,1
1316,관,1
1317,사칭,1
1318,닉넴,1
1319,수의,1
1320,타가,1
1321,땅,1
1322,에이,1
1323,뷔마,1
1324,거인,1
1325,봄밤,1
1326,술,1
1327,잘나오다,1
1328,벌다,1
1329,어마,1
1330,요약,1
1331,진취,1
1332,무상,1
1333,누적,1
1334,물씬,1
1335,반응,1
1336,인정받다,1
1337,족,1
1338,달지맙시,1
1339,종특,1
1340,가사도,1
1341,을해,1
1342,각본,1
1343,기여,1
1344,만들어지다,1
1345,주제,1
1346,분수,1
1347,미칭,1
1348,식,1
1349,겁니다,1
1350,마귀,1
1351,알아듣다,1
1352,유독,1
1353,본토,1
1354,천년,1
1355,일본,1
1356,대한,1
1357,하라,1
1358,똑바로,1
1359,열폭,1
1360,자기혐오,1
1361,계승,1
1362,라인,1
1363,드러내다,1
1364,곤충,1
1365,숲,1
1366,동물,1
1367,스님,1
1368,견쌍,1
1369,부처핸썸,1
1370,종은,1
1371,쌓이다,1
1372,외우다,1
1373,빼박,1
1374,매다,1
1375,아,1
1376,전개,1
1377,뛰어나다,1
1378,는걸,1
1379,일상생활,1
1380,슬푸당,1
1381,조음,1
1382,단체,1
1383,로꼬,1
1384,유주,1
1385,갓띵곡,1
1386,여자친구,1
1387,낼때,1
1388,지켜보다,1
1389,블핑팬,1
1390,로디,1
1391,근래,1
1392,폼,1
1393,사라,1
1394,지탱,1
1395,확실하다,1
1396,응,1
1397,블랙,1
1398,백만,1
1399,집권,1
1400,졸,1
1401,생리통,1
1402,무조건,1
1403,위얌,1
1404,군,1
1405,변동,1
1406,해어지다,1
1407,싸람,1
1408,계,1
1409,기부,1
1410,관련,1
1411,관리자,1
1412,갓세븐,1
1413,드애박,1
1414,한계,1
1415,세련,1
1416,부드럽다,1
1417,부동,1
1418,호불호,1
1419,갈레,1
1420,은줄,1
1421,화재,1
1422,내리다,1
1423,주일,1
1424,미가,1
1425,삭제,1
1426,의하다,1
1427,땜시,1
1428,조앙,1
1429,존내,1
1430,만난,1
1431,부의,1
1432,막강,1
1433,및,1
1434,소방,1
1435,수익금,1
1436,봄봄,1
1437,남기다,1
1438,해당,1
1439,좋앙,1
1440,창모,1
1441,쇼핑몰,1
1442,신경,1
1443,필수,1
1444,또또,1
1445,상처,1
1446,태양,1
1447,기다림,1
1448,진쩌,1
1449,신,1
1450,해진,1
1451,홍홍,1
1452,쌔긴하,1
1453,딸기,1
1454,런,1
1455,에드,1
1456,소우주,1
1457,불가,1
1458,케이크,1
1459,여진,1
1460,갠취,1
1461,정성,1
1462,이별,1
1463,몫,1
1464,이미지,1
1465,만이,1
1466,뿌터,1
1467,듯용,1
1468,옆집,1
1469,나름,1
1470,돌파,1
1471,지리다,1
1472,개조,1
1473,티,1
1474,티저,1
1475,스밍안,1
1476,밀리다,1
1477,결론,1
1478,꾸다,1
1479,상위,1
1480,비교,1
1481,압살,1
1482,허헣,1
1483,드라마,1
1484,평화,1
1485,엘범,1
1486,싸움,1
1487,전곡,1
1488,체인지,1
1489,다양하다,1
1490,얼마,1
1491,떨다,1
1492,막상,1
1493,기원,1
1494,인대,1
1495,튀다,1
1496,톡톡,1
1497,비눗방울,1
1498,선방,1
1499,부들대다,1
1500,저리,1
1501,버,1
1502,엮,1
1503,타이밍,1
1504,꺾다,1
1505,드네,1
1506,꺄아아,1
1507,더럽히다,1
1508,거울,1
1509,확인,1
1510,부탁드리다,1
1511,수만,1
1512,심,1
1513,텐,1
1514,녹아내리다,1
1515,배성재,1
1516,기여웡,1
1517,병,1
1518,신들,1
1519,토요일,1
1520,홍익인간,1
1521,억지로,1
1522,간질,1
1523,잡다,1
1524,아마,1
1525,선동,1
1526,맺다,1
1527,평점,1
1528,상시,1
1529,악플달다,1
1530,한철,1
1531,비판,1
1532,뽑다,1
1533,특정,1
1534,님들,1
1535,몇몇,1
1536,오묘하다,1
1537,애매하다,1
1538,선의,1
1539,승부,1
1540,경계,1
1541,로만,1
1542,열스밍,1
1543,불과,1
1544,나쁘다,1
1545,잘뽑다,1
1546,롱런,1
1547,월,1
1548,위엔,1
1549,행사,1
1550,원인,1
1551,애인,1
1552,자제,1
1553,넘어가다,1
1554,애기,1
1555,읍,1
1556,조아영,1
1557,너무머쨔용,1
1558,녕,1
1559,정복,1
1560,됴,1
1561,꼬추,1
1562,연예세포,1
1563,허락,1
1564,혹사,1
1565,갠,1
1566,돋보이다,1
1567,비슷비슷,1
1568,이중,1
1569,성인,1
1570,스밍할게,1
1571,몇개,1
1572,떡락,1
1573,쓴다,1
1574,작품,1
1575,꼴,1
1576,모양,1
1577,할인,1
1578,나이,1
1579,승승장구,1
1580,맘껏,1
1581,우웩,1
1582,개띵곡,1
1583,작업,1
1584,로써,1
1585,따라잡다,1
1586,답넹,1
1587,팔다,1
1588,라이트,1
1589,성공,1
1590,계심,1
1591,괜찮다,1
1592,첫날,1
1593,플레이,1
1594,견제,1
1595,좋댜,1
1596,숫자,1
1597,어차피,1
1598,마여,1
1599,리스트,1
1600,추가,1
1601,연연하다,1
1602,덕후,1
1603,사만,1
1604,성,1
1605,화창하다,1
1606,당연하다,1
1607,영원,1
1608,뺏다,1
1609,무사,1
1610,벛꽃,1
1611,출석,1
1612,주시,1
1613,연락,1
1614,사항,1
1615,자세하다,1
1616,모집,1
1617,러볼리,1
1618,리액션,1
1619,대변,1
1620,팀,1
1621,채널,1
1622,전해지다,1
1623,전달,1
1624,가창력,1
1625,짝,1
1626,대요,1
1627,애맘,1
1628,압,1
1629,혐,1
1630,고추,1
1631,콘텐츠,1
1632,벨소리,1
1633,전화,1
1634,킬포,1
1635,불구,1
1636,조차,1
1637,평균,1
1638,플,1
1639,톤,1
1640,남한,1
1641,렌즈,1
1642,카메라,1
1643,사용,1
1644,설,1
1645,뮤직비디오,1
1646,좀더,1
1647,다투다,1
1648,듀오,1
1649,떼다,1
1650,깨알,1
1651,조그만,1
1652,세대,1
1653,찜팬,1
1654,부산,1
1655,송,1
1656,심슬,1
1657,읎어,1
1658,빠져나오다,1
1659,삼일절,1
1660,아우르다,1
1661,달라,1
1662,밉다,1
1663,래미,1
1664,살딸,1
1665,끼,1
1666,조카,1
1667,깅,1
1668,여성,1
1669,취적,1
1670,심하넹,1
1671,이애,1
1672,하트뿅뿅,1
1673,책상,1
1674,노랩니,1
1675,일주일,1
1676,녜,1
1677,시프,1
1678,나타나다,1
1679,라이벌,1
1680,충격,1
1681,꽤,1
1682,쓸쓸하다,1
1683,장난,1
1684,벽제,1
1685,걸리다,1
1686,모름,1
1687,려,1
1688,장기,1
1689,푹,1
1690,지르다,1
1691,개졸귀,1
1692,른,1
1693,우쥰한테,1
1694,쐇,1
1695,반하다,1
1696,컾,1
1697,큐피드,1
1698,훈훈행,1
1699,풋풋,1
1700,애니메이션,1
1701,연출,1
1702,웃곀,1
1703,손절,1
1704,지체,1
1705,개인주의,1
1706,다다,1
1707,죻아,1
1708,가지다,1
1709,살벌하다,1
1710,꼿는거,1
1711,날리다,1
1712,겠다,1
1713,쳐다보다,1
1714,새우,1
1715,미쳣냐구,1
1716,다다다,1
1717,웃기,1
1718,모델,1
1719,소주,1
1720,랜덤,1
1721,실,1
1722,방송,1
1723,교장,1
1724,점심시간,1
1725,굼굼,1
1726,루삥뽕,1
1727,낫다,1
1728,예버,1
1729,게임,1
1730,소환,1
1731,드킬,1
1732,트리플,1
1733,더블,1
1734,구글플레이,1
1735,왜캐,1
1736,광고,1
1737,꽂곸,1
1738,학습,1
1739,온라인,1
1740,싱글,1
1741,독서실,1
1742,돌아다니다,1
1743,회관,1
1744,교육,1
1745,대상,1
1746,나무라다,1
1747,뉘,1
1748,디어,1
1749,불루,1
1750,엣된,1
1751,왜때,1
1752,학예,1
1753,쯤,1
1754,빠젔어,1
1755,외,1
1756,소설,1
1757,북마크,1
1758,수업,1
1759,한정,1
1760,귀여웡,1
1761,책갈피,1
1762,야속하다,1
1763,뭐길,1
1764,빗어주다,1
1765,어요,1
1766,앞날,1
1767,창피,1
1768,다가,1
1769,절하,1
1770,뇌,1
1771,아이디,1
1772,발견,1
1773,인스타,1
1774,육교,1
1775,해석,1
1776,배,1
1777,싸이코,1
1778,일로,1
1779,좌,1
1780,존나,1
1781,껀,1
1782,비록,1
1783,가호,1
1784,스파이,1
1785,탈,1
1786,나나,1
1787,물다,1
1788,거너,1
1789,고생,1
1790,오늘이,1
1791,하필,1
1792,들르다,1
1793,펜,1
1794,겟어,1
1795,신기,1
1796,앵무,1
1797,모란,1
1798,블랙홀,1
1799,빠져나가다,1
1800,보라,1
1801,있을런,1
1802,갈수,1
1803,갈등,1
1804,실망,1
1805,인재,1
1806,알고리즘,1
1807,앞길,1
1808,한마디,1
1809,간절하다,1
1810,필요하다,1
1811,짧아지다,1
1812,효과,1
1813,금색,1
1814,안경,1
1815,드르,1
1816,뻥,1
1817,게이,1
1818,단점,1
1819,기르다,1
1820,이루다,1
1821,속상하다,1
1822,갈라지다,1
1823,부로,1
1824,향수,1
1825,개학,1
1826,반,1
1827,걔,1
1828,어렵다,1
1829,크립,1
1830,가보다,1
1831,탄천,1
1832,여고,1
1833,잘해주다,1
1834,무리하다,1
1835,꼽는거,1
1836,잃어버리다,1
1837,상상,1
1838,되찾다,1
1839,나녀,1
1840,활기,1
1841,아기,1
1842,지난,1
1843,정확하다,1
1844,단정하다,1
1845,멋대로,1
1846,배역,1
1847,메이킹,1
1848,진정,1
1849,리얼,1
1850,천사,1
1851,모으다,1
1852,예뻐졋다,1
1853,중간고사,1
1854,아련하다,1
1855,리도,1
1856,연주가,1
1857,달려가다,1
1858,왖,1
1859,롯데리아,1
1860,썸네일,1
1861,고심,1
1862,해지,1
1863,동글동글,1
1864,재민,1
1865,인지도,1
1866,등굣길,1
1867,말랑말랑하다,1
1868,종식,1
1869,전이,1
1870,관점,1
1871,펴다,1
1872,눈,1
1873,데이트,1
1874,이언,1
1875,응윈,1
1876,너희,1
1877,가타,1
1878,뱉다,1
1879,스테이플러,1
1880,다이아,1
1881,탁,1
1882,향수병,1
1883,잘못,1
1884,영화,1
1885,광주,1
1886,기본,1
1887,중국,1
1888,지누,1
1889,자괴,1
1890,학원,1
1891,쥬금,1
1892,닌,1
1893,차지,1
1894,삐,1
1895,슬펑,1
1896,거품,1
1897,여운,1
1898,인분,1
1899,신다,1
1900,잣,1
1901,아씨,1
1902,멈추다,1
1903,봄뜻,1
1904,간,1
1905,은근,1
1906,밀다,1
1907,잠깨,1
1908,기숙사,1
1909,인공호흡,1
1910,한가지,1
1911,바퀴,1
1912,의자,1
1913,슬,1
1914,이익,1
1915,신호등,1
1916,하교,1
1917,날아다니다,1
1918,내놓다,1
1919,시발,1
1920,윤지영,1
1921,엌,1
1922,생기,1
1923,수고,1
1924,감정이입,1
1925,시각,1
1926,간곡,1
1927,한겨울,1
1928,앞서,1
1929,시대,1
1930,예상,1
1931,럭스,1
1932,로불,1
1933,배경,1
1934,단체사진,1
1935,따스하다,1
1936,언어,1
1937,기요,1
1938,연서,1
1939,풍년,1
1940,멈쳐,1
1941,로맨스,1
1942,순,1
1943,이보,1
1944,개성,1
1945,안타깝다,1
1946,소식,1
1947,발표,1
1948,어우,1
1949,람다,1
1950,깜찍하다,1
1951,노레,1
1952,역할,1
1953,최고다,1
1954,봄때,1
1955,논산,1
1956,즈음,1
1957,셨어,1
1958,한잔,1
1959,덩이,1
1960,사분,1
1961,기대다,1
1962,섞이다,1
1963,그립다,1
1964,다리,1
1965,철로,1
1966,해질녘,1
1967,루,1
1968,인하다,1
1969,조만간,1
1970,부탁,1
1971,상중,1
1972,됐쥬,1
1973,슬슬,1
1974,퀸,1
1975,제격,1
1976,워진,1
1977,아웃,1
1978,위건,1
1979,위녜,1
1980,자동,1
1981,정화,1
1982,설탕,1
1983,흩날리다,1
1984,가능하다,1
1985,여러,1
1986,독특하다,1
1987,팔색조,1
1988,데려오다,1
1989,입대,1
1990,오른쪽,1
1991,왼쪽,1
1992,이어폰,1
1993,어제,1
1994,혈당,1
1995,허위,1
1996,짧다,1
1997,심쿵하다,1
1998,여전하다,1
1999,그땐,1
2000,일부러,1
2001,애도,1
2002,설콘,1
2003,머릿속,1
2004,더디다,1
2005,슬금슬금,1
2006,달성,1
2007,이원진,1
2008,몇번,1
2009,두기,1
2010,사회,1
2011,쌍,1
2012,신선하다,1
2013,썸녀,1
2014,십센티,1
2015,리뷰,1
2016,훅,1
2017,나랏말싸미,1
2018,대조,1
2019,실록,1
2020,왕조,1
2021,역사왜곡,1
2022,아유,1
2023,창피해,1
2024,카페,1
2025,통통,1
2026,전입,1
2027,마음먹다,1
2028,너무하다,1
2029,하넹,1
2030,탑,1
2031,면,1
2032,댕기,1
2033,적절하다,1
2034,사람과,1
2035,서든,1
2036,이상형,1
2037,문득,1
2038,기상,1
2039,살의,1
2040,예지력,1
2041,내다보다,1
2042,선견지명,1
2043,향기,1
2044,눈앞,1
2045,벚꽃놀이,1
2046,긴장,1
2047,장르,1
2048,구간,1
2049,상당하다,1
2050,최대,1
2051,깔끔하다,1
2052,기교,1
2053,놀라다,1
2054,여태껏,1
2055,꿇다,1
2056,사랑받다,1
2057,기어,1
2058,포,1
2059,사의,1
2060,욱,1
2061,주변,1
2062,볼뽀뽀,1
2063,푹쉬다,1
2064,소개,1
2065,상승,1
2066,별개,1
2067,왜냐면,1
2068,국민성,1
2069,훌륭하다,1
2070,그래도좋아,1
2071,갈때헤,1
2072,위치,1
2073,구분,1
2074,접,1
2075,달자,1
2076,심하다,1
2077,갈아타다,1
2078,넓다,1
2079,스펙트럼,1
2080,연령,1
2081,챙기다,1
2082,굉장하다,1
2083,집착,1
2084,광,1
2085,소속,1
2086,사화,1
2087,민폐,1
2088,힘합,1
2089,루다,1
2090,서리다,1
2091,숨소리,1
2092,알아주다,1
2093,애염,1
2094,횟수,1
2095,운,1
2096,오신,1
2097,다만,1
2098,설레넹,1
2099,척,1
2100,구먼,1
2101,딕션,1
2102,노스,1
2103,스밍같,1
2104,불허,1
2105,죻,1
2106,아들,1
2107,엄마,1
2108,어찌,1
2109,이순옥,1
2110,박자,1
2111,안녕,1
2112,러브,1
2113,봄빠람,1
2114,앵앵거리다,1
2115,맘좀,1
2116,궁금하다,1
2117,쉽다,1
2118,그것,1
2119,뿐,1
2120,스케치북,1
2121,유희열,1
2122,십센치,1
2123,기한,1
2124,마감,1
2125,뭐임,1
2126,곡마,1
2127,즉,1
2128,봄봄봄,1
2129,윙,1
2130,잡,1
2131,흠,1
2132,많넹,1
2133,일리,1
2134,모음곡,1
2135,취저,1
2136,조교,1
2137,마이웨이,1
2138,주차,1
2139,뒷쪽,1
2140,주의,1
2141,개월후,1
2142,단말,1
2143,국룰,1
2144,서서,1
2145,방향,1
2146,나아가다,1
2147,하루하루,1
2148,보내다,1
2149,아른거리다,1
2150,걸어가다,1
2151,위태롭,1
2152,습관,1
2153,개월,1
2154,깡,1
2155,배우,1
2156,카트라이더,1
2157,뎅,1
2158,제작,1
2159,실수,1
2160,미련,1
2161,썅,1
2162,살살,1
2163,설레임,1
2164,햇볕,1
2165,연인,1
2166,파란하늘,1
2167,늦,1
2168,춤추다,1
2169,공연,1
2170,학창시절,1
2171,돌아보다,1
2172,손유정,1
2173,커지다,1
2174,구멍,1
2175,여서,1
2176,중딩,1
2177,화장,1
2178,여의,1
2179,안지,1
2180,재일,1
2181,부응,1
2182,강가,1
2183,쟈,1
2184,결혼,1
2185,국가수,1
2186,입다,1
2187,원피스,1
2188,우퍼,1
2189,호,1
2190,호호,1
2191,얼,1
2192,겨,1
2193,올려주다,1
2194,갸,1
2195,뎌갸뎌,1
2196,갸뎌갸뎓갸,1
2197,랴러댜댜,1
2198,갸거,1
2199,하앍,1
2200,복귀,1
2201,새다,1
2202,때더,1
2203,상보,1
2204,수학여행,1
2205,예슈,1
2206,세상,1
2207,이야기,1
2208,자연,1
2209,사귀다,1
2210,손잡다,1
2211,오후,1
2212,오전,1
2213,엏떳,1
2214,로지,1
2215,을밨습니,1
2216,이름,1
2217,커서,1
2218,노아,1
2219,사츨기,1
2220,젠장,1
2221,주님,1
2222,평가,1
2223,인물,1
2224,해헤,1
2225,헤헤,1
2226,낭비하다,1
2227,사주면,1
2228,회상,1
2229,시점,1
2230,반년,1
2231,대략,1
2232,행복,1
2233,씁쓸하다,1
2234,아끼다,1
2235,자겨,1
2236,만끽,1
2237,룰,1
2238,서울,1
2239,무겁다,1
2240,증말,1
2241,윽,1
2242,취저임,1
2243,땅땅,1
2244,명임,1
2245,천만,1
2246,벗꼬또,1
2247,도움,1
2248,원거리,1
2249,울리다,1
2250,훈련,1
2251,신교대,1
2252,퇴원,1
2253,나아지다,1
2254,데이,1
2255,입원,1
2256,찾아보다,1
2257,옛날,1
2258,눕다,1
2259,업무,1
2260,하늘,1
2261,잔디밭,1
2262,대학교,1
2263,견디다,1
2264,수험,1
2265,움찔,1
2266,아보,1
2267,자마자,1
2268,근거리,1
2269,묠흐코,1
2270,안댕,1
2271,상콤,1
2272,올리다,1
2273,귀환,1
2274,해피엔딩,1
2275,마직,1
2276,동무,1
2277,일이,1
2278,남조선,1
2279,콤,1
2280,룸,1
2281,무서웡,1
2282,부다,1
2283,어도,1
2284,평생,1
2285,수능,1
2286,어느덧다,1
2287,입시,1
2288,넣어뒁,1
2289,껓추,1
2290,렷,1
2291,너므,1
2292,내뫔,1
2293,하얗다,1
2294,깨어나다,1
2295,큰일,1
2296,한텐,1
2297,어르다,1
2298,그리다,1
2299,미국,1
2300,살짝,1
2301,애니,1
2302,미야자키,1
2303,정식,1
2304,장미,1
2305,띵곡이긴,1
2306,시상,1
2307,모나,1
2308,꽃꼬,1
2309,허다,1
2310,결정,1
2311,새해,1
2312,오르다,1
