,melon_id,댓글
0,돌르랑_도트가_제일_좋아,아무리 잊으려 해도 봄만 되면 머릿속에 들려서 절대 잊지 못하는 노래
1,ailto2,와 2010년대 1위였어??? 미쳤다
2,HRANG,그냥... 봄 아니라도 늦가을이나 겨울에 너무 추워서 아 빨리 봄 왔으면 좋겠다 싶을때 들어도 좋음 벚꽃연금 진짜 개쩌는듯
3,셉4호,와 2010년대의 1위 멋있다
4,정신차리자-,좋아요 대칭
5,HyunJae.,❤360051❤
6,j-xn,"이 노래가 좋은 이유는 벚꽃과 들어도 정말 좋지만, 사계절 언제든 봄을 느끼고 싶을때 꺼내서 들을 수 있는 소중한 곡이어서 그런 것 같네요."
7,Darkestdays,ㄹㅇ 연금엔딩임 목소리와 멜로디 중독성 오짐ㅋㅋ
8,블루핀투나,"벚꽃엔딩, 네가 내 봄이다!"
9,디제이_설명충,"진짜 영원하다...10년 뒤에도
봄마다 차트인 할 듯...
재생 다운로드
Legends Never Die
Against The Current
Legends Never Die (2017 리그 오브 레전드 월드 챔피언십 주제곡)"
10,blueday320,레전드는 말이 필요없지
11,짜파라면,레전드!
12,차이나는닉네임,와 2010년대 1위...
13,YKW0,1위까지 할 줄이야 ㅋㅋ
14,I_Love_You_3000,예상은 했지만 2010년대 차트 1위 진짜 ㅋㅋㅋㅋㅋ 쩔어
15,마제육볶아온나,2010년대 1위 ㄷㄷ
16,걕걕,벚꽃연금
17,슉아슈가룬,장범준이 아니라 장봄준이래ㅋㅋㅋㅋㅋㅋㅋㅋㅋ 아 진짜 웃겨ㅠㅋㅋㅋㅋㅋㅋㅋㅋㅋㅋㅋㅋ
18,Abcdefdg,"그냥 모두아마 다 이 생각할꺼다

""그 때로 돌아가고싶다"""
19,알겠쉼다,"진짜 제목에 봄들어 가는 노래는 다 좋은거 같아..
봄 특유의 분위기가 진짜 좋은 듯.."
20,AONLY,봄이랑 너무 잘어울려 ㄹㅇ
21,랠_리_루,거의 36만 하트 레전드
22,이닉넴은없겠지,"봄에는 봄이라서 듣고
여름엔 벌써 봄 지나가는게 아쉬워서 듣고
가을엔 날씨가 봄같아서 듣고
겨울엔 봄 그리워서 듣고"
23,rainday00,또 역주행 가자!!!!! 아직 이른거겠지
24,무한도전ㅡ,진짜 한국 흥 넘버원
25,카라멜커피향,"대학 신입생 때 벚꽃 흩날리는 캠퍼스에서
들었었는데 그 이후로 8년이나 지났네..
시간 참 빠르다"
26,jqoqoqns,"하...초딩이였는데...
그땐다큰줄알았다.."
27,이상훈,갓범준...
28,결혼하잡,듣고가요
29,khhy,이제 여름인데 벌써 봄 그립다..
30,젝팟과콩나무,작사 작곡 편곡 장봄준 실화?
31,jtojj,지인짜 띵곡
32,13학번공돌이fan,잘듣고갑니다
33,woojihwan,충격적인 사실 벚꽃엔딩은 멜론에서 1위를 해본적이 없다.
34,Sh130,오늘하루가 알찬 하루였기를
35,김해낭만소년김찬호,좋은 음악 감사합니다.
36,Ieejaehyun,"와 어제의 차트 273위 실화냐 6,7년 전 노래인데"
37,13학번공돌이,잘듣고갑니다
38,최지인,벚꽃좀비 진짜ㅋㅋㅋ 생각없이 차트 100 전체 재생했는데 들려 ㅋㅋㅋㅋ
39,군고무마무침,사재기들도 이 노래 지금 나왔으면 뒤져도 못이겼을듯.... 안 나오는 곳 없이 무한반복 중인데 어케이겨
40,쌈자와의3자대면,그러고보니 이번 봄에는 순위권 못했네 코로나 ㅎㄷㄷ
41,smiiiiiii,올해엔 코로나 때문에 벚꽃놀이를 못 갔지만 벚꽃엔딩이 있어서 대리만족했습니다 ^^ 내년엔 우리 벚꽃놀이 갈 수 있겠죠?
42,녤룡,중학생때 슈스케 유행하고그럴때 팬되서 정식 음원없이 버스커버스커가 인터넷에 올렸던 음질 안좋은 mp3파일로 들었던게 엊그제같은데 이제 전국민이 다 아는노래가되어서 신기하네용ㅎㅎ 그때부터 족히 10년은 봄마다 들었지만 안질리는노래ㅠ
43,nurisol,이맘때쯤 나도 모르게 듣고 있네요
44,hannegaby,우리 동네엔 이제 벚꽃과 목련이 없어요...
45,cocobeea,누가 뭐래도 겨울이 지나면 반가운 노래~^^
46,봄해가을빛,이때만 되면 안들을 수 없는 노래
47,hannegaby,"우리 동네에 벚꽃 나무가
다 사라지고 목련 나무가
딱 한 그루만 남았어요."
48,큐랑둥,봄이 올때마다 이노래를 듣습니다아❤️❤️ 너무 좋아요오 ㅠㅠㅠ
49,포용하리,"벚꽃연금, 안녕?"
50,noonalala,이 시기엔 순위가 높아야 하는데 자가격리때문인지 생각보다 낮네..
51,레드벨벳IRENE입니다,봄날이랑 더불어 좋아요 40만 찍었으면 좋겠다...
52,브금마니아,불후의명곡
53,막내같은리더,잠자기전에 힐링노래
54,hannegaby,"슬픈 소식입니다...
선거하는 날이 끝난 다음 날 아침...
우리 동네에 벚꽃과 목련이 거의 다 사라졌어요..."
55,잭스는낚시중,"네 이노래가 차트에 올라왔으니까
봄이 왔네요"
56,이미_사용중인_닉네임임,이 노래라도 들어야지
57,하핳핱핮핫,걸어요♡ 같이 걸어요^^
58,결군75,"와~~~대단한 벚꽃좀비
역시 이 시즌엔 이노래가 딱이지"
59,이은희,봄이 왔구나. 올 봄도 플레이리스트에 추가!
60,Kim_Hun_박효신,곧 있음 올라 오겠군 ㅎ
61,HeroesLore,"이 벚꽃이 흘러갈 때
나와 세월을 흘러간 그대
그 흘러간 세월속에
나 다시 그 때를 추억하네

이 벚꽃이 여무는 때
여물다 못해 사그라든 그대
추억과 현실의 괴리속에
나 홀로 그대를 사랑하네"
62,호진zonzal,벚꽃엔딩이 차트 1위하면 좋겠다는 생각하는사람은 나 뿐인가??
63,울랄라별빛,ㅋㅋㅋ 또올라왔네
64,영-리치,새로운 스타일의 연금
65,qwerty123_,"((
))"
66,한시오십육분,56 !
67,나야나라고나야,솔직히 봄되면 제일 생각나는게 이노래임.. ㄹㅇ
68,위대한면봉,노래에서 벚꽃향난다
69,hannegaby,"우리 동네에는 거의 뒤늦게 꽃샘추위가 왔고 벚꽃나무랑 목련나무는 아직까지도 그대로입니다.
4월 14일 블랙데이, 4월 15일 선거일에도 그대로 남을까요?
아니면 그 전에 다 사라질까요?"
70,아라비카커피원두,아직 벚꽃잎을 밟으며 걷는 우리동네 길거리와 벚꽃나무 풍경이좋다^^
71,IGK,이 노래 나왔을때 진짜 그 느낌 말로 표현이 안된다...
72,SH_lovely_,옛날생각 몽글몽글
73,timberhouse,"군대에서 막 일병달고 수백번들은곡

엠넷만틀면 나와서 미쳐보릴뻔"
74,앙녕나능융지,몇년째 듣고있는거지
75,소녀감성--,그대여~ 그대여~ 그대여~
76,범준장,이노래 올라오는거 왜이렇게 신기하지 ㅋㅋㅋ
77,네모멍이,"벚꽃연금 반가워요
그래도 계속 질리지가 않는다는게...^^"
78,탈퇴한 회원,왓네요 이 시기가.
79,사랑한다증말,헐 진짜 올라오는구나...이런거 처음봐...
80,jtojj,"이 노래도 벌써 10년이 다 돼가네ㅜㅜ
ㄷ ㄷ"
81,잡식성귀임,벚꽃엔딩 너무 많이 들어서 진물이 나는데 벚꽃 보면 생각나는 게 벚꽃엔딩밖에 없어서 헛웃음 나옴 ㅋㅋㅋㅋㅋㅋㅋㅋㅋㅋㅋㅋㅋㅋㅋㅋㅋ
82,잡식성귀임,좀비엔딩 ㅋㅋㅋㅋㅋㅋㅋ큐ㅠㅠㅠㅠㅠㅠㅠ
83,연재,사재기만 없으면 순위 더 높겠닼ㅋㅋㅋㅋㅋㅋ
84,Zzzzzzzzzz_,"벛꽃연금 ㅎㅇ

(◍•ᴗ•◍)"
85,Emotionpop디제이감성,벚꽃노래
86,phne86336,ㅋㅋㅋㅋㅋㅋㅋ 20위 대박 대박 대박
87,토리열,ㅋㅋㅋㅋㅋ또 왔구나 반갑다ㅋㅋㅋㅋㅋ
88,wkdkdkke,이쯤되면 벚꽃피면 봄이아니라 이노래 top100안에들면 봄임 ㅋㅋㅋㅋㅋㅋ
89,dkssud_gktpdy,진짜 봄이구나 순위 오르는거보니까 ㅠㅠ 근데 밖에 나가지도 못하고....ㅌㅋㅋㅋ
90,햇님햇님고햇님,ㅋㅋㅋㅋㅋㅋㅋㅋㅋㅋㅋㅋㅋㅋㅋㅋㅋㅋㅋㅋㅋㅋㅋㅋㅋㅋㅋㅋㅋㅋㅋㅋㅋㅋㅋㅋㅋㅋㅋㅋㅋㅋㅋㅋㅋㅋㅋㅋㅋㅋㅋㅋㅋㅋㅋㅋ이제는 봄만되면 듣는거 습관됨 ㅋㅋㅋㅋㅋㅋㅋㅋㅋㅋㅋㅋㅋㅋㅋㅋㅋㅋㅋㅋㅋㅋㅋㅋㅋㅋㅋㅋㅋㅋㅋㅋ봄에 안듣고는 못베김;)
91,연름,귀로 봄냄새 맡을 수 있는 새긋새긋 꽃기운 노래˘ᗜ˘
92,영준,아 이 노래 또왔네ㅋㅋㅋㅋㅋㅋ
93,neidvehs,5위안으로 가나요??
94,hannegaby,"기쁜 소식은
벚꽃엔딩이 멜론 인기 검색어에서 1위를 차지.

슬픈 소식은
우리 동네에서 벚꽃이 반쯤 사라짐."
95,맹구우승,"올해도 돌아왔다!!!!대한민국에 이 노래가 울려퍼지면 “아,봄이구나”를 일려주는 곡"
96,뽝뺙뺙,"이 노래는 도입부터 그냥 벚꽃 봄 그 자체임
마음이 너무 멜랑꼴리해짐"
97,당신은내뮤즈,또시작이군요 장봄준씨
98,tudr,일간 20위 진정한 봄연금
99,레드벨벳IRENE입니다,한때 멜론 좋아요 1위가 벚꽃엔딩이었지 그리고 봄날 좋니 코코밥이 30만대였던때가 엊그제같다...
100,atthetop1,어떻게 벚꽃을 멜로디로 이렇게 잘표현했을까..
101,꽃처럼_피어나,벚꽃 대리만족이라도 할 수있게 1등 해주세요 젭알
102,오우셋,봄스커봄스커
103,kdiendlf8,와 18위.. 실화냐 ㄷㄷ
104,unknown3637,와 지금 20등이네
105,음악듣는사람인가...,봄마다 거의 다 올라오네...괴물이다 장봄준!!
106,엘라아아아아아,설마설마했는데 ㅋㅋㅋㅋㅋ또차트인 했어????
107,rab135,이노래는 벚꽃 그자체다ㅠ
108,SUSHIBRO,밖에 벚꽃 만땅이다
109,단발머리그아이,장범준=봄무원
110,프로드d0n89,봄이 왔다!
111,아라비카커피원두,겨울엔 머라이어 캐리가 있다면 봄엔 장범준님이 있는거 같음
112,Illm,닭 목을 비틀어도 새벽은 오듯 밖을 못나가도 봄은 오는구나
113,SeoSangMin07,진짜 이곡말고 1년에 한번은 무조건 차트들어가는 곡이 있을까 ㅋㅋㅋㅋㅋㅋㅋㅋㅋㅋ
114,chilling,"10년 세월 지나도 봄만 되면 듣고 싶은 트렌디한 곡...
진짜 벚꽃연금 !"
115,제로탁l,"언제들어도 좋은 노래
걷고싶다 흩날리는 벚꽃 ~~~"
116,선욱,코로나땜에 올해는 차트인못하는줄 다행쓰ㅠ
117,ooper12,그 댓글 어디갔지 나중에 봄이 사라지면 이 노래 들려주면서 봄이라고 해도 될 정도다 뭐시기 이런 댓글
118,대한민국고딩no0403,돈이 드르간다 휘리릭찹
119,해피펀치레고,벚꽃 감성 좋다♡
120,익ㅡ명,기상청보다 더 정확한 멜론 ㅋㅋㅋ
121,박쌩쥐,오랜만에 나오니까 뜨뜻한게..ㄹㅇ봄이구만
122,노래듣고있는댕,이노래를 들으면 그냥 벚꽃이 연상되고 푸르름이 연상되고 그래서 봄에는 몇번이나 듣는 곡!
123,cozy1407,ㅋㅋ 봄만되면 올라오는 이노래
124,hannegaby,2020년 4월 1일 만우절에도 벚꽃엔딩 신드롬이군요.
125,김도현,연금 on
126,아라비카커피원두,도입부 부터 들어도 봄기운에 설레지는 띵곡
127,떠으니se,"걱정없이 꽃구경하고싶다ㅠㅠ
✿언제 들어도 설레는 노래✿"
128,조리퐁우유맛나,코로나땜시 벚꽃구경도못가니 음악이라도ㅠ
129,음악듣는사람인가...,이제 봄이니까 슬슬 올라온다!
130,슬랩더킬러,10년전 노래가 32위 실화? ㄷ
131,핑크무스,언제 들어도 진짜 설레는 곡
132,givemepraise,범실딱
133,토깽이._.,갑자기 순위 뚝떨함 ㄷ
134,gamsungchoong,ㅡ실화
135,LILILILI,코로나때문에 밖에나가 벚꽃을 못즐기는건 아쉽지만 코로나덕분에 미세먼지 없는 봄은 좋네요
136,아이러브석진,벚꽃 보이면 생각나는 노래 1순위
137,최수혁,신인가수 실버판테온 응원합니다.
138,무르시엘SE,버스커버스커 장범준에게 밀림.. 흔들리는 꽃들에게 밀려버림
139,탱구왔서현,나중에 언젠가는 벚꽃엔딩이 100위권에 못들어오는 날이 온다면 너무 서운할 것 같음... 스밍 돌려주고 싶은 맘 가득...
140,YEYO_hy,벚꽃 엔딩은 벚나무 밑에서 산책하는 환상이 들게 하는듯ㅜㅜ벚꽃엔딩이 나와야 진짜 봄이다ㅜㅜ
141,0syooo,"진짜다
코로나때문에 이노래라도 들어야지"
142,버터구이오징어,맨첨에 하모니카는... 진짜 기억을 떠올리게 하는 뭔가가 있다
143,Iucee,점점 지구온난화가 시작되고 봄을 이해 못하는 세대가 생겨나도 이 노래는 꼭 기억됐으면
144,GF세젤귀린_여친6주년1위,"28위 미쳤따리 ㄷㄷㄷ....
아니 근데 솔직히 이 노래가 제일 봄의 그 살랑살랑함(?)을 가장잘 표현하기는 맞는거 같음. 근데 언제(년도)까지 계속 봄에 역주행할까? 궁금하네.. 아까 까지 스밍자수 9만이었는데 11만으로 늘어났고ㅋㅋ 어디까지 올라가지 이노래는"
145,Com123_건빵,이시국에 벚꽃은 못보러가니까 노래로 대체한다
146,seungkyuY,28위다!
147,탈퇴한 회원,"봄 노래하면 이게 제일 먼저 생각남
듣기만해도 벚꽃길 걷는거 같음"
148,JUNUZZANG,다시 돌아오셨군요
149,ppcherry,또 오셨습니까... 위로 모시겠습니다
150,eornal6775,봄에는 역시 벚꽃엔딩
151,nrnrhfbd,연금 부럽다
152,인성아아아아,대단하다ㅋㅋㅋㅋㅋㅋ진짜 이 계절 날씨에 듣고싶어지는게 벌써 8년째ㅋㅋㅋㅋ
153,GF세젤귀린_여친6주년1위,역주행이네 봄에는 역시. 저희 그룹에도 봄에 대한 노래가 있고 역주행도 했었지만.. 이 노래가 제일 대중픽이라고 부정은 못하는게 학교체육시간에도 거의 이거 나와요
154,요랑단,"와,, 드디어 올라오네 1등 가즈아~!!"
155,jbyfamily5506,그래 이날씨에 뭔가 허전하다했더니 이노래를 안듣고있었어
156,네오udm4u,와 올해도 설마 했는데 진짜 대박이다 몇년동안 봄마다 탑100안에 들지 궁금하다
157,ha0933,벚꽃연금 또 타겠네.장범준님 역시 벚꽂필땐 벚꽃엔딩이지!!!
158,이뿐마눌님,탑 100에 안 들어있었으면 사운할 뻔~~ 난 지금도 듣고 있다고 ㅎㅎㅎ
159,고구마라떼_,"349,463 멜론 좋아요 1위 맞나?"
160,unknown3637,매년 이노래로 바깥날씨가 어떤가 알게 된다
161,푼수주책,벚꽃놀이도 못가서 봄을 느끼고 싶어서 들으러 왔는데ㅋㅋㅋ 40위권이라뇨ㅋㅋㅋ
162,tjdfyd99,"올해는 안들어야지
했는데 결국 또왔넹 ㅋ"
163,밤옥이,벚꽃좀비 올라온다
164,Yuuhw,"코로나도, 못 막는 벚꽃엔딩
이 노래는 그 계절 자체여서 좋다"
165,kyung7234,내가 어째서 이 노래를 10000들은거지
166,R__ang,"날이 좋아서 듣게되고, 꽃이 피면 듣게되고,
그 사람이 생각나면 듣게되는 참 묘한 노래다"
167,필립스군,"잊을만하면 나타나는 벚꽃연금 반갑다
오늘도 귀호강한다 ㅎㅎ"
168,쓰위밍-,솔직히 올해는 코로나때문에 차트에 못 볼 수도 있으려나 했는데ㅋㅋㅋ 역시 장봄준 대단하닷. 봄하면 벚꽃엔딩이지 역시ㅋㅋ
169,kyung7234,너무 좋아요 버스커오팡
170,HappilyM,그 노래가 올라오기 시작한다....장태식이 돌아왔으
171,당신은내뮤즈,코로나도 못막음 벚꽃놀이 못가니깐 방구석 벚꽃엔딩 듣긔
172,nogonma,돌아왔구나 장태식이
173,그린티90,진짜 들을때마다 봄이 느껴진다~♡
174,hannegaby,"올해도 봄의 상징 벚꽃엔딩이 왔지만...
왜 목련엔딩이 없을까?
목련도 벚꽃처럼 봄을 상징하는 꽃으로 알고 있는데."
175,아가멍뭉이,새내기가되어 들으러왔어요! 코로나끝나면 날아다닐거에요ㅎㅎ
176,감성과감상과감성가,추억 갱신 노래임 ㅜㅜ 벚꽃보러가고파
177,상상로1,ㅋㅋㅋ다시 들으러 왔습니다
178,싱하123,쭉쭉 올라가는건 아니지만..슬근슬금 올라가네
179,사표내기1초전,아 봄놀이 가고싶어 미치겠다진짜
180,아라비카커피원두,올해도 벚꽃연금 발동 하는군요 간만에 들어도 역시 띵곡운 띵곡이네요
181,Musforyi,벚꽃엔딩 또 스멀스멀 올라오기 시작하네
182,모자안에개구리,"12학번한텐 진짜 평생 못잊는 노래...
신입생때 캠퍼스 안에서 계속 들리던 노래라서
살다가 지치면 찾으러 오게된다"
183,크크크q,"와 이노래는 진짜. . . . 대체불가
대학생때 생각나네ㅜㅜㅜㅜㅜ"
184,생율밤,집에만 틀어박혀 있었는데 이 노래가 차트에 올라온걸 보니 밖에 날씨가 따뜻한가보네요 밖에 좀 나가야겠어요
185,MPG0414,이노래 매년 들었는데 아직도 난 솔로야?
186,0_0___lok,진짜 봄 노래 이거 만한게 없다
187,야나두야너두,"되게 봄소풍의 상큼함이 묻어나는 노래인데,
진짜 우울하거나 기분 거지같은 날에
들으면 아련터지는 느낌으로 더 듣게 되는느낌
나만그런가...?"
188,팔로워안하면뚝배기,"벚 벚나무
꽃 꽃씨
엔 엔단
딩 딩가딩가"
189,박용재,아니 또 생각나네ㅋㅋㅋㅋㅋ
190,love_you,"벚꽃연금
이정도면 연봉수준."
191,사재기현장을보면짖는개,'그' 벚꽃 올해도 어김없이 차트 출현
192,이곡동큰손,와우...23업...올해도 벚꽃좀비 등판이네
193,BJH,이 글은 10년후 성지글이 됩니다.
194,BAAAAm,매년돌아오는 수금시즌 ㅋㅋㅋㅋㅋㅋ
195,arianazeus,벚꽃은 어김없이 피지만 군항제는 안 해서 너무 아쉽네요 상황이 이렇다 보니... 창문 열고 노래라도 들으며 아쉬움 달래야겠어요
196,gogma8,"이쯤되니 궁금하네요 3년후 10년후 20년후에도 계속 차트인할것인가!
그때의 내가 답글좀 남겨주면 좋겠다."
197,이인건,올라오네 아ㅋㅋㅋㅋ멜론차트 딱 대 ^^ㅣ발!
198,Gaw12,"범준이형 치트키 노래 ㅋㅋㅋㅋ

근데 봄만 되면 이노래 생각나서 안들을수가없어 ㅋㅋ"
199,콘3x0jx,이야...범준이형 고정소득ㄷㄷ...
200,숨안죽,"머야ㅋㅋㅌㅋㅋㅋㅋㅋㅋㅋㅋㅋㅋㅋ봄 되니까 사람들이 또 듣나보네 차트에 잇어서 놀랫다
항상 봄되면 차트인하는 노래..."
201,love_you,"이번 봄도 벚꽃엔딩과 함께❤️
봄냄새난다~"
202,JB_.,"코로나야, 이 노래도 막을 수 있다면 막아 봐--
벚꽃 엔딩과 함께 코로나 엔딩"
203,JamesBay,"듣는 순간!
마음만은 봄의 한가운데"
204,돈짱짱,가자 이제 슬슬 차트 들어가보자~
205,jeffry16,2020년의 봄도 벚꽃 엔딩~
206,huije123,역시 봄 그 자체
207,우야--,눈물나 ㅠㅠ
208,멈무먐미,12년 발매한곡이 20년도에 1위찍게 생겼넼ㅋㅋㅋㅋㅋㅋ 영차영차
209,채니1104-1,이 노랜 너무 좋아 봄이 좋아 벚꽃이 좋아 그 때가 좋아
210,제로탁l,"벚꽃 엔딩 이 있어 너무 좋은 봄날
코로나땜시 노래는 더 들을듯"
211,108동504호.,범준이형 수금 할 시간이다 멜론 긴장타라
212,Giovanni,자 여러분 1위 찍어봅시다
213,Com123_건빵,진짜 매년 소름돋게 봄마다 올라오넿
214,동2이,벚꽃좀비 무섭다 ㄷㄷ
215,0syooo,봄의 사도 봄의 전령
216,레드벨벳_forever,진짜 언제까지 벚꽃엔딩이 차트인을 할까ㅋㅋㅋㅋㅋ
217,BDZ.,ㄹㅇ 이정도면 좀비야 ㅋㅋㅋㅋㅋㅋ
218,yun_anna,날씨 좋다...*_*
219,lcy626,차트에서 봄의 시작을 알리는 곡 ㅎㅎ
220,OG한다,봄이 왔군요
221,팡군몽키,슬금슬금 또 올라오네 ㅋㅋㅋㅋㅋㅋㅋㅋㅋㅋㅋㅋ
222,초록별o7,역시 봄에는 벚꽃 엔딩 :)
223,Ynee_0963,오늘 날씨가 너무 좋아서 벚꽃엔딩을 안 들을 수가 없었다 코로나 제발 사라져줘
224,꽃처럼_피어나,"이 노래가 올라왔다는건?
봄이 왔다는 증거"
225,김강90,코로나도 못 막는 벚꽃좀비
226,인성아아아아,출격 봄좀비
227,Aisuwy,올해 봄엔 나가질 못하지만 내년에는 이 노래를 나가서 듣고 싶다
228,Leyre_,또올라오네ㅋㅋㅋㅋ
229,지밍츄,봄산타!!!!!!! +_+
230,은주우주동진,봄이네ㅋㅋㅋ
231,corh_silver,몇년 째 봄만 되면 듣지만 여전히 좋네
232,정혜성,시작됫군
233,dglee23a,차트에 올라왔네
234,VATO,날씨보니까 범준이형 스킨값 벌기 딱 좋네
235,B1int2014,"이 노래가 다시 올라갈 때는
지금 이 무거운 봄이 다시 살랑대기를!!"
236,나는임재욱,슬슬 올라와야죠 실버 형님
237,승쑤s2,이 노래가 차트에 떠야지 봄이 온것 같다
238,잡덕_R,놀면 뭐하니 보고 생각나서 다시 왔어요!!ㅎㅎ
239,쌤욱,"놀면 뭐하니? 보고 왔습니다.
코로나 19 때문에 봄을 빼앗겼지만,
범준 형님의 벚꽃엔딩 덕분에 봄을 되찾았습니다.
감사합니다!"
240,Hello2020,장범준클라쓰
241,ㅡㅡㅡㅡㅁ,봄이구만 ♪♬~~야
242,Zuu_,"신난다 ㅠㅠ 벌써 벚꽃 만발한 기분,,, 이노래는 미친노래다ㅠ 대학시절 풋풋함이 그대로 느껴짐"
243,blueday320,100위권에 들어온거보면 오늘 진짜 봄날씨구나
244,탈퇴한 회원,9년연속차트인.... 진짜말이안된다... 코로나 때문에 올해는 좀 늦게올라오셧는데 이제 차트인 하셨으니 수직상승 분노의질주할일만 남았네 누가뭐래도 봄=벚꽃엔딩은 진리지
245,Seafj,이 시국에도 역시 갓범준은 여전하네 ㅋㅋㅋ
246,YKW0,2020년도 어림없네 ㅋㅋㅋ
247,네오0e6j6,"흔꽃샴향 vs 벚꽃엔딩
4월되면 벚꽃엔딩이 이길듯"
248,뮤직is마yee라이fe,이야 봄되니까 차트인하시는거봨ㅋㅋㅋ신기하다
249,의대생냥냥,ㅁㅊ 진짜 몇년째나오는거냨ㅋㅋ 개띵곡
250,초월함수.,왔다!
251,킴미히75,벚꽃님 코로나 좀 쫓아주세요
252,로댕이,올해도 어김없이 찾아온 벚꽃엔딩의 계절❤
253,최고야_,벚꽃엔딩 곡의 계절이에요 너무 좋아요~^^
254,Allizzwell247,또 이노래가 생각나는 계절이 왔넹
255,mi_N,벚꽃보러가고싶네요..
256,eun1236,174위
257,휘람지,"날이 따뜻해져서 플레이리스트에 추가하러옴..
얼른 마스크 벗어던지고 벚꽃보러 가고싶다ㅠㅠ"
258,hannegaby,"2020년 3월 20일 춘분입니다.
그리고 벚꽃과 목련이 점점 많아지고 있습니다."
259,햇님햇님고햇님,"이제 이정도면 계절민요아니냐
너무 좋다"
260,아이유챰좋다,"2010년대 통합1위 축하합니다.
정말 대단 스고이 합니다!!"
261,you.re_precious,올해도 들으러 왔습니다
262,삼월이십일일,난 이제 벚꽃연금이 봄에 상위권에 없으면 괜히 섭섭해... 다들 꽃 피면 줄기차게 듣고 불렀잖아ㅠ
263,Chu...,1위가즈아
264,HeroesLore,26허가
265,주-..연,슬슬 올라갈때 됐다~
266,김주환환,153
267,love_you,"자 차트인 & 1위 준비하실게요.
이번 봄도 잘부탁해요❤️
같이 걸어요 이거리를><"
268,탱구왔서현,오 179위!!
269,탈퇴한 회원,크 노래 좋다아
270,싱하123,어제 190 오늘 170 ㄷ ㄷ
271,r2L,슬슬 올라오네
272,blueday320,이 노래가 나와야 진짜 봄
273,옌붕,다시 벚꽃연금 터질 때가 됐다
274,Latino.,올라갈 준비하셔야죠;;
275,hannegaby,"2020년 3월 20일 춘분
우리 동네에는 춘분이 오기도 전에 벚꽃이랑 목련이 서서히 나타나기 시작합니다."
276,mellifluous00,어제 190위니까 곧 100위 각!!
277,꽃사줄까,"슬슬 올라가자?
점심 먹고 산책 중인데 이노래가 떠오르더라"
278,PTKA,올라와 당겨준다
279,unknown3637,요즘 밖을 못나가서 이노래 순위로 추운지 따뜻한지 알고 있어요
280,레드벨벳_forever,벚꽃 엔딩 차트인 준비하고 있다
281,쓰앵닌,"이노래는 맨처음이랑 맨마지막
그대여 그대여 그대여 그대여 그대여
부분이 제일 아련한 것 같음 .."
282,지희공주마마,자 이제 시작
283,Itsjustsh,오늘부터 들어야겄다
284,thing_melody,때가 왔다
285,pwcjsrnr,방구석에서 봄 느낌 낸다 ..
286,eun1236,내일부터 날씨따뜻해진까 올라갈듯
287,Rnai,와 순위 점점 올라간다ㅋㅋㅋㅋ 역시 벚꽃엔딩!!!!
288,amazingcat,오늘부터 플레이리스트에 넣음
289,준일옹,2020 ㅅ??
290,나_나-,"3/15
219위"
291,hayeonnii,3월말에 올라간다
292,eastY,이제 슬슬 올라올때됫다
293,suhop,이노래 전주들으면 소름부터..
294,강도현,얘들아 뭐 해. 올려.
295,주차하는연인들을위해,벚꽃엔딩이야말로 2010년대를 대표하는 노래아닐까
296,탱구왔서현,230위ㅠㅠㅠ 언제 올라와
297,미키귀엽다,올해는 오늘 첨으로 들었음 ㅎㅅㅎ
298,hannegaby,"2020년 3월 14일
화이트 데이입니다.
우리 동네에 벚꽃 하나가 피었습니다."
299,로라쭈우,"올해는 벚꽃구경 못가는데 ...
추억속에서 음악여행 할께요
이제 차트에 올라오세요"
300,Happy_days12,이제 들을때가 되었쥬
301,방구몬,"코로나 때문에 꽃놀이 못가니까
벚꽃엔딩 들으며 각자의 추억속 꽃놀이를 떠올릴 듯"
302,sSubIn,239위ㅋㅋㅋㅋㅋ 슬금슬금 올라간다 빨리 차트인ㅠㅠㅠㅠ
303,충성한,떨린당
304,2021화이팅,슬슬 올라올때가 되었쥬??
305,hannegaby,"3월 13일 자정이 울리면
3월 14일 화이트 데이.
남자가 여자에게 사탕을 선물하는 날에도
벚꽃엔딩 신드롬을 예감합니다."
306,samahn,이제 슬슬 올라와야지?
307,PacaBin_1208,269위입니다 네 슬슬 올라오네용ㅋㅋㅋㅋㅋ
308,DS____,304위
309,voodookah,봄이 그리워서 듣게되네
310,hannegaby,"3월 14일 화이트데이에도 아마 벚꽃엔딩 신드롬은 오래 가겠지?
공교롭게 봄이니까..."
311,경재,올해는 코로나가 벚꽃연금 이긴듯하네 장범준 첫 1패
312,GEETEE_,이 노래 요즘 중고딩 아나요? 애기 였을텐데 ㅎ.ㅎ
313,Ifeelgyu,그가 다시 올라온다... 이게 봄이지 ㅋㅋ
314,Kikik,191위! 이제 정말 봄이다
315,이뿐마눌님,오늘부터 무한반복 ㅎ
316,비내리는하루n,이제 올라올 시기구나 대박... 2020년 올 봄에도 흥하자!
317,Elan_Vital,형 이제 슬슬 돌아올 시간이 됐어
318,동2이,현순위:299위
319,dysxchp_lov,이거 들으면서 봄 좀 기다려야겠네
320,야호바-ㅅ-,"날씨 좋다....,코로나꺼져...ㅠ_ㅠ"
321,배고플땐참치마요,아침에 이거 들으면서 버스타고 창문너머로 벚꽃보는거 좋아하는데ㅠㅠㅠㅠ 빨리 나가고싶다....
322,로미로밈,"명곡......... 지금 들어도 설레고 좋음 ㅋㅋㅋ
이상하게 봄만 되면 이노래가 듣고 싶음,,
이번엔 코로나땜에 좀 늦네 ㅜㅜ"
323,cloverfor,차트순위 326위.. 순위 엄청올라왔네.. 봄이 오는구낭
324,청량처돌이...,"이건 나온지 8년이 다 되가는데도 하나도 안질리고 오히려 봄만 되면 떠오른당,,, 참 신기해 이만큼 봄에 꾸준히 듣기 좋은 노래 못봄 ㅠㅠㅜ"
325,hyuuu33,온다 온다 이 노래의 계절이 온다
326,hannegaby,"2020년 3월 5일은 경칩입니다.
그리고 2020년 3월 20일은 춘분입니다."
327,하지호,코로나와 지구온난화의 최대 피해자
328,이프뱅,"봄 : 벚꽃엔딩
여름 : 한여름밤의 꿀"
329,닉모할까,와 2012 2013 2014 2015 2016 연간에 들었음
330,hannegaby,"여름에 팥빙수가 있다면
봄에는 벚꽃엔딩이 있습니다."
331,임시완아내1호,올라올때됐나
332,mi1ns,오늘 날씨 넘좋당
333,탱구왔서현,222위다
334,네버낫,"31,014 (+2,668)

222위 (-7)"
335,야호바-ㅅ-,"오늘 날씨 좋다,,, 들어야되겠어,,,,,,,,"
336,양홍원_인스타_라방_켜,500위였는데 뭐야 역시 벚꽃연금
337,edni3,"진격의 벚꽃엔딩

3/1 - 379위
3/2 - 215위(+164)"
338,피잉크포옹,좀비엔딩 슬슬 깨어나자..!
339,I_Love_You_3000,"코로나도, 미세먼지도 사라져 벚꽃잎만 봄바람에 흩날리는 봄이 왔으면 좋겠다 정말..."
340,싱하123,3월이라거
341,lovejesus19,"올해는 예년보다 따뜻해서
벚꽃이 빨리 핀데요
갑시다 벚꽃엔딩 !!!"
342,뿌요우,"스무살 대학생때 들었던 노래.
벌써 8년이 지났지만 여전히
이노래 들을때 만큼은 스무살인 느낌
그때의 추억이 떠오르는 신기한 노래"
343,쑤니셋언냐,오늘 379위네요 ㅎㅎ 3월 되자마자 버스커버스커 1집 듣고있습니다.
344,Anemona,"들을때마다 매번 설레서 소름 돋아,,
생각날 때 한번씩 찾아듣는데
느낌이 이렇게 매번 살아나기도 쉽지 않아ㅜㅜ
12년도는 물론이고 그 이후에 벚꽃엔딩을 들으면서
겪었던 모든 일들도,,ㅠㅠ진짜 마법같은 노래."
345,minminv,3월이다
346,양홍원_인스타_라방_켜,올라가자 애들아
347,탱구왔서현,469위.. 슬슬 올라오네
348,탈퇴한 회원,다시 차트 역주행할 계절이 찾아옴
349,안장은,ㅋㅋㅋㅋㅋ또잡아먹겠지 차트
350,GodKyung,빨리봄와서 차트정리좀해주십쇼
351,Reopard2Breeder,그대여 그대여 그대여
352,웅._,전주만 들어도 설레는 노래
353,dong0262,484위
354,금세만세,504위
355,kplulu,날씨 조금 따뜻해지니까 생각나는 바로 그곡.. 듣자마자 4월로 시간 이동.
356,돌가리,아 왜 벌써 듣고싶냐
357,juwoncozyboy,이제 진짜 얼마안남음 올해도 나오겠지
358,vulgo,입춘이 왔으면 꼭 이 노래를 틀어야 하는 국룰이 있습니다
359,Reopard2Breeder,그대여그대여
360,방구몬,"그 해 4월에 자대배치 받고 신병 견장 차고 있었음.
생활관에서 선임들이 뮤직비디오 틀어주는데
황홀했네요.
노래가 끝나면 찾아오는 현타.......
신병때라 그 차이가 더 크게 느껴지더군요.
첫 휴가 받고 복귀하는 버스에서 드는 느낌이랄까."
361,BeE,"무섭다...벚꽃좀비...
곧 수많은 봄캐롤들이 올라오겠지...ㅎㄷㄷ"
362,김주환환,440.
363,구삼공오일육,따등낭 왜 안질리죠 이노래 곧 듣게 되겠지만 그래도 안질릴거 같아서 화나효
364,Rococoo,오늘 날씨 봄
365,경민,벚꽃엔딩 사랑해....
366,윤정,571위 . 나만 듣는게 아니구만
367,미네미네미네미넴,아.... 오늘부터 봄인가
368,맑은고딕v,스멀스멀 올라오는중ㅋㅋㅋㅋ아직 2월이다 인간들아ㅋㅋ
369,프로필렌글리콜,....봄인가?
370,찹쌀떡._.,"이 앨범도 벌써 8년전
누구나 이 앨범과 벚꽃엔딩에 그 해 쯤의 추억을 떠올리면서 듣고 있겠지"
371,여언규,653위.. 치고 올라온다..
372,blueday320,날씨 풀리니 역시 벚꽃엔딩 땡김
373,왕불주먹,4일 전에 713위였는데 력시 올라오고 있군
374,박효신의_최강죽창부대,좀비다!
375,강수민,"이 노래를 들으면서 벛꽃사이를 걸어가는 생각하니까 ♬♪♪ 설렌다 ㅎ
아니면 자동차 타고 창문열고 가는것도 ㅎㅎ"
376,서태지와어른들,"첫 스마트폰 첫 스트리밍한 노래가 벚꽃 엔딩이였는데..











괴물이다 장범준.."
377,gksmfqkr,도대체 언제쯤이면 잊혀질까 이노래는
378,달빛아래빛나는,입춘이니까 이제 들어야죠
379,재훈이,이 노래보단 봄봄봄이지
380,hannegaby,"2020년 2월 4일 입춘입니다.
봄의 기운과 꽃샘추위가 찾아왔습니다.
그런 의미로 봄을 상징하는 음악으로 왔습니다."
381,L_in,너무 좋아요 정말.. 이 노래 들으면서 보냈던 봄들이 떠올라요. 얼른 따뜻해져서 봄이 오면 선선한 바람 맞으면서 듣고싶어요.
382,IYPresence,12학번은 절대 잊을 수 없는 노래. 새내기 시절 점심시간에 학생회관 동기들이랑 지나다니면 무조건 나오던 노래. 벚꽃 휘날리던 캠퍼스와 예뻤던 내 청춘이 떠오르는 곡이다
383,보_석_,근데 애초에 기계로 계산하는거아니야? 왜 2010년대 차트 빨리 안나옴?
384,김현우,올해 봄에도 부탁한다
385,아-_.,곧 있으면 2010년대 순위 나오는데 1등될 것 같다 아니더라도 상위권
386,xnem,겨울에 전기장판 틀고 귤까먹고 있어도 이 노래만 들으면 봄냄새남
387,쑤니셋언냐,겨울인데 981위ㄷㄷㄷ 세달뒤면 또 스멀스멀 오겠네
388,한밤의카니발,어떻게 이런 노랠 만드냐...
389,아이유챰좋다,"과연 이제 두달도 안남았는데
2010년대 시대별 인기극 1위 할 것 인지..
근데 벗꼿엔딩은 1등이 당연하고
여수밤바다도 순위권에 집어넣어야함ㅋㅋ
그리고 또 어떤가수들이 순위에 들어갈지 궁금함ㅋㅋ님들은 2~10위까지 누가들어갈것같음?
일단 아이유,빅뱅...말고는 기억이안나군..."
390,jtojj,들을 때마다 봄인것 같다
391,탈퇴한 회원,어릴 적 봄이 떠올라서 좋다. 매년 들을 때 새로운 봄이 이 노래와 함께 기억 되는 것 같다.
392,여심루팡인직,초반 도입부 기타 띠리링 소리가 이문세 옛사랑이랑 똑같네ㅋㅋ 명곡의 조건인가
393,꾹홍비,진짜 한겨울에도 이노래 듣고있으면 봄으로 시간여행하는 기분임
394,재밌게사는게목표,노래 참 좋아
395,Spot__,진짜 봄하면 생각나는 곡.. 이 곡 없었으면 매해 봄 허전할뻔 했어....
396,moongbee_0324,6년전 초등학생때 엄마랑 같이 뮤비 보면서 웃고 얘기하던 기억이 나네.. 다시 그때로 가고싶다
397,김꾱치,봄의 상징..
398,망망망망망힝망망망힝,이만큼 하트 수 많은 노래도 없을 듯
399,yesmynamerosy,손녀를 등에 업고~
400,윤환,진짜 내 취야밈
401,loveu0,이 곡이 없었다면 매년 맞는 봄이 조금 덜 기뻤을 것 같음.
402,탈퇴한 회원,내년 봄에 봐요^^
403,모A_In스피릿,나갔네... 봄끝
404,minminv,이제 봄 도 끝나가는구나
405,G_VIH,박형식이 부른거 듣고 들으러 옴ㅎ
406,오랜방황의끝-,"2016년 3월 9일 모방송에서
벚꽃엔딩으로 번 돈 이야기 나왔는데
ㄹㅇ 연금 그 이상

갓꽃엔딩"
407,레드벨벳IRENE입니다,이 노래 5월에도 보고싶은데 4월이 지나면 헤어지는건가요 ㅠㅠㅠ
408,aituo0,이제 이 노래가 차트인 하면 봄이 온거고 차트아웃하면 봄이 다 갔다고 생각할게요
409,참주민주,매년 잊을만하면 슬금슬금 올라오는 노래 ㅋㅋㅋㅋㅋㅋㅋ진짜 이거 잘만들었다
410,tnfls1945,이번년도는 빨리내려가네 ㅋㅋ 잘가~~ 하며 듣고잇다 ㅋ
411,did._.ysp,오늘 날씨가 좋은갑네
412,탈퇴한 회원,와 또 올라오네ㅋㄱㅋㄱㅋ진짜 이 노래 하나로 돈 얼마나 벌었을지ㅋㅋㅋㄱㅋ
413,한채우임,역주행 개신개해ㅠㅠㅠㅠㅠㅠㅠ
414,Angie_l,"일 년 뒤에 또 봐, 안녕!"
415,맏내김석진,올해는 미세먼지 때문에 순위가 좀 낮았다ㅜㅜ
416,H_zy,처음 들었던 갬성이 느껴져서 좋다
417,angfox,아 자전거 타면서 듣고 싶다 ㅠ 사고날까봐 참는다
418,머가리반갈죽,연금 ㅆㅅㅌㅊ
419,탈퇴한 회원,"봄하면 벚꼿엔딩, 여수하면 여수밤바다.. 무언가를 대표하는 곡을 만들어내는 장범준은 정말 천재 아티스트다. 본인은 그런줄 몰랐겠지만ㅎ"
420,쿵푸슈렉팬더,지금 벚꽃이 휘날리며 노래 들으니 더욱 이상해 기분이 ㅋㅋㅋ
421,닉네임 없음,장범준은 15년쯤뒤에 불후의 명곡에 전설로 나오지 않을까
422,nana0125,장범준~전설
423,김믠성,전설
424,햄구마,평생 수혜자로 살겠네 범준띠^^
425,GODField,"올해는 역주행이 더디네요...
명곡임에 틀림 없죠...."
426,뮤직라잎.,이 한곡으로도 평생 먹고살듯..
427,이그니토666,매년 벗꽃피볌 들으러 온다 좀비야...
428,armanti,봄에 노래....
429,Caputre,매년 들려도 안질린다.. 봄하면 제일 먼저 생각나는 노래
430,YEYOON_,벚꽃좀비 떳다...ㄷㄷ
431,탈퇴한 회원,"벚꽃이 언제 피는지 모르면 멜론 차트 들어가서 벚꽃 엔딩이 차트에 올라와 있으면 벚꽃이 필때 다 되어가거나, 벚꽃이 폈거나"
432,겨울.바다,23위 뭐야ㅋㅋㅋㅋㅋㅋ
433,aiden0925,우리나라가 망하지 않는 이상 영원할 벚꽃 연금
434,최성진,"누군가 그랬지 훗날 봄이 없어질때즘에 우리 후손들에게 이노래를 들려주고 예전에

""봄""이란게 있었단다 라고..."
435,pastel919,말차 복귀하고 생활관 오니까 티비에서 나오는 내 전역송...
436,har4127326,나도 이곡에 하트를 누른 30만중에 하나
437,nana0125,버스커! 버스커!
438,moonon,마! 이게 봄이다
439,Amelie__,벚꽃좀비 가즈아!!!!!!
440,21세기케이팝전사,벚꽃좀비 또나왔어ㅋㅋㅋㅋㅋㅋㅋㅋ 명곡이다 정말
441,ㅎㅇㅎㅇㅎ,또다시돌아온 '그'전설의곡
442,SIK-KOMODE,"또 다시 ""그 엔딩""이..."
443,노래할꺼야..,오늘 날씨 진짜 좋은데 과제하러 버스타고 학교가는데 이노래 들으니까 봄 감성 넘쳐흐른다
444,박규영,이제 봄이네요 일기예보보다 정확한 이 노래 차트순위
445,눈사람_Uk,"진짜 이세상 벚꽃이 멸종하기 전까진
계속 꾸준하게 매년 봄 차트에 올라올듯...
100년 예상합니다"
446,갂난닫랄,죽지도 않고 또 돌아온 벚꽃엔딩~ 하지만 이 노래만한게 또 없지
447,HOBI.,노래너무좋닼ㅋㅋㄱㅋㄱㅋㄱ
448,노래할꺼야..,ㅋㅋㅋㅋㅋㅋㅋㅋ 하루하루 순위 계속 오르네
449,pchaeyeon,ㄹㅇ 봄 노래의 고인물이다
450,인주한솔,슬슬 올라온다 모를수없는노래 봄을 알리는 노래
451,RKM11,이 노래로만 50억을 벌었다는게 학계의 정설 ㅋ
452,팡군몽키,좀비 살아났다 ㅋㅋㅋㅋ
453,N지성공원,"벚꽃이 없어지지 않는이상 계속 살아날듯
10년은 더 갈 것같은뎈ㅋㅋㅋ"
454,ㅋvㅋ,"그때 그 베댓 왜 사라졌지??
여기가 아니라 지니인가?"
455,134340_0,학교에서 이 노래 틀고 애들 떼창함ㅋㅋㅋㅋㅋ그만큼 많이 알고 많이 듣는 노래!
456,효저리22,"오늘 출근 길에 벚꽃 피어있길래 들으러 왔는데
역시 사람 생각하는거 다 똑같아! 넘쥬아"
457,sweetepic,띵곡 안질린다
458,Nightori_,"봄이 왔다는걸, 말해주는 노래."
459,R__ang,"버스 창가 자리에 앉아 이 노래를 들으면
나도 모르게 웃게되는 곡"
460,맥도날드콜라,"반주만 들어도 설렘ㅋ
이곡엔 모든사람이 추억이 있을걸 ㅋ"
461,Geidhridg,이상하게 4월만 되면 듣고싶어짐 ㅋㅋㅋㅋ
462,소떡소떡.,근데 이제 이노래없는 꽃핀봄은 상상이안됨
463,박관우,봄하면 진짜 이노래밖에 안떠오른다
464,킴.SM,4월 4일 14시 20분 현재 30위ㅎㄷㄷ
465,우니배분농,다시 올라온다ㅋㅋㅋㅋㅋ
466,somine7,"""그대여 그대여 그대여""에서 성스러움을 느끼며 행복하게 봄길을 걷다가 ""봄바람 휘날리며~"" 이 부분에서 봄바람 휘몰아쳐 머리 확 뒤집어짐 ㅋ 흩날리는 내 머리카락~"
467,아랑햄,흐흐 지금 이 노래 들으면서 벚꽃 보러갑니다! 노래 자체가 봄인 노래~♥
468,잡덕_R,"진짜 매년 듣지만 안질리는 노래...
여수밤바다도 안질림...♡"
469,난너의구찌,이 자식 왜 또 나와;; 이쯤 되면 무섭다 벚꽃좀비
470,부티푸,지금 46위..;; ㄷ ㄷ
471,닉-넴,크리스마스에 머라이어 캐리가 있다면 한국의 봄에는 버스커버스커가 있다
472,Kyo몽,매년 들어도 안질려요 증말 나도 들으면서 신기한게 분명 12년도 노랜데 전혀 안촌스럽고 진짜 꽃잎 떨어질때 들으면 전주만으로도 설레는 노래가 이거에요.. 그냥 봄에 통과의례처럼 꼭 듣고 지나가야할것 같은? 그런 노래가 되어버렀어요
473,김아르미온느,"ㅋㅋㅋㅋ진짜 이 노래로 평생 먹고살아도 될듯ㅋㅋㅋ근데 봄엔 항상 이 노래를 들어야할거같음ㅠㅠㅋㅋㅋ벚꽃좀비ㅋㅋ
우리나라에 벚꽃이 없어지지 않는한
이노래는 잊혀지지않을것..ㅡ"
474,fran0416,장범준은 이걸로 돈 많이 벌 텐데 새앨범 또 내서 돈을 또 버네
475,LampFire,언제까지 올라 올지도 궁금하다 ㅋㅋ 5년뒤에도 올라올라나?
476,EasyyBelle,벚꽃연금 진짜 대박이에요 진짜 7년전 노래인데 아직도 듣는 중
477,ecokenta,"334,283"
478,Babe_,매년들어도 설레
479,hun3307,아니 무슨 연어야 매년 이맘때면 올라오네
480,Richgirlstar,슬슬 살아나는 벛꽃좀비
481,홍요셉,다시 시작된 벛꽃 연금
482,일리네어.,"333,940 ღ'ᴗ'ღ"
483,김배호,진짜 너무좋아 힐링된다~^^
484,흔들록바,아파트 단지내에 벚꽃 엄청 피어있는데 그냥 딱 듣고싶더라
485,밍석사랑해,이 맘때쯤이면 차트인 했겠지 하고 들어왔는데 역시나 ㅋㅋㅋ 근데 진짜 봄마다 듣는데 안질린다 역시 띵곡!!
486,매력적인KEI,벚꽃좀비32위 실화냐?
487,G-DRAGONx권지용,지긋지긋하다
488,Outpost,차트에 있을까 궁금해서 봤는데 역시나 있네요. 역시 사람들 생각은 다 똑같은듯ㅋㅋ 이제는 장르를 장범준이라고 따로 만들어도 되지않나 할 정도ㅋㅋㅋㅋ
489,kse7897,"역시 벚꽃연금~ ㄷㄷㄷ
이번 주 중에 10위권 안에 들어올 듯..."
490,reagerg,이제 슬슬 올라 올때가 됬는데 생각하고 찾아보니 벌써 31위네요 곧 메인에 보이겠어요
491,joanna94,매년 들어도 설레고 좋은 노래 ㅎㅎ
492,Junyoung25,벚꽃연금 엄청 나겠네...매년 이러니 무시무시하다....7년전 노래가 아직 차트 상위권에 인하니
493,아이유참좋다ㅎ,이번에 장범준이 장범준이기면 대박이겠다 저번년에도 6위인가까지 갔던거 같은데....
494,MayD,부산지역 벚꽃입니다!
495,athanasia,근데 이노래 최고순위 7위....
496,건수녕햄찌,역시 봄하면 벚꽃엔딩이지
497,iokop,어김없이 또 올라오는구나ㅋㅋㅋ
498,닉네임정하기가젤어렵다,지금 25위.... ㄷ ㄷ
499,방랑늑대25,진주지역 벚꽃 인증입니다!!
500,유갤럭시,아니 왜 매년 들어도 좋음?
501,seeusoon,"지역별 벚꽃인증 해야죠~~ 대구벚꽃 만개했어요~
사랑하는 사람과 둘이 손잡고 거리를 걷길.."
502,파이78,"가사를 제대로 읽어보니 참 좋네요~ ""벚꽃잎이 울려퍼진다""는 시적 표현^^ ""바람불면 울렁이는 기분탓에 나도 모르게 그대여 니 모습이 자꾸 겹쳐"" 이런 표현도 너무 좋고... 결론은 장범준은 천재인가..."
503,예--r,봄이 왔구나.....
504,HuUuU,빨리 벚꽃 폈음좋겠지만 벚꽃피면 항상 시험코앞 기간 .....
505,foreverone12,벗꽃엔딩 네버 엔딩
506,MuS1C,장봄준
507,포스트맬론,아 장범준 봄민요 또 거리에 주구장창 나오겠네
508,난포90,치고 올라가는거 보고 싶은데 갑자기 비가 오네
509,고말년병장,벚태식이 돌아왔구나
510,cjdaud456,너무좋다
511,Carpe_diem__,올해도 어김없이 리스트에 추가♥
512,송순란여사님,봄되면 듣고싶어지는 ㅎㅎ
513,민경훈,봄이 오는구만
514,어머나이게이뭐람,크 역시 벚꽃좀비
515,찐따사용하고있는놈누구야,조타ㅎ
516,즈모니jay,슬슬..
517,김정욱,벌써 31위네 무섭다ㄷㄷ
518,탈퇴한 회원,슬그머니올라온다1위가즈아
519,Sec__,진짜 이런 분위기 이런 멜로디를 가진 노래가 나온게 신기하다.. 봄과 어쩜 이리 잘맞는지
520,Enifyy,올해도 차트에!
521,Like우찌,벚꽃연금
522,나욘짱아,벜벜은.. 지금 웃고있다
523,감귤띵띵,차트 34위네요! 벚꽃 보러 가자아
524,L아이리스L,이노래만큼 봄에 잘 어울리는 노래가 없는듯
525,Kanu..,"331,669 +++++"
526,acoustic_,드디어 돌아왔다 벚꽃좀비의 계절
527,분홍빛보라구름,예뻐 ㅎㅎ
528,이래도그냥지나갈꼬야,와 진짜 대단하다 ㄷㄷㄷ
529,와땅땅땅,그래도 봄에는 이만한게 없죠
530,잡덕_R,"순위 오르는거 엄청 신기하네요ㅋㅋㅋ
더 올라가자!!"
531,Meaning-,영 차
532,탈퇴한 회원,신기해신기해
533,꾸버만두,부산은 만개했어요 이 노래 들으며 벚꽃터널 걸으면 행복❣
534,malu728,밑에지방은 벌써 다 만개
535,Lilstein,좀비 엔딩 또 차트인 했네 대박이다
536,홍민호,슬슬 온다
537,박_새로이_,울산인데 너무 이쁘게 피었어요~~
538,매지컬_빠따_소유자,온다...꽉 잡아라....온다..
539,starry.starry,"오늘 유희열의 스케치북 방송 이후
순위 급상승 예상"
540,다흰이.,봄되면 생각나는 좀비곡
541,pwerou,와 32위 소름돋는다
542,이이이메렁,매년 이맘때쯤 듣는데 왜 안질리는건데 ㅋㅋㅋㅋㅋㅋㅋ
543,ghchoi0190,벚태식이 돌아왔구나
544,현디루,"장범준 당신은 대체,,,
곡을 만든 건지 좀비를 만든 건지,,,,"
545,thgink9,이상하네...이 노래 최고 순위가 7위였다니... 그럴리가... 1위일줄 알았는데...
546,필끼냠,역시 벚꽃좀비...
547,527jh,"작년 봄에는 이 노래 들으며 마음고생 많이 하고 암울하던 고 3 생활 달랬는데..이젠 대학 들어와서 좋은 사람 많이 만나고 행복하게 지내고 있네요 매년 이 노래를 들으면 작년 이 맘때 그 추억이 생각나 미묘해집니다. 지금쯤 이 노래를 듣고 있을 수험생, 대학생뿐만 아니라 모든 분들 행복한 2019년 되셨음 좋겠어요 화이팅"
548,개?민,매년 같은 노랜데 왜 또 좋고 난리
549,whdgus1607,벚꽃좀비 또올라왔네... ㅋㅋ
550,ㅃㅃㅋ,와....엄청나 역시..
551,이것만10년,추워오늘
552,chekd502,올 봄도 듣는다
553,개똥군2,촘비ㄷㄷ
554,시원한유자차,솔직히 이쯤되면 이곡 하나만있으면 먹고살수 있지 않을까?
555,ㅡ,이정도면 슈트라우스도 봄마다 관짝 열고 왈츠 추고 갈 듯;
556,laiob,요즘은 봄바람같이 산들산들한 노래가 많아졌지만 그럼에도 이 노래만이 줄 수 있는 느낌은 여전하다. 각자 가지고 있는 201×년의 봄이 어떤 색이었는지. 그렇게 노래가 당신의 봄을 품고 있는 건 아닌지.
557,all_rounder,벌써 벚꽃핀곳 있나보다 순위올라오네 ㅋㅋㅋ
558,Youngsuu_,"듣는 사람 모두 그렇겠지만
이 노래를 처음듣던
모든게 서툴러서 오히려 설레던 스무살의 나는
어느새 이십대 후반이 되어 가고있다"
559,quichote,과거의 장범준과 지금의 장범준의 승부
560,Dok2_1179,이 노래 안 좋아하는 사람이 있을까
561,weapony,"벚꽃좀비의 개화일은 서울 4월 2일, 인천 4월 3일, 부산 3월 25일로 예상됩니다."
562,(기도하는부처님),와 올라가는거 신기하네 ㄷㄷ
563,위시다크샤인,지금 37위 ㅋㅋㅋ 얼마까지올라갈까
564,9cas10,내가 환갑 칠순되도 이노래는 계속 챠트에 올라올듯 싶음
565,jsm3604,"12,13,14,15,16 5년연속 연도별TOP100에 들어 감ㄷㄷ"
566,김_은우,"벚꽃연금
벚꽃좀비
네버엔딩"
567,smiiiiiii,40위 실화냨ㅋㅋㅋㅋㅋ 벚꽃 폈나보네
568,김현식,하 장범준 배알 ♩♪꼴리네
569,케에빈,봄이니까 ㅎㅎ
570,qhdi00,매년 들어도 좋다ㅜㅜㅜ
571,juwoncozyboy,군항제 얼마 안남았으니까 연금도 얼마 안남았네
572,공중님이다,"그때그 미세먼지가없던,하늘이 뚜렸했던,다들 순수했던 그시절 그봄과 그때의 그감성의봄을 노래로 표현할수있는건 벛꽃엔딩 뿐이기에 이맘때쯤 그때감성을 찾아보려 듣는데 역시나 좋다"
573,바그지훈남,벚꽃볼 여자만 있으면 딱 좋을텐데 ㅎㅎㅎㅎ 주르륵
574,찬찬0615,어떻게 이런 노래가 최고순위가 7위냐
575,Fuzon,벚꽃좀비가 또.... 7년째 백신개발 아무도 못함 ㅋㅋㅋㅋㅋ
576,wweals,74위다 더 떡상하자!!
577,그나0919,20살때 처음들었는데 그때보다 지금이 더 좋다ㅎㅎ들을 수록 좋은 노래~
578,지려요,봄과 함께 같이 따라오는 노래!
579,us1133,벚꽃오셨다 길터드려라
580,kym67420,슬슬 올라오기 시작했군. 꽃이 필 때 쯤이면 극상하겠지!
581,큐베큐베,슬슬 날씨 따뜻해지는데 스믈스믈 올라오겟거니 해서 봤더니 또 왔네
582,뭘해야안겹치냐,매년 들어도 좋다♡
583,AWESON7,실실 쥐도새도 모르게 순위권 진입해버리제~
584,최밤규하트,장봄준 들으러왓다요
585,givemepraise,길터놔라 장봄준님 행차하신다
586,최연승.,스멀스멀...
587,윾리둥절,올해도 어김없이 2~3월 연례행사 하는군
588,athanasia,스멀스멀
589,캡비,와 초5때 이 노래 들은 게 아직도 생생한디 지금 독서실에서 수능공부하고있네 ♩♪탱ㅠㅠ 흑흑 수능 올1 나오게 해주세요ㅠㅠㅠ
590,ecnacavecnacav,버스커 버스커는 앨범 안 내도 이 곡 때문에 일상생활 쌉가능
591,충국으리,쭉쭉 올라가자
592,MAN0,ㅋㅋㅋㅋㅋㅋㅋㅋㅋㅋㅋㅋㅋㅋㅋㅋㅋㅋㅋㅋㅋㅋㅋㅋㅋㅋㅋㅋㅋㅋㅋㅋㅋㅋㅋㅋㅋㅋㅋㅋ진짴ㅋㅋㅋㅋㅋㅋㅋㅋㅋㅋㅋㅋㅋㅋㅋㅋㅋㅋ 매년 생각나는노래
593,댕미,올라...온다.....
594,awwojg,진짜 1년에 한번울리는 봄알람같다ㅋㅋㅋ
595,iiii_l,ㄹㅇ 연금곡이다
596,송채이,ㄹㅇ 벚꽃좀비 아니냐 ㅋㅋㅋ
597,Camarero,봄이여 오라
598,유주하_,봄오는 증거다 즈말로 오늘날씨 개좋♥♥
599,9cas10,지금 현재 39위
600,여우비may,장범준 짱
601,magic__,어서와 1년만이지?
602,tnnd,또 스멀스멀올라오네
603,Prayformercy,ㄹㅇ벚꽃좀비 51위..
604,연재,2012년에 나온 노래라고??ㅋㅋㅋㅋㅋ7년째 차트 인이네 와...
605,앚엑,벚꽃좀비 부활하신다ㄷ
606,탈퇴한 회원,오늘도 같이 걷게되네요 이 거리를
607,꽃.길.따라,안녕 또 보네
608,갓임,진짜 오늘 같은 날씨가 쭉 이어졌으면...
609,형준,어떤 노래를 들으면 그 노래를 처음 듣고 따라부르던 그 시절이 생각나는 그런게 있나보다
610,다슬기슬기다슬기,와.... 진짜 스물스물 올라오더니 차트 중간 왔네여 ㅎㅎ 더올라가자~~
611,고맙구나,왜 눈물이 나냐..ㅜㅜ
612,Min.72,와 ㅋ 46등.. 진짜 봄이네
613,Shfur.,"장봄준님의 봄캐롤이 스물스물 올라 오는걸 보니 봄이 오는구나,,,"
614,unknown3637,63등 와 진짜 봄왔나보다
615,옆태미녀,봄 시작 ~~
616,유정원,차트 순위 85위 ㅋㅋㅋㅋㅋㅋㅋㅋㅋㅋㅋㅋㅋㅋㅋㅋㅋㅋㅋㅋㅋㅋㅋㅋㅋㅋㅋㅋㅋㅋㅋ 역시 벚꽃좀비 ㅋㅋㅋㅋㅋㅋㅋㅋㅋㅋㅋㅋㅋㅋㅋㅋㅋㅋㅋㅋㅋㅋㅋㅋㅋㅋㅋㅋㅋㅋㅋㅋㅋㅋㅋㅋㅋㅋㅋㅋㅋㅋㅋ
617,곰옴탱이,90위네 ㅋㅋㅋㅋ
618,dszzfda,어김없이.
619,unknown3637,90등 차트진입ㄷㄷ 올해도...
620,욜래방구,온다 봄캐롤
621,GF_럽친,"지금보니까 2012년 연간 3위부터 시작해서
2015년까지 장장 4년동안 연간차트인을 했네...
진짜 미쳤다 벚꽃좀비"
622,E.Soooo,봄 좀비가 슬슬 올라오고 있군
623,안녀오옹,데일리 감상자수 11만 ㄷㄷ
624,탈퇴한 회원,"지금 눈덩이 휘날리는데
벚꽃엔딩은 무슨~~~~~
빨리 노래 내려라 !!!!!!!"
625,BestII,여수밤바다랑 봄날이나 들어야겠다ㅋㅋㅋ
626,이래도그냥지나갈꼬야,벚꽃 연금이 그 뜻이구나
627,아이팟,봄날 코코밥따위의 노래들이 이 노래 좋아요수를 넘은게 어이없기만 하다.
628,웅엥옹0.0,봄되니까 슬슬 생각나서 들으러 왔어영ㅎㅎ
629,앤킴79,"역시 봄을 제대로 느끼게 해주는 노래임.
아무리 봄노래 새로 나와도 역시 벚꽃 엔딩이 최고임..."
630,카브렐라,봄이 없어지면 후손에게 들려준다는 베댓이 어디간거죠?
631,정.영.은,"봄바람 휘날릘 뛔에에에에~
난 여전히 남친없고오오오~"
632,SERENDIPITY88,슬슬 들어볼까나~~
633,hell4301,진짜 오진다
634,(기도하는부처님),이 노래는 매년 올라 오네 ㄷㄷ
635,이승원,와 진짜 ㄷㄷㄷㄷㄷ
636,민은호,교과서에 등재되야함
637,iu사랑바라기,계속 올라오네 ㅋㅋㅋㅋㅋㅋ
638,서울시가자,57위네..ㄷㄷ
639,ceijs08,일간 97위!!!
640,꽃처럼_피어나,벚꽃 연금
641,탈퇴한 회원,으 오글오글....
642,9cas10,"이노래는 나중에 고려가요처럼 몇백천년이 흘러도 살아남아서 대학입시에도 나오고 막 그럴거 같다
얄리얄라셩처럼 우오워워워워도 일종의 후렴구로 학습되고..."
643,oossjj,결국엔 다시 올라오는구나 귀호강하겠네
644,구취집취이참과기비,벚태식이.. 돌아왔구나..?
645,ljyssw,올립시다ㅋㅋ
646,Everygenre,봄이다!
647,ha0933,장범준이 실은 벚꽃이 좋아서 쓴게 아니라 벚꽃필때 벚꽃땜에 많은 인파와 그로인해서 좋아하는 연인과 데이트를 잘 못해서 쓴거라던데요
648,기간제_26481,때가 됬다
649,쿠크다스바삭,존심이 있는데 장범준한테 질순 없지 올라가라
650,HuUuU,멜론 기상청곡
651,탈퇴한 회원,슬슬 올라오는구먼ㅋㅋㅋ
652,탈퇴한 회원,"벚꽃엔딩 들으면
3년간 애인 안생긴다는 썰 있어요~~~ 조심하셔야돼요~ 걍 듣지마세요 !!!!!!!"
653,찬혁쒸,봄좀비.. 봄연금... ˃̵͈̑ᴗ˂̵͈̑
654,깨비깨비도깨비-,벚꽃이 피다
655,오ㅓㅈ,꽃 피면 더 많이 올라올 듯
656,svin,올 때 됐다. 올해 봄도 잘 부탁드려요
657,덩덩덩2,대박 66위 ! ㅋㅋㅋㅋㅋㅋ
658,그러다밥이찾아오면,흩날리는 먹꼰니피~~
659,내고향은_엔CTiy,몰랐던 그대와 단둘이 손잡고ㅠㅠㅠㅠㅠㅠ 가사 너무 설렘
660,Happy_Sad,벛태식이 돌아왔구나ㅎ
661,창모아내,올해도 역시나 듣게되는노래...
662,어른이다까불지마,벚꽃좀비 컴백
663,고칠수없는병에걸렸어,매년 들을 때마다 다른 느낌으로 설렘
664,GF_럽친,벚꽃 들어왔다하핰ㅋ
665,전Do엽,이번 봄엔 장범준 앨범도 나와서...진짜 잘벌겠다...
666,나는야_인간,왘ㅋㅋ 안녕? 오랜만이야 이번 봄에도 이 노래는 내 스밍목록에 ㅋㅋ
667,ㅈㅎㅇㅉ,"제목마저 잘 지었다 벚꽃 추억 , 벚꽃 이런 식으로 지었으면 감흥이 덜 했을 거 같음"
668,sum441,중3때 점심시간이 지나고 봄에는 항상 그대여~로 시작했지
669,바수늬,올라올 때가 됐는데...!
670,둠바_,꼭 봄이 아니여도 주기적으로 듣는노래 들으면 그냥 마음이 설레고 행복해진다
671,루우드으,내 20대의 시작을 이 노래와 함께 했다는 것 만으로도 충분히 따스한 노래. 훗날 내 아들 딸이 아빠의 대학생활은 어땠어? 라고 물어본다면 조용히 웃으며 들려줄 노래. 벚꽃엔딩을 듣고 건축학개론을 보던 내 스무살이 그리울 때마다 다시 들으러 와야지.
672,Eisenhower,"노래가 좋아 그때를 기억하는지, 그때가 좋아 노래를 기억하는지 정확히 알 수 없지만, 어느 봄날 눈부신 그대화 함께한 기억은 이 노래처럼 따스하네요"
673,꿀꽈배깅,슬슬 올라올 때가 됐는데
674,이아르미이,올해는 좀 더디긴 한데 벚꽃피면 확 올라올듯
675,오랜방황의끝-,"봄에는 역시
이 노래 만한 곡 없다
장봄준 갓갓갓
재생 다운로드
벚꽃 엔딩
버스커 버스커
버스커 버스커 1집"
676,필립스군,벚꽃연금 가즈아
677,이래도그냥지나갈꼬야,좀비인가
678,짜잔형형,이때 사귀던 남자친구가 이노래 들을때마다 생각난닼ㅋㅋㅋ 이미 그후로 남친이 3명은 바뀌었고 걔는 결혼까지했는데 미련같은건 아니고 그냥 노래가 추억을 담고있는 느낌?? ㅠㅠ 그래서 잘 못듣다가 또 매봄마다 찾고있음 ㅋㅋㅋ
679,wisely.,봄바람 휘날리며어~~~
680,메리워드_,범태식이 돌아왔구나! 탑100 재진입 환영이다
681,mentisshrimp,캬 돌아왔구나 범준식이
682,중2벤쿠버,흑우들 또 범준이 연금내주냐?
683,7존예진4,벌ㅆㅓ 생각나고 지롤이네 ... 하아
684,백치.,멜론 실시간 차트 100곡 듣고있었는데 니가 왜나와 ㅋㅋㅋㅋ
685,쌈자와의3자대면,"ㅋㅋㅋㅋ 밖에나가면
슬슬 들려오기시작함 ㅋㅋㅋㅋㅋㅋㅋㅋㅋ
무섭다"
686,즐기자LIFE,대학생활 때 한창 함께 했던 노래라 너무 좋다. 이만한 봄노래 찾기도 힘들고 수록곡도 다 좋음. 한번 듣고 흘려보내는 유행곡이 없음
687,J이홉,미세먼지 때문에 옛날에 이노래 들을 때 그 느낌이 덜난다ㅜㅜㅜㅜ
688,탈퇴한 회원,또 왔네 왔어
689,CBYB,그냥 봄 그 자체
690,ESPER_,ㄹㅇ 벚꽃좀비 벚꽃연금 ㅋㅋㅋㅋㅋㅋㅋㅋ
691,침딩침딩,솔직히 훗날 봄이 없어져서 노래로만 회상하는 날. 금방 올 것같아서 무섭다
692,조우현,우리나라 노래 역사상에 5년연속 연간 차트인은 유일할듯
693,athanasia,봄에는 봄이라서 듣고 여름에는 지나간 봄을 그리워하며 듣고 가을에는 날씨가 비슷해서 듣고 겨울에는 곧 다가올 봄을 기다리며 듣는 노래.
694,nscrane,아 벚꽃 핀다니까 또 찾아 듣는다 ㅋㅋㅋㅋ 이 노랜 진짜 평생갈듯 ㅋㅋㅋㅋㅋ 거리에서 노래 틀어주면 봄임 ㅋㅋㅋㅌㅋ
695,mi_to_the_mi,헐 이게뭐야 벌써??!!!!
696,한글영문숫자1,진짜 이만한 봄노래 없는거 같다 전주만 들어도 봄이야ㅋㅋ
697,흥서리,봄 되니까 또 생각난다ㅋㅋㅋ
698,Seminy,장범준 공무원 on
699,moha_,"벚꽃 엔딩만큼 봄 하면 연상되는 노래가 또 나올까..
날씨 그지같아도 이거 들으니까 봄이 온 것 같다ㅋㅋㅋㅋ"
700,PanTech,차트진입 나이스
701,찬찬0615,몇년째 매년마다 차트 진입이냐ㄷㄷ
702,내청춘은엑소,차트 올라왔다....연금이 휘날리며~ 진짜 효자곡이다
703,침딩침딩,봄이 왔는지 확인하고 싶으면 차트에 이 노래가 있는지 확인해라
704,왕개박개가최고지,돌아왔구나 벛태식이
705,그저빛-,시작인가..
706,박.찬혁,"좀비,."
707,RaspberryM,이런 효자곡을 다 봤나 ㅋㅋㅋ
708,H2O12,"도입부만 들어도 두근두근
봄이 좋다"
709,nrnrhfbd,또또 올라오기 시작한다...ㄷㄷㄷ
710,HLKD,도입부 그대여 너무 좋다 진심
711,Painter_Kang,역사에 길이남을 명곡. 봄만 되면 생각나는 곡.
712,tae_ook_0111,다시 차트 올라오는 그는 대체..
713,야나두야너두,이노래 나올때 초5가 올해 수능.....근데 120위권 Holy....
714,우아한.프라다,미세먼지만 없었으면 벌써 떡상했을 노래
715,Siskin,미세먼지 땜에 온국민이 나들이 갈 생각을 못하니 이 노래도 연상되지 않는거 같네. 나들이 가던 차에서 이 노래 틀면서 밖에 벚꽃 없어도 풍광보는 재미를 떠올리지 못하는 날씨라니
716,수숫구굿,이제는 역주행기세가 확실히 약하네요
717,Kanu..,"324,120++"
718,야나두야너두,"꽃길을 깔으테니, 즈려밟고 올라가시지요."
719,RRBRV,벚꽃 엔딩 다시 1위 가즈아ㅏㅏ~~~
720,김현우,2019년 에도 듣고 있다 ✋✋
721,보랏길만걷자,올해도 올라오나요~~~
722,Hoiiiii,그대여 그대여 하는 순간부터 마음이 울렁울렁 이 노래가 봄이란 단어 그자체 평생 자자손손 연금 타드실듯요 ㅎㅎ
723,필립스군,벚꽃연금 올해도 가즈아ㅏㅏ
724,whatever_you_do,스..믈...스..믈....
725,쏘님_,차트인ㅋㅋㅋ 99윜ㅋㅋㅋ 올라간다점점!
726,HGONY,슬슬..
727,탈퇴한 회원,올해도 어김없이 찾아왔어요
728,지옥으로꺼져,"이 노래가 봄인가 봄이 이 노래인가
노래 자체가 봄이 된 느낌ㅋㅋㅋㅋ"
729,timberhouse,"군대에서 엠넷만틀면 나오면서 내 마음을 싱숭생숭하게 만들던 노래가

밖에서 더 고통스럽게 들린다...."
730,20something_,4월초에 서울가려는데 벚꽃명소 추천해주세요!!
731,다슬기슬기다슬기,봄 킹 돌아온다~~
732,moonlight_929,"벚꽃이 핀걸 아는 법
일기예보X 벚꽃엔딩이 차트에 있는가O"
733,moonlight_929,"시청앞에 벌써 벚꽃이 폈던데
이 노래도 다시 차트 상위에 올라갈 때가 왔구나"
734,침딩침딩,곧 차트 상위권으로 진입할 곡입니다
735,ERIOL,어제 최고 순위 113위.. 곧 올라오겠네 후덜덜
736,오딨니오딨니오딨니,"미세먼지 가고 벚꽃 엔딩 와라오라ㅏ로아랄라
곧 차트에서 볼듯ㅋㅋㅋㅋ"
737,mygu9001,스물스물 올라간다
738,망고요거트화이트펄,아 진짜 봄 별생각 없는데 이거랑 비투비 봄날의 기억 들으면 진심 따뜻한 날에 밖에 나가서 뛰어댕기고 싶음
739,주선광,벚꽃이 좀비인지 좀비가 벚꽃인지!ㅋㅋㅋㅋㅋㅋㅋㅋㅋㅋ
740,주선광,그대여~ 그대여~ 그대여~ 그대여~ 그대여~ 이렇게 바람이 서글피 부는날에는!ㅋㅋㅋㅋㅋㅋㅋㅋㅋㅋ
741,호에애엥,봄태식이 돌아왔구나
742,탈퇴한 회원,올해도 어김없이ㅋㅋ
743,nmn18,벚꽃좀비 지려버리네ㅋㅋㅋㅋㅋㅋㅋ
744,띵떙뜡,ㅁㅊㅋㅋㅋㅋㅋ 92위
745,딸기잎꽃말,봄이 왔습니다 벚꽃엔딩은 고개를 들어주세요
746,밍쮸밍,또 올라왔네ㅋㅋㅋㅋㅋ
747,히위얼,오셨군요....ㅋㅋㅋㅋ
748,꺼져라사재기,역시 벚꽃엔딩 올해도 차트인
749,403101k,좀만 있으면 이노래 들리겠네
750,BB_GUSTLR,슬슬 날 풀리네 봄이닿ㅎㅎㅎㅎㅎㅎ
751,레몬느아이스티,이번 년도 출첵
752,무칭개,설레여요~~
753,Thumbsup,날씨 풀리니까 생각나네
754,I_MODA_U,미세먼지 휘날리며~ 흩날리는 중금속이~
755,언.제.나,오랜만에 하늘도 파랗고~ 봄 노래 듣고 싶어져서 벚꽃엔딩 들으면서 걷는데 너무 좋네요~
756,박경오,"봄이왔나보다.
자연스럽게 다시 찾아듣게되는
벚꽃좀비.."
757,판타지너블,봄에 이 노래 안나오면 봄이 아닌거 같애
758,l캉테l,미세먼지 때문에 봄느낌이 안나서 차트인이 늦는것 같음..
759,땅휴니,벚꽃 좀비 가자
760,꿈과책과힘과벽.,듣기만 해도 설레인다..마법 같은 곡
761,I_Love_You_3000,올해부터 다시 연간차트인 하길
762,사황-킬러조-,크으 좋아요 32만개
763,BJ성배1,저기 지금 봄 인데 실시간차트 1순위 올려주세요
764,리스너즈,"봄이라서 틀어봤어요. 이제 봄은 짧아지고 봄마다 오던 황사는 이제 미세먼지가 됐네요.
미래세대는 진짜 봄을 이 노래로만 느낄 수 있을지도 모르겠네요...."
765,FlyingPig7,이젠.. 황사 엔딩이다..
766,jejudong,현재 124위 가즈아
767,1999yule,"내가 노년이 되어서도 청춘을 떠올리면 이노래가 생각날 것 같다. 언제 어디서든 벚꽃엔딩을 들으면 그 날, 봄처럼 생기있고 해맑고 순수했던 그날들이 떠올라서 잠시나마 웃게 된다. 8090 세대들의 청춘을 회상시켜주는 노래."
768,쩡이쩡이93,"슈돌에 장범준씨 나와서 노래가 생각이났어요❤️
역시 좋네요~ 벚꽃엔딩 ~~"
769,besternt,봄이 오려나보다.
770,하앞,곧 차트에 오르겠넹
771,Camarero,아!!!! 다시 봄을 맞을준비를..
772,막내같은리더,"어제 차트 순위 124위 슬슬 올라온다
봄이구나"
773,Soyeony,와 진짜 언제까지 휩쓸까..? 이만큼 봄을 표현한 노래는 앞으로 안나오겠지?
774,daisyyyy,내 스무살 생각난다 돌아가고싶다
775,Lazenca,연금시즌인가요?
776,조리퐁우유맛나,다시 시작인가♩♪ㅇ
777,kxokxo__,"어제자 124위.
곧 봄이라는 증거."
778,일서진,"어김없이 찾아오는 봄
미세먼지가 많아도 오랜만에 봄이 오는게 좋고 설렌다
전역하고 처음으로 맞은 2012년 봄처럼"
779,Wooi,미세먼지엔딩
780,minminv,벚태식이 돌아오는구나!
781,이아르미이,오늘 강변 엔터씩스에서 듣고와서 또 듣는중. 봄이 왔다
782,mr.hsssi,"문득 이 노래가 생각나면 봄이 온거임
그냥 봄임"
783,IV1iN_su,돌아왔구나
784,마헬메,슬슬 온다
785,Blueblues,봄이 왔다!
786,musikbox,128!
787,GF_럽친,이 곡 하나로 얼마를 버는거야 장범준씨는...
788,탈퇴한 회원,벚꽃좀비 또 온다..
789,nunu._.,드디어 다시 재생목록에 넣었습니다..
790,W96NG,이 노래는 잊혀지지않는다..
791,minminv,163 차트인 가즈아ㅋㅋㅋ
792,시현이이이이이이,이제 100위 안으로 들 때가 온다 ..
793,andrewpsw,163..점점올라간다..
794,More_as_TWICE,벚꽃 연금 최대의 적 : 벚꽃 구경 의지를 상실케하고 맑은 봄 날씨를 흐리는 미세먼지
795,당신은내뮤즈,또...온다...스멀스멀..
796,클라우드군,슬슬~~ 또 그때가 오고있다
797,민재노래듣는다잉,ㅋㅋㅋㅋㅋㅋㅋㅋㅋ아좋아
798,미로미롱,또 올라온다 또
799,전설의이름,스멀스멀
800,20.08.21.,벚꽃좀비여.. 출동 할 시간이다
801,이동구,역대 스트리밍시간 946년쯤 되서 고려시대부터 듣는셈입니다
802,kirkland.,"여러분! 3월의 첫날..
3•1 운동 100주년..
2019년 3월 1일입니당!❤
올봄도 벚꽃엔딩으로 행복하게,
향기롭게 보내세용!!!"
803,손선.,진짜 이것보다 봄을 잘 표현한 노래가 있을까? 듣기만해도 벚꽃잎이 가로등 밑으로 사르르 떨어지는게 생각나고... 바람이 삭 불면서 걸어가는 연인들이 생각남ㅜㅜㅜㅜㅜ 정말 연금 받아도 충분한 노래
804,SOFY,가시죠 여러분
805,후루유,들을 시기다
806,쿵짜가가가쿵짜악,슬슬 올라온다
807,thect,오늘부터 다시 버닝중
808,po궁수wer,슬슬 올라온다
809,Vinci.,"19.2.28 다시 들으러왔다.
>.<"
810,탱구왔서현,슬슬 들을 계절이 와서 순위 봤더니 182위... 진짜 이러다 벚꽃 오프닝도 만들어야 할 듯
811,탈퇴한 회원,벌써 이 노래 트는 가게 봤음 ㅋㅋㅋ
812,별똥별똥별ㅇ,"다시 왓다,,,그 계절"
813,쌈자와의3자대면,"2010년대 최고의 노래임
봄만되면 특히 벚꽃축제시즌때만되면
1등한데는 다 이유가있는듯"
814,GodDog,이번에도 여전히 봄이 오면 이 노래를 먼저 찾게됨
815,캘리야드토끼,진짜 연애좀 하고싶다 시이발
816,킹갓제네럴태연,봄노래로 벚꽃엔딩 이길 노래 없다..
817,xianesswan,슬슬 올라올거라 생각해서 와봤는데 183이네 벌써
818,eenijaey,오 183
819,바닐라콜드브루라떼,공기는 나쁘지만 날이 점점 따듯해지니 생각나는 벚꽃엔딩ㅋㅋㅋㅋ 올해의 봄은 벚꽃엔딩과 미리 맞이해봅니다.
820,cexx,슬..슬
821,보슬_보슬,와 계속 올라온담ㅋㅋㅋㄲㄱ
822,jib2002,드디어 210...
823,Zuu_,"오늘 날씨 너무 봄 같아서 올 해 처음으로 듣는다,, 이 노래 들으면 13년 대학교 일학년때, 벚꽃 만개한 교정을 봄바람 맞으며 걷던 장면이 생각난다 ㅠㅠㅠ 진짜 어쩜 봄이랑 딱일까 봄 드라이브 할 땐 벚꽃엔딩+꽃송이가 이 두곡은 필수 ,,"
824,cocomingg,다시 그 계절이 돌아오고 있군요
825,cryinggniyrc,오 올랑온다~~~~~~
826,밀실얍,200
827,Ecanus772,한달남았구나
828,탈퇴한 회원,봄 연금
829,맘에쏙들어,벚꽃엔딩의 계절이 오기까지도 얼마 안 남았네요ㅎㅎ 올해는 그녀와 함께 들을 수 있길!
830,멜로디윤덩,298위!!!
831,말랑콩떡초코볼,때가 왔다
832,wjs112828,3월 중반되면 차트에 올라오는거 아닌가
833,shaff007,어제의순위 298. 슥슥 올라오네요
834,이유진,찾게되는군
835,l캉테l,이번봄도 꽃송이가+벚꽃엔딩 조합간다
836,Blueblues,왔다 따숴진다
837,탈퇴한 회원,벌써 설레네
838,YellOhA,'그 시즌'이 온다...
839,승철아사랑해,요새 이 노래 완전 좋음ㅠㅠ
840,h_phenomenon,1000!
841,outchann,언제쯤 질릴까
842,IlIlllIIIlll,빨리 봄 왔으면 좋겠다
843,빛나는_오늘,ㅁㅊ 듣는 순간 따뜻한 바람 불고 벚꽃 휘날리는게 연상된다ㅋㅋㅋ;; 버스커버스커 노래 하난 진짜 잘 만들었따...벌써 부터 설레넹
844,파랭이시티즌,날씨 풀리면서 갑자기 봄이 너무 기다려져서 찾아 듣는 중 ㅋㅋㅋ
845,OceaN,어제의 순위 374
846,음악은역시씨디,그노래가온다...
847,희제를누가사용하는데,슬금슬금 오르네
848,달이쪼꼬토리,"320,968...후덜덜"
849,minminv,어제의 순위 495
850,eses0811,또 이노래 듣고있는거보니 봄의시작이 느껴진다
851,mentisshrimp,듣다가 뜬금없이 눈물이 그렁그렁해짐
852,탈퇴한 회원,크 갑자기 생각나서 들엇는데 너무 설렌다 ㅋㅋㅋㅋ진짜 ㅋㅋㅋ괜히벚꽃연금이아니여 ㅋㅋㅋㅋㅋ
853,minminv,어제의 순위 507
854,minminv,어제 565위 ㅋㅋㅋㅋ 2월말되면 100위 진입하겠다
855,엘로노엘코지보이,어제의 차트 순위 714위.. 점점 올라온다 ㅋㅋㅋ
856,Ifeelgyu,슬슬 올라올때 됐는데 입춘도지났고~
857,김카히,빨리 벚꽃놀이 가고 싶다~ 봄만 되면 생각나는 노래 ㅋㅋㅋㅋ 거의 봄의 애국가급
858,woo_suk_,좋아요 32만개면 상줘야하는거 아니냐?
859,치스즈크램블,"노래 넘 좋아요 ㅠㅠㅠㅠ 진짜 봄이 생각나는 노래...
재생 다운로드
벚꽃 엔딩
버스커 버스커
버스커 버스커 1집"
860,전설의이름,잠깐만 개소름 돋았어 벌써 봄.....?
861,달빛아래빛나는,"입춘이 열흘 남음
곧 벚꽃엔딩이 다시 올라오는 계절
어제순위 857위"
862,늉뉴냥냐_,첨 들었을 때 진짜 충격이였지 노래가 이렇게 좋을 수가 있나 ㅋㅋㅋ
863,씨아웃,"청각장애인이 기적적으로 장애를 극복하게 된다면
가장 처음으로 들려주고 싶은 노래"
864,Bad_Romance,1000위권 진입 ㅋㅋㅋ 한겨울인데
865,ㅇㄷㅅㄹ,이제 봄이오는구나~~
866,총총이가총총총,오늘 날씨가 넘 따뜻해서 오랜만에 생각나서 들었어요 원래 봄이 올때 설렜는데 이 곡 덕분에 더 설레는 것 같아요!
867,5타쿠,3달뒤면 어김없이 거리 곳곳에서 들려오겠지?
868,NO1YAPJUMMA,"벚꽃엔딩을 듣자면
그때의 캠퍼스도 눈에 보이는 듯 하고
냄새도 나는거같다
그냥 마냥 걷는 것조차 좋았었는데"
869,감염된멀록,"..,.."
870,지헌석,내년 봄에도 다시 올라오겠지..... 벚꽃연금은 영원하다
871,The-dlwlrma,이거 왜 재생목록에 지혼자 추가되어있지
872,웃음의여왕-,319983
873,cocomingg,좋아요 30만 ㄹㅇ.. 대박..
874,wjs112828,초딩때가 생각나네요...
875,라스메니나스,"이노래 들을때마다 흠칫흠칫한다...
이등병때 듣던노래라 그런지 길거리서 이거나올때마다 나혼자긴장타게됨 우울해지고"
876,warriorwithin,하트=명곡은 이제 좀 의미 없어진듯 엑소 방탄때문에
877,찰푸르륵,이게 진정한 대중픽 좋아요 30만개다
878,느낌와써,"12년도에 대학교 1학년이였는데 거리 어디에서도 이노래가 들렸던게 생각나네요..
특히 대학교 축제때 듣는게 최고였죠...
썸 또는 연인이였던 사람이랑 벚꽃보며 걷는것도 좋았구요"
879,너무늦은밤이야너무긴이별이야,"DNA 한테 좋아요 순위 뺏기겠음
재생 다운로드
DNA
방탄소년단
LOVE YOURSELF 承 'Her'"
880,byemy,가을에 들어도 좋다. 역시 봄에 제격이지만.
881,SDPJ,범준씨 군대 잘 다녀와요 기다리고 있을게요
882,소림전설,띵작!
883,ellsworth,얼른 컴백!
884,azzu929292,아직도 듣는다
885,지민지킴이,뭐야 .. 벌써 벚꽃엔딩 6년동안 봄을 지나쳤어..
886,범희영,기분이 좋은때 꼭 이노래 틀러요
887,colseya81,죽지않는 좀비... 만병통치약 없나요?
888,부르는게좋아,봄이 짧아지는데 노래로 연장되는 느낌
889,춫,넘좋아요!벗꽃이바람에흗날리는기분이네요 상쾌한 기분이네요
890,스윙스까스,"형들 보고싶어요
이대로 끝나는 거 아니죠?"
891,songjh153,319477
892,기르도르규,하트개수봐라
893,DickJohnson,수학여행 버스에서 이노래틀고놀던때가 그리워지네
894,ffb69f,"진짜 말그대로 벚꽃좀비네요 ㅎㄷㄷ 아직도 차트인 이라니 ...
재생 다운로드
벚꽃 엔딩
버스커 버스커
버스커 버스커 1집"
895,하이첼,100등진입!
896,송아지스타튜브,하트319000개뭐지....
897,간zlS2,좀비엔딩
898,ksh101014,"봄철 과일마냥
봄만되면 어김없이 등장하는.."
899,해롭지않음,"근데 매년 들어도 너무 좋아 진짜
그래서 얘네 컴백 언제 해요..."
900,예압요요요요,318455
901,greywhale,"봄마다 살아나는게

거의 좀비수준임"
902,LampFire,ㄹㅇ 좀비 그자체
903,배시월,"봄에 듣기 좋은 노래 추천
재생 다운로드
벚꽃고백
데일
나의 사계절 '봄'"
904,Jisun_1004,지겨움 이 노래 거리에서 나오면 귀막고다님
905,연재,봄에 이 노래 안들으면 서운함..
906,go_down,집-회사만 왔다갔다 너무바빠서 벚꽃이피고 다 져버린줄도 몰랐는데 이노래들으면 눈으로안봐도 벚꽃이보이는것 같아서 좋다
907,Artdani,넘좋아~ 예전의 너가 생각나~
908,임시완아내1호,이노래는 한 10년되도 봄만되면 차트오를듯 ㅋㅋㅋㅋ
909,발라드좋아연,벚꽃연금 또 시작된건가... 이 노래로만 수천억 벌었다는데...
910,QOOD,가장 대표적인 봄시즌 노래......... 히트친 봄노래들 봄되면 역주행하는곡들 몇몇있지만 이만큼 좋은건 갠적으로 없는듯..
911,Color_Hani,"거품 너무 많이 낀듯


언빌리’버블’"
912,나는칸쵸,비가와서벚꽃못봣지만 ㅜ좋아하는사람이 나 이노래안다고해서 불러줫는데 ㅋㅋ 더소름은 100점 !ㅎ
913,kytai99,"ㄹㅇ 좋음♡♡#벛꽃엔딩#버스커버스커
재생 다운로드
벚꽃 엔딩
버스커 버스커
버스커 버스커 1집"
914,Odyssey_,이시기면 한 20위해야하는거 아닌가...
915,쟈스민향이가득한,"중학교때 수련회 활동중
이 노래를 교관님이 틀어줬었는데 60명이서 떼창하던 그때 2012년 봄이 생각난다"
916,bettertogether,14일 1빠
917,탈퇴한 회원,지구온난화땜에 봄이사라지면 제일 손해보시는분
918,읭치키,벚꽃연금이다 진짜 ㅋㅋㅋㅋㅋ
919,안젤라안젤로2,벚꽃엔딩~ 영원하라~❤️
920,atmosp,10년뒤에도 이곡은 매년 봄마다 뜰듯
921,borisong,벚꽃엔 버스커버스커
922,프롬백선생,벚꽃연금 매년 잘받을듯
923,탈퇴한 회원,ㅋㅋㅋㅋㅋㅋ챠트실화냐
924,Omoknuni,오졌다... 차트역주행을 매년봄마다하네 ㄷㄷ
925,moro9779,봄 될쯤이면 이젠 당연히 한번쯤은 생각나는 노래가 됨...
926,뚱이밥탱이,노무노무 좋다
927,ohkim2425,사랑해요 버스커버스커
928,Four달러,아진짜 날씨좀 좋아져라ㅠㅠㅠㅠㅠ
929,가수신다빈,작년까지만 해도 날씨가 좋았는데 ㅠㅠㅠ
930,JJH1,얘네 이걸로 평생 일안해도 되겠다 ㄹㅇ
931,진지한데뜬금없지만,"벚꽃오면들어야할노래는 벚꽃엔딩
여수가면들어야할노래는 여수밤바다"
932,dnjsdl3ro,"좀 올라갈라 하니까 비오고 눈오네...
벚꽃다떨어진다ㅠㅠ 미세먼지도.."
933,정배찌,Spring Zombie.... 대단한 노래인거같아요~!!
934,Fanxxy_Child,이번년도는 조금 함들거 같아요 10위 안에는
935,kakaka00,또 왔구나
936,shoksak,..ㅎㅇ
937,싸우고싶펑피나고싶펑,벚꽃 엔딩 순위없으면 서운할뜻
938,바나나맛우유쥬아,질리지가않다 ㅋㅋㅋ큐ㅠㅠㅠ몇년이지났는데도
939,아로니가아롱아롱,좀비세요
940,멜뭄,얘무서워
941,정환,"최강좀비.. 봄에만나타난다는 차트좀비..
대단하다"
942,탈퇴한 회원,벚꽃연금
943,MiZU,"아니 이건 또올라와있네ㅋㅋㅋ
바로 위에 안보이길래 웬일로 차트에 없네? 하고 내려봤더니 역시나 있네 아직 안올라온거였네ㅡㅡㅋㅋㅋㅋ"
944,콜-라,벚꽃좀비
945,덕구온천-,벚꽃연금 등장 !!!
946,W.You,ㅋㅋㅋㅋ 또올라왔네 ㅋㅋ
947,lcdaer,벚꽃 네버엔딩 ㅎ
948,끌끌껄껄낄낄,이야..역시 봄되니 벚꽃엔딩 ㅋㅋㅋ
949,kagwodnjs,아니 차트에 어느새 또올라왔네 ㅋㅋ
950,찌니써비,에바임
951,YouRun,벚꽃좀비ㄷㄷ..
952,봄길만가자,"또다른 연금송
재생 다운로드
벚꽃송
재호, 주아, 큭큭
벚꽃송"
953,ppcherry,아 이제 슬슬 순위 올라올 때 됐는데 하고 슥 보니까 역시나ㅋㅋㅋㅋㅋ 봄하면 벚꽃엔딩 아닙니까 거의 공식이죠
954,횅지수,벚꽃연금 이여...!!
955,Wigs,아직 순위 다 안올라온듯.. 좀있으면 20위안에도 올라갈듯
956,SE12A,진짜 매년 봄마다 수도없이 들었는데도 늘 새로움
957,가수신다빈,30등 ㄷ ㄷ
958,888235012177355,때가 되었다...
959,lucky8800,봄이 좋냐?꽃송이가♡(이노래도 좋아요)
960,pkong71,미세먼지 때문에 봄느낌도 예전같지 않은데 이노래 들으면 그래도 좀 봄느낌이 살아나는듯..대단한 명곡임
961,박효신다음주자,벛꽃연금 또스멀스멀올라가고있다ㅋㅋㅋㅋ
962,영덕이요,벚꽃보고싶다 . ㅠ ㅠ
963,ljyssw,이거 교과서 음악책에 등재될 전무후무한노래....
964,PEACEMlNUSONE,멜론에서 가장 좋아요가 많은 노래ㅋㅋㅋ
965,Jhstjmj,"내 삶의 서러움이 이 노래처럼 끝나길
올해는 간절히 그대와 이 노래 들으며
행복할 수 있기를"
966,김효성,벛꽃연금....
967,KiLoo,봄에는 이노래지 그대와 손잡고 벚꽃보고싶어요 ㅜㅜ
968,탈퇴한 회원,오늘 날씨가 좋아서 이 노래를 듣고싶었었나봐요ㅎ
969,ishoo_cream,꽃피니까 생각난다!
970,연재,언제 여기까지!!!
971,야나두야너두,봄마다 벚꽃엔딩이랑 봄봄봄 들으면 아련터져서 눈물남
972,노래듣징,"이 노래 들으면 매년 나의 봄의 모습이 생각나면서 아련함 나만 그런가,,"
973,eenoo,범준이형 보고싶어 으허어허~~~
974,solsxl,❤️ 312358 넘사벽
975,k5816565,25위 ㄷㄷ
976,탈퇴한 회원,봄이면 꼭 들어야할거같은 기분..
977,산에불내기,들을 때마다 설레네... 내 님은 어디에?
978,탈퇴한 회원,올라왔네.. 25위!
979,kang쥐,벚꽃엔딩...그는...도덕책..
980,Outpost,슬슬 올라온다~~
981,오세훈_412,와 또 올라와 미쳤다
982,DAY__,"ㅋㅋㅋㅋㅋ네버엔딩 벚꽃좀비 꽃길걷자~~
이건 잊혀지지도않을거같다"
983,wjdckdud12,25위
984,박남극,이건 삼십년뒤에도 길거리에서 나올거 같다 개띵곡..
985,제림인뎅,하트수봐..진짜 명곡이다
986,JSDI0,ㅠㅠ진짜 몇년을 들어도 안질린다
987,오칠42육,벚꽃 엔딩이 12년에 나온 노래라는거에 갑자기 소오름... 좀비인건 알았다만..6년동안ㄷㄷㄷ
988,장끼_,벚꽃핀거 보고 홀린듯이 들으러왔는데 벌써차트에 있넹ㅋㅋㅋㅋ ;_;
989,흐르는잡덕,32위!!!!!
990,ㅣlㅣlㅣlㅇoㅇo,좋아요수 넘사 미쳤어
991,R_-C_-,벚꽃좀비 들으러 왔습니다
992,서지니애여,와 순위봐
993,yjyj2005,올해도차트진입...실화?
994,JAd2_,"다른노래도 많지만 봄하면 제일 먼저 생각나는 노래,,
ㄹㅇ연금이라고 부를만하다"
995,아아0000019181981,"벚꽃핀당,,♥"
996,Mintsugar,몇 년째 듣는데도 질릴 법한데.. 어김없이 연금드리러 왔습니다ㅎㅎ
997,심장이슴덕슴덕,온다온다온다온다온다온다온다온다온다
998,초자연현상,작년에 왔던 벚꽃엔딩~ 죽지도 않고 또왔네~
999,소울리다,올해도 터지는 연금 ㅋ
1000,Fuzon,역시 벚꽃좀비 ㅋㅋㅋㅋ 봄 되니까 되살아났다 ㅋㅋ 벚꽃 전국적으로 피면 차트 최상위권까지 올라갈듯 몇년이 지나도 봄엔 이노래가 빠질 수 없음
1001,대천사킹,"올해도 어김없이 봄에 차트 진입ㅋㅋㅋㅋ
벚꽃 연금 지린다 ㅋㅋㅋ존경"
1002,pino3417,ㅋㅋㅋㅋㅋㅋㅋㅋㅋㅋㅋㅋㅋ 앞으로 10년간 아니 그 이상 봄을 대표하는 노래가 아닐까
1003,도뉘이,zzㅋㅋㅋㅋㅋ봄이라 생각나서 들으러 왔는데 혹시나 하고 봤더니 차트인ㄷㄷ
1004,악캭켁,벚꽃좀비니 뭐니해도 봄되면 제일 먼저 생각남ㅋㅋㅋㅋ
1005,탈퇴한 회원,역시 벚꽃연금
1006,르네루,좀비새기 30등대 진입ㄷㄷ
1007,탈퇴한 회원,지겹다 ㅋㅋ
1008,쟇휘,질리는데 계속들어도좋음 ㅈ1ㄴ뭐지
1009,muzi1938,"이노래가 진짜 대박인 이유는
사람들이 이노래를 들으면 이앨범에있는 다른음악, 장범준의 다른앨범에 있는 음악도 들어볼까 하면서 전부다 한번씩은 찾아듣기때문 황금알을 낳는거위다"
1010,bookgy,연금 드리러 왔습니당
1011,탈퇴한 회원,이제 순위 더 올라가겠네요 ㅋㅋㅋ 벌써 어디서 벚꽃 날리는 소리가
1012,이것만10년,"봄노래 달달하게 들으면 좋음
재생 다운로드
그럴 수밖에
김동률
그럴 수밖에"
1013,PUNCH_LINE,미세먼지 휘날리며~~♪
1014,이상진,나중에는 우리나라를 대표하는 음악인 아리랑 수준될듯
1015,gusrud375,"차트에 보이는 거 보니 봄은 봄이네.
덕분에 나도 플레이~♪"
1016,탈퇴한 회원,매년 봄이 되면 차트에 올라오네 ㄷㄷ 그만큼 노래도 좋은듯
1017,나중에_꽃_필때_만나자,어서오세요 벚꽃좀비...ㅎㅎㅎㅎㅎㅎㅎㅎ
1018,ksy8600,ㅋㅍㅂ
1019,Epe,차트 순위가 높은 걸 보니 오늘은 따뜻한 봄이군요
1020,nalorlomd,"군복무중에 연금받는 장범준...
이노래가 보이는거 보니까 봄이 공식적으로 왔네요"
1021,huije123,오늘 날씨 각이다 ㅋㅋㅋ
1022,효일러,슬...슬 깨어나실 때가 된거 같습니다.....ㅋㅋㅋㅋㅋㅋㅋ
1023,한영,"버스커버스커의 앨범 한줄평
""띵곡 다음 띵곡"""
1024,숲속의플룻,노래 좋네ㅠㅠ 가사도 좋고 그치만 봄이 좋냐 들으러 가야지..벚꽃 빨리 져라..
1025,희준,여김없이 올해도 벛꽃좀비가... 벛꽃연금..컹s....
1026,a_a___x,"진짜 노래 잘만들었다
질려서 안들을라고 해도 입에서 계속 흥얼거리고 있음ㅋㅋㅋㅋ"
1027,Vi6lla9in,진짜 언제들어도 안질린다..개띵곡
1028,하나코12,후....이젠 거리마다 이노래가나오는 시기가왓군..안녕 벛꽃들아
1029,그러다밥이찾아오면,봄캐롤 ㅎㅇ
1030,magic_s,하트31만 돌파!
1031,신비의아리아,봄엔 진짜 벚꽃엔딩이 젤 좋은 거 같음ㅋㅋ 순위 쭉쭉 오르자!
1032,띵곡을_찾아서,27업 실화????
1033,제주산김한빈,오늘날씨엔 이노래가 딱이다
1034,NoeIcozyboy,이곡 첨나올때는 미세먼지도 없었는데..하
1035,sh303,...
1036,기간제_26481,와 벚꽃연금
1037,탈퇴한 회원,봄이 오네요
1038,늅늅22,좀비가 또..
1039,탈퇴한 회원,봄이 왓네요
1040,Lianen_,이 노래만 들으면 설레요ㅜㅜ 머릿속에 저절로 따스한 햇살과 살랑살랑 부는 바람에 벚꽃잎 흩날리는 게 그려지는 노래
1041,탈퇴한 회원,올라온다 올라온다
1042,fasdfaf,먼지엔딩 가즈아 ㅏㅏ ㅏ
1043,눈사람_Uk,오늘 날씨가 진짜다. 가즈아!!!
1044,탈퇴한 회원,왜 이 노래만 들으면 이유도 없는데 미친듯이 설렐까 나만 설레나 뭔가 기분이 들뜨면서 좋아지고 설렌다 진짜
1045,최재성,뭔 말이 필요하냐 가즈아!!!!!!
1046,진심으로LOVE,이때 16이였는데 벌써 22살....
1047,주자매.,역시 이쯤되니 또 차트에 올라오는구먼 진짜 레전드다...
1048,탈퇴한 회원,이노래망하겠다 봄이짧아서
1049,composer5,이 노래만한 게 없지
1050,isg0215,봄새벽에 혼자 누워서 이 노래들으면 기분이 정말 몽글함
1051,최지선.,여수가고싶으다.
1052,집사야물좀떠와라,또 왔네ㅋㅋ올해는 작년만큼 언급도 없었는데ㅋㅋㅋㅋ꽃피면 이노래 생각나는게 마냥웃김ㅋㅋㅋ
1053,여신님.com,올해도 역시나
1054,2SJ_,"그가 돌아왔다...
그 이름 벚..꽃..좀...비...
차트인 했네"
1055,국눅둑룩묵,듣고듣고 또 들어도 내년에 다시듣고싶은 no.1노래가 있다면 이노래일까.......
1056,대장._.나무,부럽다 범준이형.. 벚꽃연금
1057,땅콩버터쨈,좀비가 살아났다!!
1058,탈퇴한 회원,1위 가즈앜ㅋㅋ
1059,Wigs,와 ㅁㅊ 50위 ㅋㅋ 또 시작됬다
1060,소소풀,"그 어떤 노래보다 봄이 오면 설레는 그 감정,봄 바람, 봄향기가 이 노래에 많이 묻어있음( ⁼̴̤̆◡̶͂⁼̴̤̆ ) 너무좋아 ♥"
1061,ㅡㅡㅡㅡㅡㅡㅡㅡ.,"시작됬다 거의 봄 알림종 수준임 이노래 ㅜㅜㅜㅜㅜㅜㅜㅠㅠㅜㅜㅠㅜㅜㅜ
근데 몇년이 지나도 이노랜 띵곡이네 ♡"
1062,MH_Son,올해도 또 찾아왔네
1063,magic_s,올해도 어김없이 이 계절 이 노래가! ㅋㅋ
1064,은쟈임,ㅠㅠㅜㅜㅜ또 시작이다 설렌다 이노래 들으면 다 때려치고 놀러가고싶고 여행가고싶어짐...ㅠㅠㅜ
1065,파란물든하늘,"그 시즌이 도래했다!ㅋㅋㅋ
벚꽃연금!!"
1066,가끔어쩌다문득,"진짜 봄노래로 이노래 이길 노래는 나오긴하려나...
봄오면 이노래생각나고 이노래들으면 봄생각나고ㅋ"
1067,베인-,21위 상승해서 78위... ㄷㄷ
1068,gksrhdms00,크 벚꽃좀비 ㅠㅠㅠㅠ 너무좋아요 봄만되면 이노래 안듣는게이상하죠
1069,달의심판자,이제 봄이구나..!!시작인가보니
1070,땅뚜룽,벚꽃연금의 계절
1071,싸쓰쓰쓰쓰쓰,거의뭐~!!각설이 급 ㅋㅋㅋㅋ
1072,choisy_,올라온다
1073,Wigs,이제 본격적인 봄인가
1074,탈퇴한 회원,나의 20살 봄
1075,윈스턴장인,또오셧네요
1076,ljw7048,이제 봄인가봄
1077,blueuna,오오오
1078,써리.,추워져서 다시 순위내려갔네
1079,산림청개굴,지금은 아니다. 4월에 벚꽃으로 거리가 물들 무렵에 다시 만나자
1080,단단복,이게 총합 스트리밍시간으로 역주행하면 고려시대로 간다고ㅋㅋㅋㅋㅋㅋㅋㅋㅋ
1081,ekwhwbxp,아직은 좀 쌀쌀하긴 한데 이제 다음주만 되면 슬슬 보일 듯
1082,현호,"스물스물 기어 올라온다
범준형 군대에서 힘냉"
1083,코코모시와,지겨운데 매년 찾게됨 ㅋㅋ
1084,신비의아리아,벚꽃피면 이노래만 들음 ㅎㅎ
1085,힐링받는중,"안에 갇혀 살아도 봄 인지 알수있는 봄 4대 연금 노래들 벚꽃엔딩 , 봄봄봄 , 봄이 좋냐, 봄 사랑 벚꽃말고"
1086,nibpxi96,다시 좋아요 1위!
1087,prettybo2,장범준이 2016년까지 46억 번 노래 그럴만함
1088,HYUNAAAA,우와 이렇게 좋아요 수 많은 노래 처음 봤다
1089,빙수아아,벚꽃엔딩을 이길 다른 봄 노래는 나올까?
1090,빙수아아,저작권 매 해 들어오겠네 .. 대단 !!!
1091,yjyj2005,봄만돼면차트진입 ㄷㄷ ..
1092,몽환성,이제올라올때안뙜나 범준아 뭐하냐 통장에 연금들어온다 관리해라
1093,냄새영구,근데 웃긴게 12년도 노래인데 왜 이번년도에 나온노래인거같냐ㅡㅡ 뭔노래가 이렇게 세련된거야..ㅋㅋㅋ18년이라고...ㅋㅋㅋㅋㅋㅋㅋㅋㅋ개신기해 역시조앙 ㅋㅋㅋㅋㅋㅋㅋ이거리으으으을 두리거러용~
1094,탈퇴한 회원,벚꽃좀비
1095,로윈__,"헤.... 좋아요 30만에 벌써 6년되기까지...
처음 나왔을 때가 기억나는데
시간 참 빠르다
재생 다운로드
벚꽃 엔딩
버스커 버스커
버스커 버스커 1집"
1096,아맞다가스불,스멀 스멀~ 올라온다
1097,짜냥하는여친,진짜 차트 괴물이네ㅋㅋㅋㅋㅋㅋㅋ 봄만되면 항상 차트에있네ㅋㅋㅋㅋㅋ
1098,rmarbfskan,봄 노래로 딱이다
1099,바라만보던너를,봄만 되면 늘 순위권에 올라오는.... 이 노래
1100,Bobobokkkk,"그냥 이게 멜론차트에 보인다 싶으면 가볍게입고나가고 안보이면 외투하나 챙겨나가면됨
이정도면 겨울 - 봄 간절기 기상청 수준."
1101,JJJHHHHHHHH,역주행은 시작이됩니다
1102,박지연_.,좋은걸 어떡해 ㅋㅋㅋ 대표봄송이다
1103,hong6442,오늘 미세먼지에 쌀쌀한데62위?????
1104,강동규,10위 안으로 가즈아
1105,탈퇴한 회원,좀비송 ㅋㅋ
1106,노노노다버니,장봄준 그자체..
1107,핑크o핑크,벚꽃연금은 계속된다
1108,치돌띵,"이번해는 안오나 했다
근데 또 들었는데 또 좋아..."
1109,귀리귀리귀리귀리,이야 또 왔어... ㅋㅋㅋ
1110,skyjin18이찬진,멜론하트1위역전했넹
1111,백승원,가즈아ㅏㅏ
1112,황대은,이제 연금이 다시 온다..
1113,탈퇴한 회원,벚꽃민욬ㅋㅋㅋㅋㅋㅋㅋ
1114,Guba,벚꽃연금....
1115,현아,온다 그..노래가 온다 다시온다..ㅋㅋ
1116,xxxmarshmello,"버스커버스커 돌아와주세요
신이시여..."
1117,진초애,혹시나해서 스크롤 내려봤는데 벌써 진입했군여..ㄷㄷ 70위권..으어어
1118,888235012177355,온다...
1119,탈퇴한 회원,좀비의 부활
1120,짘순,근데 이정도면 장범준 전생에 봄이였던거아님????
1121,Dear_JOYURI,"헐 차트인 언제했냐,,
진짜 이 노래는 봄만되면 차트에 올라오는 좀비같은 노래"
1122,Min.n,"와,,, 이노래 처음들었을때 초딩이였는뎈ㅋㅋㅋㅋㅋ 들을때마다 좋아짐♡♡ 역시 믿듣"
1123,policehan_,오오 벚꽃좀비 재등장ㅋㅋㅋ빨리 군대다녀와서 좋은음악 더 많이 들려주세요♥
1124,오뚜기뚜루룹바,"일단 봄 됬으니까 듣긴 들어야되는데..
듣기엔 오늘은 너무 추움"
1125,짐승어깨,고3때 장범준이랑 결혼하고싶었는데..
1126,thereisubin,일단은 들어가자 오늘은 좀 쌀쌀하다
1127,RIVER_PHOENIX,"바야흐로,
봄."
1128,rifmwkd,"혹시나해서 차트 내려보니 차트인...
갓범준...."
1129,jsm3604,“봄” 그 자체.
1130,해햇.,또?ㅋㅋㅋㅋ
1131,가수신다빈,슬슬 올라오네 ㅋㅋ
1132,soaka17,봄이구나 이노래가 들려오는거 보니
1133,들을음악너무많다,추워졌다 일단은 다시 들어가 있어
1134,에이팜1,차트94위.. ㄷㄷ
1135,쪼이효이,봄이 온다~ 내 인생도 이 노래처럼 봄이 훅훅 들어왔으면 좋겠어요! 봄날아 와라~!
1136,solitar,여기 댓글 쭉 보는데 이상하게 맘이 봄처럼 따뜻해짐 근데 눈물이 ㅠㅠ
1137,눈사람_Uk,날씨가 따뜻해졌다 가자 ㅋㅋ 곧 지구가 이노래를 들으라 할것이여
1138,몰랑이러버,벚꽃캐롤ㅋㅋ
1139,모예찬,연금복권 ㅋㅋㅋ
1140,이수욕하면뚝배기깸,오셨네 ㅋㅋㅋㅋ
1141,cat515,이 노래가 너무 좋아요
1142,탈퇴한 회원,봄이 왔구나 ㅋㅋㅋ
1143,mi_to_the_mi,"벚꽃캐롤
들릴때 됐다"
1144,Epe,봄이구나...
1145,낌리-,"오후 4시 38분
53위.. 정말 대단하다"
1146,dbsehfjdk,가즈아
1147,그달.,어제 차트 순위 107위 뭔뎈ㅋㅋㅋㅋㅋㅋㄱㅋㅋㅋㅋㅋㅋㅋㅋㅋㅋㅋㅋㅋㅋ
1148,chda77,"..나도 모르게 듣고있다...ㅋㅋㅋㅋ오늘 날씨엔
이만한게 없다ㅜ"
1149,kavaron,이쯤되면 대한민국 벚꽃민요 라고해도 될듯 ㅋㅋ
1150,luv_찌,ㅋㅋㅋㅋㅋㅋ 벚꽃연금 시즌이군 ㅋㅋ 개띵곡!
1151,사랑이란_꿈,이제 봄이긴 한가보다
1152,postmolon,시작됐다 그의 질주
1153,Four달러,날 풀리기 시작할때 이 노래 들으면 꽃놀이 가는기분.. 벚꽃 구경하면서 이 노래 들으면 세상 기분 좋아짐ㅠㅠ
1154,isacnogoosock,봄에 이 노래 안들어주면 괜히 섭섭해지는~
1155,색음,고만좀 하자....
1156,달빛아래빛나는,3/14 55위 가즈아ㅏㅏㅏㅏㅏ
1157,tmd0122,진짜 씹 명곡..
1158,윈터솔쟈,가즈아아아아이아아아아아아아아
1159,써녀이ㅡ,소름ㅁ
1160,아쉬탕가빈야사,"올해도 또 왔다
차트 20칸씩 성큼성큼 올라옴ㅋㅋ
청산별곡같이 엄청오래갈것같아.."
1161,푸푸랩,오늘 들어줘야댐
1162,somajin3,"이 노래가 명곡인 이유는
사실 많은 부분이 복잡하게 엮여 있기때문이다

아무 생각없이 들을땐 사랑스럽고 따뜻한
연애가득한 이야기처럼 들리지만

곁에 있는데
왜
""니모습이 자꾸 겹쳐""라고 했을까?
사실 곁에 없고 헤어졌기 때문이다.

이처럼 다중 감정이 교차하는 것들은 명작이 된다.
이터널선샤인처럼"
1163,Bobobokkkk,"이노래가 식을수없는이유가
발매했을때의 봄에 들었던 사람들이 다시찾아서
그다음년도에 다시올라오고 또 발매1년뒤 처음 봄에들은사람이 또 그 다음년에 다시 찾아들어서 다시올라오고 무한반복임.."
1164,somajin3,봄맞이 민요가
1165,최영훈,5월쯤이면 질려서 듣기 싫은데 3월이면 다시 생각나는 노래
1166,여유롭다.,그때의 내가 그리운 걸까~ 그때의 걔가 그리운 걸까ㅋㅋㅋ
1167,george4765,봄맞이 노래
1168,pjh9602,다시 돌아왔다 연금엔딩 ㄷㄷ
1169,즈이헤,이 노래는 그냥 소름끼친다
1170,킹해민,3월 13일 낮12시 98등으로 차트인!!
1171,비_글,차트에 벚꽃엔딩이 올라오거나 검색어 순위가 있으면 봄이 온 느낌임 렬루 ㅠㅠ
1172,Wigs,내일 쯤이면 또 탑100안에 들어오겠네 ㅋㅋㅋㅋ
1173,omeag_i,기상청같은 곡이야
1174,j_un,올라 가즈아!
1175,play3308,봄이오면 젤먼저 생각나는노래 설레임 ㅎㅎ 언능벚꽃보러가고싶다 ♥
1176,asw199,자 다시 한번 봄을 느껴 보자.
1177,freecloud7,여전히 좋은 노래다
1178,명낭자,봄에 이 노래 들으면 너무 설렌다 ㅠㅠㅠ 봄을 기다리는 이유 중 하나가 이런 명곡들인데 이제 슬슬 차트로 올라오는 게 봄이 오는 것 같고 너무 좋다
1179,I_Love_You_3000,와 일간 97위ㅎ
1180,다르지않나,벚꽃이 또...
1181,탈퇴한 회원,올라온다슬슬
1182,봄길만가자,"추천합니다
재생 다운로드
벚꽃송
재호, 주아, 큭큭
벚꽃송"
1183,killmonger,"12학번 새내기 추억돋게 하는 노래,,, -.ㅠ"
1184,음악이너무젛아,연금이 올라온다~~~
1185,Iililli,벚꽃 보러 가자
1186,탈퇴한 회원,봄마다 실시간 차트를 위협하는 노래다
1187,ch.chw,진짜 봄이 오면 들을 수 밖에 없는 노래다ㅠㅠ
1188,가만히앉아서노래듣기,근데 봄이랑 너무 잘어울리자나 노래가...안들을수가 없자나...
1189,릴랄룰01,슬슬 올라오네ㅋㅋ
1190,Parkjungeum,슬슬 올라온다
1191,아지랑이의_봄날,올해 드디어 다운로드~♡
1192,웅-_-_-_,봄이 되니까 다시 슬금 슬금 올라오네 ㅋㅋㅋ 갓 띵곡
1193,tlsql1117,와 진짜 벚꽃 좀비 인정 근데 이 노래만 들으면 왠지 벚꽃 축제 가고 싶은 기분이 든다 • •
1194,앵무개,벚꽃좀비가 몰려온다~
1195,goddessyjk,봄 시즌이 시작되었다.
1196,LeFre,떡상 가즈아
1197,Bella_21,봄 개띵곡
1198,종인이는_신이다,또 봄이 오고있구나..
1199,잘생긴금사자,매년 벚꽃시즌만 돌아오면 들려오는 노래.
1200,allyoung0,오늘따라 유독 생각이 나서 검색할라고 검색창을 켰는데 실검 1위 실화냐 ㅋㅋㅋㅋ 사람들 생각 진짜 다 거기서 거기인가보다 ㅋㅋㅋㅋ
1201,설램0309,또..그들이..온다..
1202,권오규123,1위가즈아
1203,Cozyyy,"그가 돌아왔따,,,"
1204,슈퍼프리맨,버스커 버스커 올해도 연금 타먹자~ ^^
1205,dltltm11,이것만한게없다 ㅎ
1206,탈퇴한 회원,역시나 다시올라온다 ㄷㄷ..
1207,우주별_,100위로 올라왔다
1208,탈퇴한 회원,2012년부터 7년째 들음
1209,go_down,버스타고 약속장소가는길에 갑자기 듣고싶어서 검색들어갔는데 이미 검색1위여서 편하게 들었음ㅋㅋㅋㅋㅋㅋㅋㅋㅋ진짜 벚꽃엔딩위엄
1210,또니졍이냥,"나중에 슈가맨으로 나와도 그해 봄도 듣고 있을듯,,"
1211,구본태차차웅,ㅋㅋㅋㅋㅋㅋ벚꽃연금의 위엄ㅋㅋ
1212,훈발롬,진짜 이 노래 신기하다
1213,Galactic,ㅋㅋㅋㅋㅋㅋ진짜
1214,yu__na_,좀비인정ㅋㅋㅋㅋㅋㅋㅋㅋㅋㅋㅋㅋ
1215,러브볼빨간사춘기,벛꽃좀비형 또 오셨다!!
1216,괴도_키드밀리,좀비 납셨다
1217,syngss,대단하닼ㅋㅋㅋ
1218,어머재좀봐허허,올해에도 여전히 좀비구나 ㅋㅋ아찌된게 매해마다 봄만되면 살아놔 ㅋㅋㅋㅋㅋ벚꽃 연금같은 노래 아 봄만 되면 꼭 들어 줘야되구낭 ㅋㅋㅋ
1219,닝닝링닝닝,벚꽃좀비ㅋㅋㅋㅋㅋㅋㅋㅋㅋㅋ 봄이 왔구나~~
1220,급식단리더_두부,차트인
1221,노래는그시절의향수,봄하면 떠오르는 곡^^
1222,단비센,차트에 안올라가는 년도가 있을까 ㅋㅋㅋㅋ 궁금하긴하다
1223,꾹토_끼,올해도 잘 듣겠습니다 ^^77
1224,너굴이님,슬슬 올라올때가 됬는데
1225,햇님햇님고햇님,"???: 들어

???: 예??

장봄준: 들으라고

???:"
1226,정산,벚꽃코인 가즈아~
1227,너무늦은밤이야너무긴이별이야,벚꽃연금의 ㅂ활
1228,르네루,좀비같은놈 또살아나네
1229,미양똘이,봄 되면 항상 이노래 들려서 질릴 주 알고 틀어봤는데 여직 좋네요 ㅋㅋ
1230,갓수삐,봄찾아왔구나...
1231,아이팟,코코밥 좋니가 이노래를 넘기다니... 좋니는 그나마 인정하는데 코코밥 진심 에바
1232,rla824,이노래찾는거보니봄이오려나봄
1233,Bobobokkkk,슬슬 듣겟습니다
1234,차미수리,"3월 되니 어김없이 생각나는 곡^,^
들으면 뭔가 아련아련해진다아아"
1235,Weed,ㄹㅇ 초반 전주가 진짜 너무좋다
1236,다시겨울로,"나의 대학생활 모든 봄을 이노래랑 보냈어요.
그대여~ 이 부분만 들어도 아련…"
1237,Vinci.,"또..올라가는구나

가즈아!!!"
1238,venusong,올해도 잘들을게요
1239,soo0228,"ㅋㅋㅋㅋ또 왔네
바람에 봄냄새 나면 찾게되는 명곡!"
1240,할로헬로우,역시 사람생각 다 똑같넼ㅋㅋㅋㅋㅋㅋ 검색할려고 들어왔더니 1위에 있네
1241,산에불내기,장범준 군대 내무반에서 이 노래 하루 종일 부르고 있겠지? ㅋㅋㅋㅋㅋㅋㅋㅋㅋㅋㅋㅋㅋㅋㅋ 많이 갈궈 주세요
1242,다_핀_꽃,이제 곧 올라오겠네용 연금엔딩~~
1243,뽐_56,봄이다 봄 ~
1244,HrH,이 노래가 생각나면 봄이 온것임!
1245,쿄신형사랑해,스물스물 올라오쟈 ㅠㅠ
1246,히히히ㅎ,봄이왔을때!!
1247,loveu0,3월이니 봄이네요ㅋㅋㅋ 이번 봄도 벚꽃축제 못가는 대신 이 노래 주구장창 들을 듯ㅋㅋㅋ
1248,y_j10.08,3월에 생각나는 음악
1249,쟈스민향이가득한,"대한민국 가요에서 벚꽃엔딩을 대체 할
봄 노래가 다시 나올까?
매년 들어도 산뜻하네.."
1250,세일여문,벚꽃연금 가즈아
1251,리라스따,낮에는 벚꽃보고 밤에는 벗고보고
1252,민화2,슬슬올라와라
1253,퀸갓지은,봄시즌 노래 탑3 1.벚꽃엔딩 2.봄봄봄 3.봄사랑벚꽃말고
1254,부궁숭,올해도 길에서 많이 들렸으면 좋겠당
1255,Ww.net9,벚꽃 엔딩 만큼 봄시즌에 인기 노래가 나올지..이만큼 큰노래 는 없을꺼같다
1256,볼빨러은우,어 왔어?
1257,kinminjeong,명곡 명곡
1258,쿠크다스바삭,와 다시 차트에 등장하셨다ㄷㄷㄷ
1259,answodkd,이정도면 이 노래 거의 봄의 애국가 수준....
1260,배신하면사형,아 벌써 ㅠㅠㅠㅠㅠ흑흑
1261,노란_노란,시즌이 돌아왔다!
1262,Zzz서태웅,벌써 벚꽃엔딩 시즌이냐 시간 빠르다
1263,tlsthdud9160,사람들을 보는건지 벚꽃을 보는건지 모를 계절이왔다
1264,아임킹갓제네럴,아니 왜 봄만되면 이 노래가 떠오르냐 아마 20년뒤에도 봄에 들을지도 몰라
1265,수리수리마수리ㅋ,벚꽃좀비...
1266,Lilbluestar,이제 3월이면서 봄 다시 온다!! 이걸 듣고 느끼면서 친구들이랑 벚꽃축제 가야징ㅋㅋㅋㅋㅋㅋㅋ
1267,정훈,큰행님오신다
1268,오태식,벚꽃좀비 슬슬 다시 올라온다.....
1269,Eisenhower,"그때의 봄 향기가 떠오르는 곡, 2012년도 봄이 유독 향기로웠던 걸까? 그땔 추억하는 사람들이 많은걸 보면 말이야?"
1270,윤승종,떡상 ㄷㄷ
1271,풋즈,ㅌㅋㅋㅋㅋㅋㅋ벌쎀ㅋㅋㅋㅋ
1272,목이긴낙타,머야 ㅌㅋㅋㅋ
1273,kumdosin77,ㅋㅋㅋ
1274,눈꼭빙수,벚꽃 좀비가 다시 깨어나네....
1275,888235012177355,아니 왜 벌써 ㅋㅋㅋㅋㅋㅋㅋㅋㅋ
1276,박형국,벚꽃연금 대다나다 ㄷ ㄷ ㄷ ㄷ ㄷ ㄷ
1277,해가린열구름,올해도가자 ㅋㅋㅋㅋㅋㅋㅋㅋ
1278,탈퇴한 회원,벚꽃연금이 또ㅋㅋㅋㅋㅋㅋㅋㅋㅋㅋㅋㅋㅋㅋㅋㅋㅋㅋㅋㅋㅋ
1279,탈퇴한 회원,ㅋㅌㅌㅌㅋㅋㅋ 또올라온다
1280,냥맞이꽃,좀비 ㅇㅈ
1281,flywrldYeon,봄만 되면 휘날려오는 띵곡 !
1282,권세욱,다시 올라오셧다
1283,Sunheyhey,"오늘 날씨 너무 좋아여
사람 마음 다 똑같네여 공기 따땃하자마자 이거 검색함"
1284,뚝디_,255위!
1285,주접좀떨지마,"나중에 정말로 봄이 사라지게 된다면 자식들에게 ""봄은 이런 계절이야"" 하고 들려줄 곡 이라는 글을 봤었는데 너무 공감됐어요.."
1286,니에에,긴 시베리아 추위속에 그리웠다~~그대여 그대여~
1287,shsienf,벌써 왔어? 꽃샘추위는 지나가 와야지
1288,플레이리스트,그들이 온다...
1289,silys2,형 왔다
1290,감악산출렁다리,ㅋㅋㅋ
1291,ThisPuls,또 시작됬다...
1292,니니닝88,날 풀리니까 제일 먼저 생각나는 노래
1293,nod_off,슬슬.. 벚꽃좀비가 기어나온다..
1294,I_Love_You_3000,봄의 신
1295,펭클럽입미댜,오늘부터 다시 들어야지 ㅠㅠ
1296,아니이럴수갓,다시 가즈아~!!
1297,just.one,322위~ 3월중순쯤엔 볼수있을듯!
1298,디지바이트,올해도 벚꽃연금은 시작됩니다..ㅎㅎ
1299,유갤럭시,맨날 들어도 좋냐 무슨 몇년째야..
1300,오기오기1316,봄아 오라
1301,solitar,"급 생각나서 듣는데 역시는 역시네요 ㅠㅠ
듣자마자 사랑할때 제일 좋은 무렵으로 바로 데려다 주는 노래예요
봄 되면 또 여기저기서 들을 수 있겠죠"
1302,ohjsa3,369 369 369
1303,쒧뙑,벚꽃연금~
1304,에픽히컵,캬아아아 역시 봄마다 이 노래 들으면 좋고♡♡
1305,isg0215,이 노래만 들으면 자연스리 벚꽃나무가 생각나고 바람에 떨어지는 벚꽃잎이 생각난다 내가 마치 그 아래 서 있는 것 같은 기분을 느끼게 해줘서 좋다
1306,youth_-,다시 생각나는 노래네요
1307,DEANf1uenza,이 노래는 나이를 먹어서 들을 때 마다 느낌이 다름...
1308,Zcb1357,봄노래의 최고노래~^^
1309,채린,벌써부터 따스한 햇빛을 상기시켜주는 노래❤️ 이번 봄도 잘 부탁드려요 :)
1310,2SJ_,벚꽃 좀비 슬슬 부활해야지
1311,김_태_현_,매번 봄 마다 우리나라 전체에 들리는 노래
1312,I_Love_You_3000,다시 봄
1313,고댕오댕,"노래 들으면
봄도 생각나고...
작년 봄의 나도 생각나고..."
1314,xeeun_,이제 슬슬 나온다...
1315,onceinalifetime,"또 생각나는 걸 보니
올해도, 또
재생 다운로드
벚꽃 엔딩
버스커 버스커
버스커 버스커 1집"
1316,탈퇴한 회원,벚꽃좀비시즌이 다가온다...
1317,별의소년,(2월 14일 기준) 일간 521위~
1318,just.one,스루스루 올라오는냄새~~^^
1319,Blueblues,날이 풀리고 있다!
1320,이쓰소나타,봄을 알 나이가 되니... 봄이 너무 짧아졌다
1321,07.07,봄아 빨리 와
1322,ㅈㅐ여엉,온다 봄이
1323,포레스트담,벚꽃빌딩 연금엔딩~
1324,ljw7048,"이노래의 계절이 다가오네요
감기조심하세요~"
1325,knock-knock,"봄이 아닌 여름, 가을, 겨울에도 이노래를 갑자기 다시 듣고싶어서 듣는 사람들은 이노래 자체가 좋은것도 물론 있지만 지난 봄에 느껴졌던 풋풋한 감정들을 다시 느끼고 싶어서 그런게 아닐까?"
1326,ysmgod86,벚꽃엔딩이 아마 좋아요 수 최고의 곡이지 아닐까 싶다
1327,hyeny.,"신기하다 아직 벚꽃엔딩 들을 날씨는 아닌데
갑자기 듣고 싶어서 듣는 중
댓글창 들어왔더니 나같은 사람이 꽤 있구나ㅋㅋ
다들 비슷한 시점에 이 노래를 떠올리는 것 같아서
참 싱기방기"
1328,지유공주주주,이제 곧 올라오겠네요 얼마 안남았다>_<
1329,김해수진맘,나중에 이게 봄이었다고 말할 수 있을 만큼 너무 좋은 노래...
1330,람민쥐서,이게 차트에 올라오면 봄이 시작되었다는 신호인듯 ..
1331,jinskyj2,올해는 너와 들을수 있을것 같다♡
1332,PAKA,앗..아아...
1333,gjtngru,범준이형 오랜만에 연금엔딩듣고갑니다
1334,marcheli,"곧 오겠군.


늘 혼자 들었는데.
올해는 애인과 들을수 있으면 좋케따."
1335,NohA,빨리 올라오면 좋겠더
1336,쭌이맘주야맘,이제올라올텐데
1337,탈퇴한 회원,곧 올라오겠군
1338,HalfBlooD,슬슬 올라올때 됬는데
1339,isco22,이제 고1이되는구나
1340,GuHyeon93,이 노래로 ㅈㄱㆍㅇ범준은 얼마를 벌었을까요?
1341,nalorlomd,이 노래가 차트에 보인다는것은 봄이 오고 있다는 것 입니다. 아직은 봄이 멀었나봐요...춥당
1342,Nellon.,일병때 혼자 공차다가 왕벚꽃나무 맞추고 휘날리는 벚꽃잎 보면서 설레던 기억이나는구만
1343,Chae-hee,30만 ...... 우아
1344,우리민족최고,2012년 군대에서 근무 끝나고 BX에 가면 들려오던 노래. 벤치에 앉아서 아이스크림 들고 이 노래를 들었던 그 시절이 생각난다
1345,탈퇴한 회원,갑자기 생각나서 버스커버스커 노래 연속으로 듣다가 벚꽃엔딩도 ㅎㅎ 한겨울에 들어도 설레요ㅠㅠ 언제쯤 남자친구랑 같이 들어볼까요
1346,광대광대광대여자,좋아요30만 첨보네ㅋㅋ
1347,j_un,내년에봐요
1348,FVC,"아이돌 ㅈ같은 노래 제외하면 좋아요 개수 좋니2위 야생화3위다 특히나 엑소는 팬덤빨이 십오지는 부분 ㅇㅈ?
재생 다운로드
겨울소리
박효신
겨울소리"
1349,ljw7048,"좋아요 30만은 처음보네...
명곡이니까 인정함!"
1350,닮은__살걀,300373
1351,112101,대학교 1학년때 나온 노래라 그시절 생각남ㅋㅋ
1352,전익동,300360
1353,홍성호,"미리메리크리스마스도 올해 지났으니
내년에 벚꽃엔딩 들으러와야지."
1354,Bisuu,고마워요 추억하게 해줘서
1355,WhoArU,"300,300"
1356,이용권가격너무비싸,"브래드40대되겠다...
제대하고나서 버스커로 앨범좀 내주세요 제발ㅜ"
1357,너무늦은밤이야너무긴이별이야,30만 축하용
1358,kopl73,"300,200"
1359,차니_,봄 여름 가을앨범은 있는데 겨울앨범은 왜 없는거야... 빨리 컴백좀..
1360,Iouu,300111
1361,I_Love_You_3000,30만 언제 넘긴거지 기다리고 있었는데
1362,뭐할까아.,성지순례 왔습니다
1363,난나지환,와우 언블리버블
1364,탈퇴한 회원,결국 올해안에 30만을 찍었어
1365,아이유참좋다ㅎ,"30만 경축 겨울인데 듣고 있다 ㅋㅋㅋ 그래도 의외로 봄느낌나네 좋다 ㅎㅎㅎㅎ
재생 다운로드
벚꽃 엔딩
버스커 버스커
버스커 버스커 1집"
1366,아이슬___,구아악
1367,잉잉구구구,30만...
1368,쟈스민향이가득한,우아 멜론최초 30만돌파
1369,그대의우주,"좋아요 개수 이게 벚꽃엔딩 다음으로 두번째로 많은데요?
재생 다운로드
Ko Ko Bop
EXO
THE WAR - The 4th Album"
1370,진슥잉,최초 30만이네
1371,RABBIT_PUNCH,목소리 진짜 좋다 벚꽃엔딩이란 노래랑 너무 잘어울림
1372,I_MODA_U,와 이거 며칠동안 대기타고 있었는데 안본사이에ㅋㅋ 벚꽃엔딩 30만 좋아요 추카합니다!!!!!!! 내년 봄에도 들릴노래!!
1373,마마무소,와 30만 넘었네 299999때 누르려고 기다리고있었는데
1374,휘인아지은아,멜론최초 좋아요 30만 보러 왔슴다
1375,BeYourLover,벜부심이 차오른댜
1376,smiiiiiii,❤️❤️❤️30만 축하합니다❤️❤️❤️
1377,SAY_YOU_LOVE_ME,299999라니
1378,haribo__,벚꽃엔딩 30만 좋아요 축하드립니다~
1379,기역니은디귿리을미음비읍,야호!!!!!!!
1380,Zzz...0,299995
1381,바람풍물결랑,16개 남았다~
1382,치츄수야,"299,981

-19"
1383,jtj2486,37개남음
1384,탈퇴한 회원,41개 남았다 ㅎㅎ
1385,Io_oIbb,오르는 속도가 느린디 이러다 좋니한테 최초 30만 따일듯
1386,RABBIT_PUNCH,하트수보러 왔습니다 여전히 노래 좋네여
1387,coo3210919,299942
1388,진슥잉,이거 30만되면 멜론 첫 30만 아닌가?
1389,아이유참좋다ㅎ,하트 70명 남았다...!
1390,최재성,님들 하트 우예줌??
1391,코마츠나나,않이 지울꺼면 90대 간다음에 지워요;;
1392,seeand,299915 였는데 왜줄어들어 ...
1393,dnjsdl3ro,좋아요 개수 줄어드네ㅜㅜ 자기가 30만번째 되고싶은건가...
1394,SAY_YOU_LOVE_ME,"11월14일 16:05
299,909
이러니까 좋아요 줄어드네 ㅋㅋㅋㅋㅋ 재밌다.."
1395,I_MODA_U,"10일 안으로 되겠다ㅋㅋ
299914
17.11.14 22:50"
1396,코마츠나나,이번주안에 가능?
1397,베지밀마차,299911
1398,치츄수야,"299,909

-91"
1399,샤이월드,299906
1400,치츄수야,"299,888

-112"
1401,I_Love_You_3000,30만까지 148개 남았네 정말 올해 안에 30만 돌파하겠구나 ㅎ
1402,yonggary0525,몇년이 지난 지금 들어도 5년전 봄이 생각나 웃음짓게 만드는 노래
1403,Regender,좋아요수 실화냐 이런 미르띤
1404,밈멍미,299811
1405,샤이월드,299800
1406,탈퇴한 회원,299790
1407,탈퇴한 회원,30만 얼마안남았네요
1408,jtj2486,299738
1409,샤이월드,299712
1410,최재성,폰으로 하트 못찍냐 얘들아 나 급하다 ㅜㅜ
1411,마마무소,299704
1412,q9pq9pq9p,"299,695"
1413,태쓰.,"299,692"
1414,탈퇴한 회원,"299,674"
1415,Stray_77,"299,666"
1416,홍서뤼,"299,661"
1417,풉훗피식낄낄,"30만 가나요~~~(299,655)"
1418,do-you-,명곡.. 몇년을 들어도 안질리네 진짜ㅠㅠ너무좋다ㅠㅠ
1419,아크숑가묭,ㅋㅋㅋㅋㅋㅋ벚꽃좀빜ㅋㅋㅋㅋㅋㅋㅋ
1420,hoonpage,299633!
1421,식식22,299616
1422,아영1029,299603!
1423,친절한새우깡,299602!!
1424,코마츠나나,12월 오기 전에는 무조건 30만하트 가겠네
1425,서미광,299538
1426,황행나행__,299522
1427,쿄느,가사에서 벚꽃 냄새가 나는듯한 느낌
1428,윤하윤핡,시작부분멜로디부터 들어도 괜히 막 설레게 되는 곡
1429,지으님3,"바람 불면 울렁이는 기분 탓에
나도 모르게
바람 불면 저편에서 그대여
니 모습이 자꾸 겹쳐

이부분 좋다ㅋㅋ"
1430,hswidtipy,와 이노래가 그럼 좋아요 1위곡입니까?
1431,아이유참좋다ㅎ,약 700명 남았다 ㅎ
1432,라드뮤지엄,내년봄이면 30만 넘을듯
1433,DeeferKissKyo,벌써5년전곡이라.. . 맨날들어도 넘좋은! 내년은이젠 6년전.. . 세월이.. 왤케 빠르냐?...
1434,아이유참좋다ㅎ,멜론 최초 30만 좋아요 각이다 ㅎ
1435,김성현,그대어최고
1436,ㅎㅎㅎㅎㅎ123459ㅣ,299245
1437,우기명기,좋아요 기다렸다가 299999때 내가 30만 찍을겁니다
1438,예꾸민뭉이,299237
1439,즐겨찾기On,299299♥
1440,I_MODA_U,299175
1441,O산소O,"299,156 !!!"
1442,Sky_하늘,"299,148"
1443,전국구쫑알이,299133
1444,탈퇴한 회원,"299,100!"
1445,에어팟캐스트,299999!
1446,김우빈수빈,"299,095"
1447,깨볶,"299,085"
1448,배동준.,299082
1449,토루루루,299071
1450,sjske,299064
1451,향미-,"299,057
4시간만에 좋아요 또 올랐네요 ㅎ
곧 30만 볼수있겠어요"
1452,아이슬___,299048 좋아요 꾸준히 조금씩 올라가는거 진짜 신기하다ㅋㅋㅋ
1453,끄울,299044
1454,예꾸민뭉이,299035
1455,wook0319,299023
1456,금내씨,"299,015"
1457,쥬예결경퀸,내년 봄에 30만 찍을듯요
1458,잘자거나깨있거나,천개만 더 받으면 멜론 최초 30만...!!
1459,dnjsdl3ro,298999
1460,초대메이비스,298.993
1461,개롱이_,298.991
1462,아아사라라,298976
1463,p.___.q,298.965
1464,MGJH,"298,938"
1465,Sky_하늘,"298,925"
1466,haribo__,298899!
1467,롤리폴리롤리롤리폴리,"1100개쯤 남았다..,ㄷㄷ"
1468,탈퇴한 회원,성시경님이 콘서트에서 부른 노래로 온전히 듣게 된 저는 이 가사만 보더라도 버스커가 아닌 성시경님의 음성이 자동 지원되네요ㅋㅋㅋ
1469,HUNIXXI,298866
1470,Areea,298769
1471,terian92,"298,729 진짜 얼마 안남았어요ㅋㅋㅋㅋ! 장르불문 모두 바라는 벚꽃엔딩 멜론 최초 30만 좋아요! 올해에는 무조건 가능할 듯 하네요ㅎㅎ"
1472,O산소O,"298,674 :D"
1473,g0oood,오랜만에 듣는데 진짜 명곡이다
1474,뿌뿌야요정,"298,653"
1475,징징._.,"298,644 :)"
1476,Mechatronics,298623
1477,DEOK_,"300,000 이 눈앞 모두들 벚꽃엔딩 하트 눌러주세여"
1478,야근돌이1,올해 삼십만 간다
1479,탈퇴한 회원,30만찍어야지ㅋㅋ
1480,바쁜벌꿀1,"298,529!!!"
1481,im185,멜론최초30만
1482,vPrhkstnfus,거의 30만 실화?
1483,HOPE1113,298491
1484,ㅂHㅋㅕLi_s2,"298,462"
1485,Ifeelgyu,이정도면 멜론 이용자들 8~9할이상은 좋아요눌렀다는거아니냐?
1486,im185,"그러니까나의예언 1 30만찍는다하트
2 버스커버스커님이노래를새로운거말들어서랭킹버스커버스커님이노래를새로운거말들어서랭킹차트1위거됀다
3 없다...."
1487,I_MODA_U,298361
1488,I_Love_You_3000,"298,331"
1489,ㅎㅖ여ㄴ,이거진짜 30만 하트각인데
1490,baek67,벚꽃재밌다
1491,im185,30만찐짜찍겠다
1492,im185,스포ㅋㅋ
1493,섹후땡,순위서 내려갈때마다 점점 더워짐; 봄시작 열고 봄끝까지 닫고 가는듯ㄷㄷ 봄레전드명곡..앞으로도 어떤노래가 나와도 누르기 힘들듯
1494,뿌리깊은나무♥,"""봄,벛꽃은 아직살아있다""!!!"
1495,밍유__,봄과 잘어울리는 노래.. 진짜 봄 하면 떠오르는 노래
1496,codi771,헉 곧있으면 좋아요 30만개
1497,스포_,돈바람 휘날리며~
1498,학이ㅣ,조아ㅋㅋ
1499,장원영__,멜론 최초 30만하트ㄱㄱ
1500,모자쓴틴틴,봄의 이미지 그 자체까지 영향을 준 곡이라 생각해요.
1501,천재_짱짱맨_뿡뿡,하트수봐라ㅋㅋㅋㅋㅋㅋ
1502,kim040510,"이노래나올때 쯤이면 봄이온다는걸 느낀다...
이노래면평생연금 급이네."
1503,im185,봄봄봄보다한수위인거같고노래좋고
1504,맛나는노래,30만 찍겠다
1505,tTTt,"벚꽃좀비 ㄷㄷㄷ
ㅇㅈ"
1506,탈퇴한 회원,벚꽃좀비
1507,heehey,차트 순위보소ㄷㄷㄷ 13위...
1508,자몽A드,12위. . . . 근데 넘나좋아서 인정♥
1509,ij8687,넘쥬아
1510,sspo99,크..연금엔딩 지렸다
1511,rab135,이 노래만큼 봄 느낌이 나고 봄에 듣고싶은 노래가 있을까ㅠㅠ? 벚꽃이 피기를 기다리면서 봄이 올 즈음에 들으면 괜시리 두근거림..
1512,Dal_93,봄이 왔군여!
1513,q.u_u.p,앙 범준띠~
1514,clara.daisy,미오가 부른 벚꽃엔딩도 레전드..남자 셋이 화음넣는거 진짜 꿀떨어짐ㅠㅠ님들 유튭에 미오 벚꽃엔딩들어보세여...
1515,clara.daisy,놀러가고싶다 고삼이라니...
1516,gyuram01,하트수 30만 찍겠다ㄷㄷ
1517,yhhppp,장범준- 벚꽃연금
1518,문제0ㅑ문제,복권엔딩 실화임? ㅋㅋㅋㅋ
1519,LeFre,9위 실화냐ㅋㅋㄱㅋ
1520,탈퇴한 회원,벚꽃좀비ㅎㅎ 들을때마다 새로운 신기한노래♡
1521,7dus2,이걸로 60 억을 버셨다는..그..ㅎㄷㄷ
1522,wjd3123,봄마다 아파트 한채씩 산다는 후문이...
1523,우비씌,ㅋㅋㅋ좋아요보고 순간 닭살돋았네 실화냐 ㄷ
1524,Han_young,벚꽃캐럴....
1525,꽃사줄까,"날씨가 포근해지고 봄냄새가 올라오면
어김없이 검색해서 듣게되는 노래"
1526,futos,몇년동안 봄만되면 차트위로 올라오냐 ㄷㄷ
1527,뮤지컬배우김진혁,ㅎㄷㄷ벚꽃좀비...
1528,몽환성,실시간 10위네 미쳤네
1529,아뭐지그그그,좋아요 29만 실화냐
1530,KyoShin,최초로 30만가나
1531,daaaababy,좋아요 실화?
1532,셍긋인디언보조개,다시 봄.....다시 듣는 곡.
1533,marialifah,좋아요
1534,qwaszxㅏㅡㄱㄴㄷ,순위 ㄷㄷ
1535,서뇨2,봄만되면 찾아오는 마법같은 노래.... 역시 봄날엔 이것만큼 좋은노래가 없네요
1536,Hansol,벛꽃연금이 순위에 올라온걸 보고 봄이왔음을 실감하게 되었다.
1537,못난이구름,"벚꽃을 봐 놓고 벚꽃엔딩을 안 들었네
어쩐지 뒤가 찝찝하드라~
이제 맘이 편하다 ㅎㅎ"
1538,blessedguy,와 벚꽃좀비 100년은 가겠다
1539,tpfus33,???:봄왔다 가즈아!!
1540,CREWCROW,ㅋㅋㅋㅋㅋㅋ 다시 1위했네 개쩐다
1541,꿈피디,벚꽃 시즌이구나 ㅋㅋ 장범준 연금 개부럽네 ㅋ
1542,용용용용_,ㄱㅜㅅ
1543,wltn1116,가사랑 멜로디만으로 사람 기분을 울렁이게 하는 노래...
1544,양2222,ㅋㅋㅋㅋㅋㅋㅋ.벚꽃좀비
1545,dghm520,ㅋㅋㅋㅋㅋ 벚꽃등수보러 멜론 들어옵니다
1546,couleur70,연금 짤랑짤랑
1547,탈퇴한 회원,이젠 어디까지 올라왔나 궁금해서 멜론 들어와봄ㅋㅋㅋ
1548,mishome,이 노래 내가 초딩때 나와서 중 3때까지 항상 봄 되면 이노래 뜨네 ㅋㅋ 진짜 대박이다 ㅋ
1549,탈퇴한 회원,벚꽃좀비님 그만 올라오세요....
1550,행운만있네,"씨...개부럽네...
비틀즈 안부럽겠넹"
1551,lovingmochi012,연애하고싶다 이거 들으니까ㅠ
1552,곰이랑동이,"차트 올라오네!!
역시 !!!"
1553,Vinci.,"또 벚꽃시즌 이네 또 이노래 올라온당
ㅋㅋㅋㅋㅋㅋㅋㅋㅋㅋㅋㅋㅋㅋㅋㅋㅋㅋㅋㅋㅋ"
1554,ILLUSIA,와우 오늘자 11위... 대단합니다 벚꽃 연금...
1555,탈퇴한 회원,날씨가 좋아서 들으러옴ㅋㅋ
1556,magic__,"역시 벚꽃연금..
순위에 또 올라오기 시작하네요 ㅋㅋ"
1557,뮤직이즈머니,"집에 가는 길에
나도 모르게 흥얼거리는 이 곡이 뭔 가 싶었는데
생각해보니 벚꽃엔딩이더라구요.
무한 반복하면서
이제 꽃망울이 올라와있는 벚꽃나무를 보고있으니 만개할 날이 기다려지고
행복했어요 ㅎㅎ"
1558,프랭키뉴욕,밤꽃엔딩
1559,우우웅니니,벚꽃연금 제데로네..ㅎ
1560,레베러비럽,벚꽃좀비
1561,Rubell,그새 또 2위 더 올라갔네 클라스ㄷㄷ
1562,ireneBB,여러분들 벚꽃엔딩 물론 좋지만 벜벜의 봄바람도 들어보세요ㅠㅠㅠ분명 어디선가 들어본 적이 있을 거고 이 곡을 장범준이 만들었다는걸 알고나면 놀라실거에용~! 봄바람 같은 곡 중에 유희열의 공원에서 라는곡도 들으면 바로 아실거에요^.~
1563,조영석,올라오네 점점
1564,gun619,벚꽃피면 순위 엄청오르겠네
1565,vbwer123,여윽시 벚꽃엔딩이다
1566,학자7,5년 된 노래를 아직까지 볼 수 있다는게 추억도 새록새록들고 좋은거 같다. 아무튼 벚꽃좀비/벚꽃연금 스물스물 다시 올라오는거 반갑다@@@@
1567,예쁜달종현,"이노래 별로 안좋아했음 진심
근데 며칠전 관광지 분수대옆 잔디를
남자친구와 손잡고 걸으며
너무 행복했는데 어디선가
너무좋은노래가 나옴
며칠뒤 동영상 확인하는데 벚꽃엔딩ㅋㅋ"
1568,유갤럭시,진심 개띵곡
1569,Domong,벚꽃연금의 시작
1570,RCHA,봄마다 계속 생각나는 노래.. 차트또올라오네
1571,sangten,"두근거리고 기대됐던 중1
그리고 지금 더 높이 뛸 발판을 다지는 고3
매년의 시작이었던 봄에는
항상 이노래였다"
1572,KIEN_KY,벚꽃연금만기일ㅋㅋㅋ
1573,p054012,기상청보다 정확하다는 벚꽃연금 성지순례 왔습니다
1574,Tidyy,벚꽃연금 만기일 다가오신 범준찡ㅋㅋㅋㅋ
1575,ThisPuls,올해도...또 올라오네 ㅋㅋ
1576,손현서니,이노래는 들을때마다 벛꽃이휘날리며 좀비가올거같다
1577,으흉..,좋아요 수 쩐다....이제 봄이니까 곧 차트 1위 접근하겠네
1578,Classsssssic,벚꽃좀비 클라스... 몇십년간은 갈듯
1579,Buddy._.,좋아요 수 실화입니까ㄷㄷ
1580,꽃펀,진짜 이노래는 명곡 중에 명곡이다..ㄷㄷ아니 어떻게 노래하나로 이렇게 봄느낌을 낼수있지 딱 듣자마자 봄이구나..라고 진짜 느껴짐
1581,노잼이면흠냐리하는사람,벚꽃좀비 클라스ㄷㄷㄷㄷㄷ
1582,bright9912,고3인데 이거들으니까 너무 놀러가고싶다 오늘 날도 따뜻한데...ㅠㅠ
1583,비규,"비오면 비가오는날엔듣고
봄이오면 벚꽃엔딩듣는닼ㅋㅋㅋㅋ"
1584,1995.12.21.,봄되면 생각나는 노래! 이 노래 안들으면 봄 온 느낌이 안난다
1585,DRET33,"이 노래들었을때 중학생이었는데
벌써 대학생 ㅋㅋㅋㅋ"
1586,JohnBlack,"봄 만 되면 항상 떠오르는 노래, 이곡의 비결이 뭘까? 항상 봄만 되면 이노래가 가장 많이 뜰까?"
1587,김태민,"공
무
원
버
스
커
버
스
커"
1588,방탄그거해사랑,이노래를 들으면 이유도없는데 설렌다. 2012년 때가 새록새록 떠오르고 그냥 설렌다. 봄에 따스한 햇살속에서 행복하게 놀고있는 그림이 그려진다
1589,달뮤,좀비음악..봄되면 다시 살아나는... 이젠 좀 무섭다 ㄷㄷ
1590,오우직격탄이네,이제는 신앙 수준
1591,QOOD,질릴듯이 들어도 봄이오면 나도모르게 들어지는곡 ㅋㅋㅋㅋㅋㅋ이노래들으면 소풍가고싶음..
1592,Lim_S,아 무섭다
1593,ciozen,좋담!
1594,깃털째요ㄴ,역시 벚꽃연금
1595,태태보라햇,언제 들어도 설레이고 좋은 노래
1596,상현96,사실상 연금 노래
1597,1st멜lon,진짜 미쳤다 이노래.... 벚꽃피면 1등으로보자~~~
1598,H.Ks,와 좋아요 이정도 첨본다..
1599,신팝,이노래가 좋은 건 봄이 와서도 좋지만 봄날같았던 스무살때 모습이 떠올라서 좋다
1600,싱싱망고,날이따듯해지니 다시 듣고있음. 봄되면 계속 생각나는곡
1601,가나마바아자가,이곡은 미쳤다
1602,Sky_하늘,좋아요 28만개돌파~
1603,니니냐냐니니뇨,봄되면 또 올라오네 싶다가도 나도 꼭 듣고싶음 ㅋㅋㅋ
1604,ㅣㅣ밍ㅣㅣ,28위......실화인가....
1605,마._.,25위 라니
1606,아이유참좋다ㅎ,버스커.. 실시간 1위까지..ㄷㄷ 거기에 더신기한건 벛꽃엔딩이 밑에 떠잇어 ㅋㅋㅋㅋㅌ
1607,kimsin123,벚꽃좀비의시기가또왔군요...
1608,아이유참좋다ㅎ,이번년도 역주행 시작인가..ㄷㄷ
1609,쿨쿨k,"어제 순위 68위 , 현재 순위 45위 (12계단 하락... 그렇다면 몇시간 전에 33위 찍었다는 야그?)"
1610,Jeonji,벚꽃연금.....슬슬올라온다..ㄷㄷ
1611,ELENA26,오늘 기분좋아서 들으러옴ㅋㅋㅋㅋㅋㅋ
1612,리미리미장,탄핵되고 들으러 옴ㅋㅋㅋ 대한민국에 이제 봄이 오길♥
1613,발리새벽,나도 모르게 벚꽃좀비를 소환하고 있네요. ㅎㅎ
1614,atucsa,올라오는구만
1615,Dongwoo_01,슬슬...
1616,ramie0,놀라운건 2012년 3위밖에 안된다는거.. 그래도 2010년대 통합 100위 나오면 3위 안에 있을듯
1617,마헬메,슬슬 벗꽃좀비 올라 올때 아닌가
1618,도라예은,이번 봄 잘 견디고 수능 잘보게 해주세요
1619,willy102,벚꽃보험
1620,뽐_S2,벚꽃 좀비 ~
1621,1l1l1l81l11i1ll,므믈스믈 또올라온다.
1622,FANXYXCX,차트보다가 개놀랬네 또 올라왔냨ㅋㅋㅋㅋㅋㅋ
1623,Ryanjoo9,올해봄은 10cm 봄이좋냐랑 벚꽃엔딩 두개구나!
1624,알약고기,오늘도 찾아온 그들의 좀비는
1625,바래다주던,우아 벌써 봄인가보다...
1626,근혜탄핵개이득,버스커버스커 컴백 언제쯤 할까?
1627,탈퇴한 회원,좀비떳다
1628,ㅣㅣ밍ㅣㅣ,와우..... 59위... 이제 진짜 봄인가....
1629,콩나옹이,이노래는 몇년뒤까지있을까 궁금하닼ㅋㅋㄱㄱ
1630,조씨_,ㅁㅊ 37위
1631,19살.,또 스물스물 올라온닼ㅋ
1632,Oneboy,이곡은진짜희대의명곡이다 ...
1633,zjhlim1,좋아요 27만개 미쳣네
1634,fhwhsjjw,ㅋㅋㅁㅊ43위
1635,이주영,봄이 결국 온건가
1636,snow-flake,올 봄 그들이 온다
1637,슬기만큼만해라,대한민국 봄 그 자체
1638,포항박군,벚꽃좀비...
1639,dltmf6988,우리나라 4대연금 국민연금 공무원연금 사학연금 벚꽃연금
1640,따수워라,ㅋㅋㅋㅋㅋㅋ1위 찍었네 이제 진짜 봄이로구나
1641,Ym0229,"봄이 오면 젤 먼저 생각나는 노래 ♥
그대여 그대여 그대여"
1642,근혜탄핵개이득,10시 87위 ㄷㄷ
1643,How_wow,남자친구 생기게 해주세요
1644,잭._.,102위.. 곧 차트인 할 듯 합니당
1645,큐티따거,음..때가 되었군...ㅋ
1646,닝기리마떼,슬슬 기어올라온다
1647,러버쉬,좋은 인연 만나게 해주세요!
1648,니가테,차트 다시 올라오는군ㅎㅎ
1649,서혀닝혀닝,노래만 들어도 설레ㅠㅠ 봄이다
1650,탈퇴한 회원,4월인적성 잘보고 면접 하이패스해서 취업되게해주세요
1651,lch7227,벚꽃연금의 계절이 와씁니당
1652,탈퇴한 회원,벚꽃연금 지리네
1653,e_kooow,"벚꽃엔딩 역주행이 진짜 언제까지 계속될지 궁금 ㅎㅎㅎ
이러다 봄됬는데 차트 안올라오면
뭔가 내가 괜히 섭섭할듯ㅋㅋㅋㅋㅋ"
1654,juniel-,입춘이 훨씬 지남에도 한파가 만연한 한반도에 벚꽃 좀비가 한국의 봄을 강타한다. 국민들의 마음을 조물딱 조물딱 사실 한국의 비선실세는 장범준일 지도... 나도 벚꽃 같이 보고싶어 정말 못 봐서 안타깝다 만기야 이글 봤으면 좋겠다. 연락은 못하지만 그래도 많이 좋아해. 보고싶다
1655,비오는날에는파전에동동주,"ㅁㅊ다 가사부터 멜로디까지 하나하나 너무너무 설렌가 ㅠㅠㅠㅠㅠㅠㅠㅠㅠㅠㅠㅠ 두근거려 ㅠㅠㅠㅠㅠㅠㅠ
수험셍이라서 노래들으면서 공부하는데 뛰쳐나가고픔 ㅠㅠㅠㅠㅠㅠㅠㅠㅠㅠㅠㅠ흐오어엉"
1656,청잏,ㅋㅋㅋㅋㅋㅋㅋㅋㅋㅋㅋㅋㅋㅋㅋㅋㅋㅋㅋㅋㅋㅋㅋㅋㅋ대단해서 말이안나온다 이젠 일간차트까지 차트인해버리는 벚꽃연금ㄷㄷ
1657,stormkm3,노래 넘~좋아♥♥
1658,Lim_S,이젠 무섭
1659,김석정,올라오기 시작했다....
1660,mk-.-,로또 1등 되게해주세요
1661,Jungta2,또 시작된건가......
1662,에꾸잉,적당히 해 X발
1663,Pone_tive,다시 올라온다아아아
1664,Chloe.Leehom,"벚꽃느님
남자도, 공부도 잘 되게 해주세요...
살기 넘나 힘든것..."
1665,탈퇴한 회원,벚꽃 연금이 매년 3~4월에 차트권에 오른다...
1666,hesoo1228,4월의 제왕... 그가 돌아온다!!! 경배하라
1667,어차피엑소가대상인걸요,빨리 듣고싶고 2050년까지 듣고싶은노래
1668,Metamorphosis,"분명 그냥 노래를 듣고있을뿐인데
내 주위로 벚꽃잎이 휘날리는 것 같은 노래."
1669,잭._.,벚꽃 아직 피지도 않았는데 차트 105윜ㅋㅋㅋㅋㅋㅋㅋㅋㅋㅋㅋㅋㅋㅋㅋㅋㅋㅋ
1670,youth_by_young,제가 생각하고 있는 모든 것들이 이루어지게 해주세요 엔시티가 행복하게 해주세요
1671,쪼롱말,헤어진 여자친구를 다시 만나게 해주세요.. 카드절도체리
1672,슬기만큼만해라,장범준을 공무원으로 만들어준 노래.
1673,기승전싕,꺅~봄이닼ㅋㅋㅋㅋㅋ
1674,wldnjsl18,이정도면 교과서에 실어야지
1675,영원히V.I.P,우리나라 역사에 남을 좀비곡 봄만 되면 다시 차트진입하는거 소름끼침 ㄷㄷ
1676,전비디이조,둘이걸어요호~~
1677,jess1e,매년 봄마다 듣지만 질리지 않고 계속 듣고 싶은 노래
1678,eses0811,3월의첫곡이지
1679,악마나부기나연,좀비들이 몰려오네ㄷㄷ
1680,로제파스타아,또 올게왔군 ㄷㄷ
1681,지앉,노래가 너무 봄느낌이라 평생 봄되면 차트진입할거같음
1682,Simon_Sens,"이젠 봄이 오면 이 곡이 역주행 하는 현상이 당연하게 여겨지네요 ㅋㅋㅋㅋ 이쯤되면 거의 하나의 봄 풍습 수준 ㄷㄷ 역시 국민 봄 캐럴송!!
재생 다운로드
벚꽃 엔딩
버스커 버스커
버스커 버스커 1집"
1683,woo11322,3월1일 실시간 차트 100위 연금 시즌 ㅋㅋㅋㅋㅋ
1684,YH워너비,좋아요27만 와....
1685,파워홍짱,또다시 연금 시즌인가....
1686,동구리..,슬슬 올라오시나요~~~
1687,밀감뀰,딸이 벚꽃수저랰ㅋㅋㅋㅋㅋㅋ진짜 예쁘다
1688,까라멜마끼아또,드디어 부활인가...
1689,캐시먼,굿굿굿
1690,슈가루밥,이노래는 언제쯤이면 사라질지가 의문임 봄이없어져도 안없어질노래..
1691,gkdms1113,아직추운데~ 벌써 듣고잇다 나돜ㅋㅋ
1692,스피릿~*,또 올라간다!!!ㅋㅋㅋ
1693,카루세아린,시작됐다ㅋㅋㅋ 아직추운데?
1694,okok01310,2월 28일 차트인.
1695,SUGAWAII,장범준씨 딸은 금수저가 아니라 벚꽃수저네
1696,탈퇴한 회원,"이노래는 차트안에 올라오지도 않앗네요 ...
재생 다운로드
봄봄봄
로이킴
봄봄봄"
1697,잭._.,또 그들이 온다 ㅋㅋㅋㅋㅋㅋㅋㅋㅋㅋㅋㅋㅋㅋㅋㅋ
1698,볼빵빵김용똔,머여 벌써들어왔어ㅋㅋㅋㅋㅋㅋ
1699,연희-_-,헐...다시 차트진입함? 벚꽃좀비 ㄷㄷ
1700,열로족,벚꽃좀비&벚꽃연금
1701,HAVERTZ,Zombie
1702,잠팅이111,갓갓 갓갓
1703,탈퇴한 회원,벚꽃좀ㅂ
1704,STARKINDUSTRIES,"또 차트인했엌ㅋㅋㅋㅋㅋㅋ대박이다 장범준 부러워,,,"
1705,DOLKONG,장범준 : 더도 말고 덜도 말고 봄만 같아라
1706,이름할개없어요어쩌라는거야,크~벛꽃연금
1707,StartUp,차트인 헐..
1708,qhtmf519,봄만 되면 듣게되서 나온게 최근인줄알았는데...12년도네...와..대박이다ㅋㅋㅋㅋ근데벌써봄이라니ㅜㅜ
1709,SEBAEKS2,벚꽃좀비가 슬슬 기어나온다.......ㅎㅎ
1710,우리의_새벽은_낮보다_뜨겁다,벚꽃연금 차트인ㅋㅋㅋㅋㅋㅋㅋ
1711,탈퇴한 회원,장범준 버스커버스커 화이팅
1712,탈퇴한 회원,미친ㅋㅋㅋㅋㅋㅋ차트인ㅋㅋㅋㅋㅋㅋ
1713,회전과고정,봄이 좋냐도 많이 들어주세요^~~~^
1714,KdB,진입ㅋㅋㅋㅋㅋ
1715,너무늦은밤이야너무긴이별이야,먼 훗날에 봄이 없어지면 후손들에게 이노래를 들려주며 이게 봄이었다고 말해줘도 될 정도.
1716,억져라구요,"벚꽃좀비가 깨어났다,,,,,"
1717,belt777,갓갓갓
1718,탈퇴한 회원,봄이오는소리에 또 이노래가생각났다!!!
1719,bibolove,이노래 들으면서 벚꽃보는 상상만해도 포근해진다~
1720,LeCorbusier,들리시나요~~~~~~~~~~봄이 오는 소리를!!!!!!!!!
1721,슈륙챙이.,곧 다시 듣게 될 노래네요~
1722,탈퇴한 회원,"이노래도 좋아요 ㅎ
재생 다운로드
봄비
장범준
장범준 2집"
1723,큐티따거,음..슬슬 올라올때가 되었군.. 공식 봄노래...따봉스~~!
1724,빠개진,"이제 한달쯤 뒤면 다시 스믈스믈올라오겠군ㅋㅋㅋ
그래도 노래는 진짜 좋다 ㅎ"
1725,NoeIcozyboy,이곡 좋아요 수는 경이롭다 ㅋㅋㅋ레알
1726,giant_wan,언제들어도 존좋ㅠㅠ
1727,청잏,한달안에 차트인 할듯ㅋㅋㅋ
1728,탈퇴한 회원,269543 넘사벽(?)
1729,이미잡혀간,이거 언제차트아웃되냐...
1730,민초맛잘알,"벚꽃엔딩 커버영상으로 큰화제가 되었던 페북스타 미오가 노래가 나왔습니다! 많이들어주세요!!
재생 다운로드
하루라도
미오 (MIO)
4th Single Album '하루라도'"
1731,attack72,굿보이
1732,pralice,또 부활했군요
1733,닥성,봄 그자체
1734,뿡빵유,벚꽃좀비...무서워진다
1735,hwirym1,정말 이만한 봄 노래 없음.
1736,베를리오즈의마법사,3월 3일 차트인 ㅋㅋㅋㅋㅋㅋㅋ
1737,장난하낰,내일부터 날씨 따듯하니 올라올듯
1738,SAY_YOU_LOVE_ME,오늘 네이버 뮤직 91위 차트인ㅋㅋㅋㅋㅋㅋㅋㅋㅋㅋㅋㅋㅋㅋㅋㅋㅋㅋ
1739,Sky_하늘,조만간 100위권 들어오겠네요 ㅋㅋㅋㅋ
1740,sinyongdae,곧 1위하겠다
1741,현비나ㅡ,봄마다 항상 1위하는 벚꽃엔딩 ㅎㅎㅎㅎㅎㅎㅎㅎㅎㅎㅎㅎㅎㅎ
1742,내가아니야,목소리 ㄷㄷㄷ
1743,ttonya77,역시 버스커버스커야 노래는 최고야^^
1744,ttonya77,벚꽃엔딩파이팅
1745,ttonya77,꽃송이도 대단대단 이노래랑꽃송이 노래도 좋아 파이팅^^
1746,ttonya77,벚꽃엔딩 노래좋아^^귀가 짱 막히게 진짜 노래 가사 좋아대단대단해
1747,nani5838,"버스커버스커~^^ 짱~!! 귀가 막히는게 장범준아저씨. 진짜 대단대단~!!^^ 뭐냐면 진짜 이곡만들때. 작사,작곡,편곡 아저씨가 다 했는게 대단대단~!!^^"
1748,L.U.V.,파이팅!
1749,jAkyun,1위까지 가자!!!!
1750,yh01122,내가 제일 좋아 하는곡 매일 한번씩은 꼭듣는곡 봄에 이곡 안들으면 음악들을 이유가 없는곡
1751,yh01122,좋아요 200000 가자 가능하다 그리고 차트 1위 ㄱㄱ
1752,hyh07011,요즘 1위 할만한 곡도 없고 올라가기 딱좋네
1753,라티IU,벚꽃좀비... 무서운 기세로 올라온다 ㄷㄷㄷㄷㄷㄷㄷㄷㄷㄷㄷㄷㄷㄷㄷ
1754,해골공주,"매일을 파일을 옮겼습니다
노래가 메일을할겠어요"
1755,승승님이다,그만 올라와 ㅋㅋㅋㅋㅋㅋㅋㅋㅋㅋㅋㅋㅋ 벚꽃좀비 ㅋㅋㅋㅋㅋㅋㅋㅋㅋㅋㅋㅋㅋㅋㅋ
1756,크리스티아누ronaldo,좋아요19만2000개 쩐다쩔어............................
1757,B617,벚꽃좀비 또 살아났다~
1758,kian1,"이 곡이 올라오는것 보니
봄이오는구나~~"
1759,리미삐야기,봄캐럴
1760,Younna,올해도 어김없이 올라왔네요 ^^~ 봄엔 이 곡 없으면 심심!!
1761,yh01122,매년봄 차트를 보면 1위를 하고 있는 봄 킬러....
1762,BBVIPZ,굿굿굿
1763,날꿈93,이거 올해에 또 올라올라나?
1764,내가아니야,역쉬 버스커버스커~
1765,wind4579,2월15일에 100위 차트인이라니 ㄷㄷㄷ
1766,gearchk,이 노래는 진짜 노래중 노래입니다
1767,탈퇴한 회원,와~~~~~~~~~~~~~~~
1768,yoonhwan00,봄이다!!!!
1769,닉네임정하기어려워이것도있네,ㅋ 봄이다
1770,sj-1031,연금엔딩임 ㅋㅋ
1771,블랙모던,벚꽃 좀비다 진짜 ㅋㅋㅋㅋㅋㅋ
1772,hawaiicoco,ㅋㅋㅋ 이맘때면 귀신같이 찾아오는 노래다!!
1773,daasdwq,3위입니다 현재
1774,별별맘,"후에 여름, 겨울만 남는시대에 봄은 이랬었다며 후손들에게 들려줄수있는노래라는게 맞는거같음"
1775,Nerom,헐 봄돼니 또떴어 레전드다 ㅎㅎㅎㅎㅎ
1776,지효ㅛ니,ㅋㅋㅋㅋ음원깡패
1777,wjswltn215,이노랜 진짜 봄되면 몇십년동안 떠오를듯 대박임ㅠㅠ
1778,Choisoohyuk,참 ..좋다^^ 이노래 듣고있으면 내가살아오는동안 지나온 모든봄을 떠오르게함...
1779,멧두더지,맨날 봄대면 이노래떠
1780,Speacial.,약속의 봄이 돌아왓군
1781,양파곰.,벚꽃좀비
1782,*　*　*　*,어쩜 노래가 이리 시간이 지나도 좋은지
1783,immipmam,ㅋㅋㅋㅋㅋㅋㅋㅋㅋㅋ또 100위권진입 ㅋㅋㅋㅋㅋㅋㅋㅋㅋㅋㅋㅋㅋㅋㅋㅋㅋㅋㅋㅋㅋㅋㅋ
1784,afsd3281,1년전에도 오고 올해도 왔도다 ㅋㅋㅋㅋㅋㅋㅋㅋㅋㅋㅋㅋㅋㅋㅋㅋㅋㅋㅋㅋ
1785,Nerom,좋ㅎ아ㅎ요ㅎ수ㅎ많ㅎ다ㅎ노ㅎ래ㅎ좋ㅎ아ㅎ여ㅎ
1786,채..,개인적으로 이노래가 제일..짱
1787,joebarry,좋아요 수 보소 ㅋㅋㅋ
1788,Toyougirl,힝
1789,I3ooM,뭔진 모르겠지만 초딩이 추억돋게하는노래 너무 좋아요>< 우리반에서 이노래로 한파트씩 그림도그렸는데 ㅋㅎㅎ 조만간 울쌤이 You tube에 올린데요 캬~♡
1790,햇가람,이노래가 미래에 봄이 사라지면 후손들에게 봄을 알려주는 노래레여~!
1791,brandon281,ㅇ
1792,zeze5481,멜로디!!넘좋아요
1793,Melvin뮤직,"몽환적인 멜로디, 음색이 좋아요"
1794,jo78y12,와놔 100000은 첨보네/........ 역시 버스커 애진다
1795,탈퇴한 회원,벚꽃좀비달려~
1796,미래정원,헐 역주행 쩐다.. 진짜 깜짝놀람..
1797,갓계피,이곡뭐지.. 나온지1년됐는데 지금신곡들을 누르고 1위함...진심 명곡임
1798,얄라리얄라얄라,아 빨리 2집 내라고 ㅠㅠㅠㅠㅠㅠㅠㅠㅠㅠㅠㅠㅠㅠㅠㅠㅠㅠㅠㅠㅠ 진심좋다
1799,카일리얼빙,사람들 생각이 다 똑같구나 ~ 나도 요즘 이노래 생각나서 찾아 듣곤 했는데 역주행으로 차트 1위~ 시간이 지나도 찾게 되는 노래. 이런게 명곡이지..
1800,ddukso,봄이 되면 자연스럽게 떠오르는 노래. 아마도 벚꽃 엔딩이 봄에 가장 어울리는 노래가 아닐까.
1801,레모비타플러스,봄 바람 휘날리며~~~~
1802,uniconv,벚꽃엔딩 1년만의 역주행 1위 축하합니다 ^^
1803,onionsu,우와;
1804,유키설화,1위다 ㅋㅋ 대박ㅋㅋㅋㅋㅋㅋㅋㅋㅋㅋㅋㅋ
1805,악센테,아직 추운데 빨리 봄이 왔으면 ^^
1806,yjllll,일년이 지나도 설레는 노래
1807,jy961201,진짜... 아......... 미친 벜벜
1808,니에에,대단하네요^^~버스커버스커 또 다음앨범도 정말 기다려지네요^^
1809,kkorosi,봄 올때마다 이노래 생각나서 듣게될듯!
1810,G_hoon,와... 이곡은 1년이지나도 히트네
1811,RosenKranz,전설이다 진짜
1812,강혜웅,너무 좋아요^^
1813,jso4513,너무좋음^^
1814,tbest,별표7개하고또하고싶픈 당장노래큐! 벛꽃좋고엔딩좋고^^ 당장또보고싶고봐도봐도역시버스커버스커최고
1815,soul2maxwell,가사도좋지만 멜로디가 몸에전율을 느끼게하네요..멋져요
1816,나이스틱,좋습니다..좋고요
1817,dwiii23,헐...장범준 작사작곡이였다니...대박~~~ 범주운~~~ㅠㅠㅠㅠㅠㅠㅠㅠ
1818,neplus,진짜 노래 짱!!!!!!!!!!!!!!!!!!!!!!!!!!!!!!!!!!!!!!!!!!!!!!!!!!
1819,sjhn703,짱~~~~~~~~~~~~~~~~~~~~~~~~~~~~~~~~~~~~
1820,ojy59456,벚꽃엔딩역시최고 1등노래
1821,강푸른고양이,벚꽃엔딩 정말 좋다 ㅠ
1822,사랑하세정,벚꽃앤딩최고!~
1823,항상응원해,너무좋다
1824,꾭땅,좋아요... 5만 넘었다 ㅋㅋㅋㅋㅋㅋㅋㅋㅋㅋㅋㅋㅋㅋㅋㅋ
1825,탈퇴한 회원,좋아요 갯수 쩐다ㄷㄷㄷ
1826,888가을,74범띠에맞는노래군
1827,탈퇴한 회원,우왕~! 벚곷엔딩 짱이에요 버스커버스커 짱!!
1828,secret10041,오늘 순간 확 들어온 벚꽃엔딩 너무좋아요....
1829,원주대박,버스커버스커 넘넘 조아해영
1830,완도섬놈,'5
1831,간다훅,얼마만에 들어보는 발라드냐..
1832,마요미블링블링,목소리가 약간 버터느낌인데 가사는 좋네. 음원 차트 1위가 이해됨.
1833,툽스보이,통기타로 쳐봤따
1834,kay3388,완전 조으다 시르다 아니고 조으다 완전 조으다
1835,chrislee98,ㅋㅋㅋㅋ 좋으다 ㅎㅎ ㅋ
1836,spinspon,올 ㅋ 좋네요 !
1837,황민현ㅇㅇ,와.. 좋네요 ㅎㅎ
1838,fortunate6,예쁜 가사 중독되는 멜로디 봄에 꼭 맞는 노래
