,user,comments
0,ìƒˆë²½2ì‹œ55ë¶„,ížˆë“ ì‹±ì–´ ì§€ê¸ˆ ë³´ê³  ìžˆëŠ”ë° ì˜¤ëžœë§Œì— ë“¤ìœ¼ëŸ¬ ì™”ì–´ìš” â£ ë´„ì„ ëŒ€í‘œí•˜ëŠ” ë…¸ëž˜
1,lit***,í–!!!!!!............... ë…¸ëž˜ë°©ì— ê°€ì„œ ë¶€ë¥´ê³  ì‹¶ë‹¤!!!!ã… ã… ã… ã… ã… ã… ã… ã… ã…  ë…¸ëž˜ë°©ì— ê°ˆìˆ˜ìžˆë‹¤ë©´ì€ ë°˜ë“œì‹œ ì´ë…¸ëž˜ë¥¼ ë¶€ë¥¸ë‹¤!!!
2,123,ëŒ€í•™êµ ìž…í•™í•˜ê³  í•¨ê»˜ ë‚˜ì™”ë˜ ë…¸ëž˜..ì´ ë…¸ëž˜ëŠ” í‰ìƒí† ë¡ ë²šê½ƒì—°ê¸ˆê³¼ í•¨ê»˜ ë‚´ ì¶”ì–µê³¡ì¼ë“¯...ë…¸ëž˜ ë“£ìžë§ˆìž ë‹¤ìŒë‚  ë²šê½ƒë³´ëŸ¬ ì²« ë°ì´íŠ¸ ê°”ì—ˆëŠ”ë° ìƒˆë¡ìƒˆë¡ì´ë„¤ðŸ¤­
3,ë¯¸ë‡½,ê³ ìŒ ë¨¸ì•¼...
4,ðŸ¦„,ë´„ ë°”ë‚¨ íœ˜ë‚ ë¦¬ë©°~
5,ë‹¤ë‹¤ë‹¤ë‹·,ë´„ì´ë˜ë©´ ê¼­ ë“£ëŠ”ê³¡ðŸŒ¸ðŸŒº
6,bluegeein,ë´„ì— ë“¤ìœ¼ë©´ ì¢‹ì€ê³¡â™¡
7,kjw***,ê³ ìŒ ë­ëƒ ã…Ž ã„· ã„· ì§„ì§œ ìž˜í•˜ì‹­ë‹ˆë‹¤
8,kjw***,ì´ê²Œ ë°”ë¡œ ë´„ ëŒ€í‘œ ê³¡ì´ì§€ ã…‹ã…‹
9,ìš´í˜•,ì–´ë–»ê²Œ ì´ëŸ° ë…¸ëž˜ë¥¼ ë§Œë“¤ì—ˆì§€
10,UNKNOWN,ë…¸ëž˜ ê°€ì‚¬ì²˜ëŸ¼ ìš”ì¦˜ìƒí™©ì´ ê·¸ë ‡ì§€ ì•Šë„¤ã…œì½”ë¡œë‚˜ ì‚¬ë¼ì§€ë©´ ê²ë‚˜ ë¹¨ë¦¬ì˜¬ë¼ì˜¬í…ë°
11,genie,ì „ì„¤ì˜ ì‹œìž‘ðŸ‘
12,ì›…ì›…,ì˜¬í•´ë„ ë²šê½ƒì¢€ë¹„ë“±íŒðŸ¤£
13,wog***,??? : ìˆ˜ê¸ˆí•˜ëŸ¬ ì™”ìŠµë‹ˆë‹¤~
14,ë®¤ì§ì´ì¦ˆë§ˆì´ë¼ì´í”„,í˜„ ì‹œê° 40ìœ„ ì¶•í•˜ë“œë ¤ìš”ðŸ˜–ðŸŒ¸ 1ìœ„ê¹Œì§€ ì­‰ì­‰ ì˜¬ë¼ê°€ê¸°ë¥¼ðŸ’–ðŸ’š
15,gjt***,ë´„ì²  ë…¸ëž˜ ìµœê³ ì¡´ì—„
16,yg0***,ì ì ì˜¬ë¼ê°„ë‹¤
17,ilikwiwy,ì´ë…¸ëž˜ ì—†ìœ¼ë©´ ë­”ê°€ ë´„ì´ë¼ëŠ” ëŠë‚Œì´ ìž˜ ì•ˆ ë‚œë‹¤
18,pap***,ì¶”ìš°ë©´ ë‚´ë ¤ê°€ê³  ë”°ëœ»í•˜ë©´ ì˜¬ë¼ì˜¤ê³ ã…‹ã…‹ã…‹ã…‹ã…‹ê¸°ìƒì²­ì´ëƒê³¸ã…‹
19,jak***,24ìœ„ ã„·ã„·
20,kab***,"ã…‹ã…‹ã…‹ ë“¤ì„ ìƒê° ì—†ë‹¤ê°€ë„, ë‚ ì´ ë„ˆë¬´ ì¢‹ìœ¼ë‹ˆ ì°¾ì•„ë“£ê²Œë¨ ã…‹ã…‹"
21,cha******,ì¶©ê²©ì ì¸ ê±°ë¼ë©´....ì˜¬í•´ ì´ˆë“±1í•™ë…„ ë˜ëŠ” ì•„ê°€ë“¤ì€ ì´ ë…¸ëž˜ë³´ë‹¤ ì„¸ìƒ ë°ë·” í›„ë°°ë¼ëŠ” ê±°...
22,UNKNOWN,ì˜¬ë¼ì˜¨ë‹¤..
23,ë§ˆë©œë¦¬ì˜¤,ë²šê½ƒì¢€ë¹„ê°€ ë‹¤ì‹œ ëŒì•„ì™“ë‹¤......ã„·ã„·
24,kho***,ì–¸ì œì¯¤ì´ë©´ ë´„ì— ì´ë…¸ëž˜ê°€ ì•ˆë‚˜ì˜¬ê¹Œ
25,gon***,ë²šíƒœì‹ì´ ëŒì•„ì™”êµ¬ë‚˜~ ë°˜ê°‘ë‹¤~
26,suj***,ì°¨íŠ¸200ë“£ê¸°í•˜ê³  ë…¸ëž˜ë“£ê³ ìžˆì—ˆëŠ”ë°..ë²šê½ƒì—”ë”©ã…Žã…Žì°¨íŠ¸ 200 ì•ˆì— ì˜¬ë¼ì™€ìžˆë‹¤ë‹ˆ..ã…Žã…Žë²šê½ƒì—°ê¸ˆ ì‹œìž‘ì´êµ°ì—¬ã…Ž ë…¸ëž˜ ì™„ì „ì¢‹ì•„ì—¬
27,inv***,ë“¤ì„ ë•Œê°€ ì™”ë‹¤ ã…‹ã…‹ã…‹
28,xxangel,ìž¥ë²”ì¤€... ê°œë¶€ëŸ½ë‹¤
29,ì„ì´!,ì™€..ì°¨íŠ¸ ëš«ì–´ ë²„ë¦¬ë„¤...
30,ë²¼ë¦¬ë„¤,ê¸°ìƒì²­ë³´ë‹¤ ì •í™•í•œ ê±´ í•¨ì •
31,W@1Kâ‚¬R$-JO|N,ã…Ž
32,â—¡Ìˆ,ìŠ¤ë©€ìŠ¤ë©€
33,ì¤€ì„œë§˜ã…‡,ë­ê°€ì˜¬ë¼ì˜µë‹ˆê¹Œ
34,ì¤€ì„œë§˜ã…‡,ë°ì²´ì–´ì§¸ì„œ
35,snow,ë³„ë¡œ ì•ˆê±¸ë¦´ê»„..;; í•œ 10ë…„ ì´ë‚˜ 20ë…„ì— ì„¸ìƒ ì•„ê°€ë“¤ ë°ë·”í•˜ë©´ ì´ì œ ìš°ë¦° ë¹ ì§€ê²Œ ë˜ê³  ê·¸ëŸ¬ë©´ ..; ì•ˆë‚˜ì˜¤ì§€ ì•Šì„ê¹Œ?
36,Cosmosâœ¨,ã…‹ã…‹ã…‹ã…‹ã…‹
37,ì¸ì¹œí•˜ì‹¤?,ì´ ë…¸ëž˜ ë‚˜ì™”ì„ ë•Œ ë‚ ì”¨ë„ ì–¼ë§ˆë‚˜ ì‚¬ëž‘ìŠ¤ëŸ¬ì› ëŠ”ì§€
38,ë‘ë‘,"ë´„ì´ì¢‹ëƒ,ë²šê½ƒì—”ë”©,ë´„ì‚¬ëž‘ë²šê½ƒë§ê³  3ëŒ€ìž¥"
39,fhw***,"ã„¹ã…‡ ì—”ë”©ì´ ë¼ë²„ë ¸ìžë‚˜,,"
40,í–‰ë³µì§€ìˆ˜,ì–˜ë“œë¼ ê°€ì¦ˆì•„!
41,ì•„ì‰¬ì›€ì„ë’¤ë¡œí•˜ê³ ,ì½”ë¡œë‚˜ ë•Œë§¤ ë­”ê°€ ë” ë…¸ëž˜ë¥¼ ì°¾ì•„ ë“¤ì„ ê²ƒ ê°™ì•„ì„œ ë²šê½ƒ ì—°ê¸ˆ ì˜¬í•´ë„ ì¶•í•˜ ë“œë¦½ë‹ˆë‹¤...ë¶€ëŸ½ë‹¤ ë§¤ë…„ ë´„ë§Œ ë˜ë©´ ìµœê³ ì˜ êµ­ë¯¼ ê±°ëž˜ì²˜ ì¶”ìˆ˜ ã…‹ã…‹ã…‹ ë…¸ëž˜ë¡œ ë²šê½ƒ ë†€ì´ ëŒ€ë¦¬ë§Œì¡± ëŠê»´ì•¼ì§€
42,dyd***,ê½ƒë†€ì´ë„ ëª»ê°€ëŠ”ë° ì´ê±°ë¼ë„ ë“¤ì–´ì•¼ê² ë‹¤
43,ã…‡ã…‡,ë‹˜ë“¤ ì½”ë¡œë‚˜.. ã…‹ã…‹
44,ì§„ì •,10ìœ„ê¶Œ ê°€ì¦ˆì•„~
45,ê¹€ë‘í˜„,ë´„ë§Œ ë˜ë©´ ì´ ë…¸ëž˜ê°€ ê·¸ë ‡ê²Œ ì¢‹ë”ë¼..
46,ì‚¼ì„ ìŸë°˜ì§œìž¥,ë²šíƒœì‹ì´ ëŒì•„ì™”êµ¬ë‚˜ ë°˜ê°‘ë‹¤ ê·¼ë° í”ë“¤ë¦¬ëŠ”ê½ƒë“¤ì†ì—ì„œ ë­˜ ì–´ë–¡í•˜ê² ëƒ
47,soo***,ì´ë…¸ëž˜ë¥¼ ë“¤ìœ¼ë©´ 2012ë…„ ë´„ ê·¸ë•Œ ê·¸ì‹œì ˆ ê¸°ì–µì´ ë– ì˜¤ë¥¸ë‹¤ ê·¸ë•Œ ë‚œ ìžëŒ€ë¡œ ê°€ëŠ”ì¤‘ì´ì˜€ì§€ ê·¸ë•Œ ì°¸ íž˜ë“  ì´ë“±ë³‘ êµ°ìƒí™œ í–ˆì—ˆëŠ”ë° ã…Žã…Ž ì‹œê°„ ì°¸ ë¹ ë¥´ë‹¤
48,ê¾¸ê¾¸ê¹Œê¹Œ,ëŒì•„ì™”êµ¬ë§Œã…‹ã…‹ã…‹ã…‹ã…‹
49,ìžì´ì–¸íŠ¸,ì˜¬í•´ë„ ì—¬ê¹€ì—†ì´ ìƒê°ë‚˜ëŠ” ê³¡
50,ìˆœíƒ„ì´,ëŒì•„ì™”êµ¬ë‚˜
51,í—ˆë‹ˆë„í† ,ì—­ì‹œ ë´„ì— ë“¤ì–´ì•¼ ì œë§›
52,swa***,ë²šê½ƒì—”ã„·ã…‡ ë§ê³  ì°¨íŠ¸ì¸ë„ ì•ˆëŒ ìž¡ê³¡ ê»´ë“¤ê¸° ã„´ã„´
53,ben***,ë²šê½ƒì—”ë”© ë§ê³¤ ê·¸ë‹¥
54,ã…ã…,ì €ëž‘ ë˜‘ê°™ì•„ìš” 12ë…„ ì´ˆ êµ°ë²ˆ! ì „ ì•¼ìˆ˜êµì—ì„œ ë²„ìŠ¤íƒ€ê³  ì²˜ìŒ ë“¤ì—ˆëŠ”ë°
55,shj***,ì˜¤íƒœì‹ì´
56,Goodnight,ì•„ë‹ˆ ë˜ ì˜¬ë¼ì˜¤ê³  ìžˆë„¼ã…‹ã…‹ã…‹ã…‹ì‚¬ì‹¤ ë‚˜ë„ ë“¤ìœ¼ëŸ¬ì˜´
57,ì€ì£¼ëª¬,ë´„ì´ ì™”ì§€ë§Œ ì½”ë¡œë‚˜ ë•Œë¬¸ì— ë²šê½ƒì„ ì¦ê¸°ì§€ ëª»í•˜ì§€ë§Œë²šê½ƒì—”ë”© ë…¸ëž˜ë¡œ ìœ„ì•ˆì´ ë˜ë„¤ìš”~ë‚´ë…„ì—ë„ ì´ë…¸ëž˜ì™€ í•¨ê»˜^^
58,hmh***,ì˜¨ë‹¤ ì˜¨ë‹¤ ã…‹ã…‹ã…‹
59,pheyy,ì˜¬í•´ë„ ì˜¬ë¼ì˜¤ë„¤ã…‹ã…‹ã…‹
60,ì˜´ë‡¸ë‡¸ë‡¸,ì—­ì‹œ ë´„ë˜ë©´ ë¬´ì¡°ê±´ ì˜¬ë¼ì˜¤ëŠ” ë…¸ëž˜ ã…‹ã…‹ã…‹ ë´„ë§ˆë‹¤ ë“£ëŠ” ë…¸ëž˜ë¼ì„œ 1ë…„ë§ˆë‹¤ ë“¤ì–´ì„œ ì§ˆë¦¬ì§€ë„ ì•Šê³  ë²šê½ƒë³´ìžë§ˆìž ë‹¤ì‹œ ë¦¬ìŠ¤íŠ¸ì— ë‹´ì•˜ë‹¤ ã…Žã…Ž
61,ì´ë‹¬ì˜ìˆ˜ë…€,49ìœ„ ã…‹ã…‹ã…‹
62,ì´ë‹¬ì˜ìˆ˜ë…€,ë˜ ì˜¬ë¼ì˜¨ë‹¤ ã…‹ã…‹ã…‹ã…‹
63,gcdv,ì´ì•¼ ë²Œì¨. 8ë…„ì´ì´ë¼ë‹ˆ....
64,ado***,2012ë…„ 3ì›”ì— ë‚¨íŽ¸ê³¼ ì²˜ìŒ ì—°ì• ë¥¼ ì‹œìž‘í•˜ë©° ë§Žì´ ë“£ë˜ ë…¸ëž˜ì§€ê¸ˆ ì•  ë‘˜ ì•„ë¹ ì—„ë§ˆê°€ ë˜ì–´ ë“¤ì–´ë„ ê·¸ë•Œ ì²«ë°ì´íŠ¸ ìƒê°ë‚˜ì„œ ê°€ìŠ´ì´ ë‘ê·¼ë‘ê·¼
65,nik***,ì´ ë…¸ëž˜ëŠ” ë¨¼ í›—ë‚  21ì„¸ê¸° ë´„ì— ë“£ë˜ ë¯¼ìš”ë¡œ ì•Œë ¤ì§€ê²Œ ë˜ëŠ”ë°....
66,í† ê¹½,ë´„=ë²šê½ƒì—”ë”© ã… ã…  ì§„ì§œëª…ê³¡ðŸ‘ðŸ»ì„¤ë ˆìš”ë“¤ì„ë•Œë§ˆë‹¤
67,ë„,ì´ ë…¸ëž˜ ì•ˆë“£ê³  ì§€ë‚˜ê°€ëŠ” ë´„ì€ ì—†ë‹¤. 30ë…„ ë’¤ì—ë„ ë“£ê³  ìžˆì„ë“¯..!
68,ë¯¼íŠ¸ã…Ž,ìˆœìœ„ ì ì  ì˜¬ë¼ê°„ë‹¤ ã…‹ã…‹ã…‹ã…‹ã…‹ã…‹
69,sks***,ê½ƒíˆê¸¸ëž˜ ë“¤ìœ¼ëŸ¬ì™”ìŠ´ë‹¹><
70,******,ë²šê½ƒ ì¢€ë¹„ ë˜ ë¶€í™œã…‹ã…‹ã…‹
71,xog***,ìž¥ë´„ì¤€.. 2030ë…„ì—ë„ ì°¾ì•„ ë“¤ì„ ë“¯..
72,pilEboE,ë²šê½ƒì˜ ì—°ê¸ˆìˆ ì‚¬ J.B.ì¤€...
73,ë„ˆë¡œì±„ì›Œê°ˆê³„íšë§Œê°€ë“í•´,ì˜¨ë‹¤ì˜¨ë‹¤
74,í™ë¯¸ë¯¸,"ì½”ë¡œë‚˜ ë•Œë¬¸ì— ë°–ì— ëª»ë‚˜ê°€ë„ ë´„ì˜ ëŠë‚Œì„ ëŠë‚„ìˆ˜ ìžˆê²Œ í•´ì£¼ëŠ” ë…¸ëž˜,,, ê°ì‚¬í•©ë‹ˆë‹¤"
75,fvg***,ì§„ì§œ ì—­ì£¼í–‰ê³¡ì´ ë‚˜íƒ€ë‚¬ë„¤ìš”.ì¡°ê¸ˆ ë” ìŒì›ì°¨íŠ¸ê°€ ê¹¨ë—í•´ì¡Œìœ¼ë©´ ì¢‹ê² ìŠµë‹ˆë‹¤
76,ìº”ë””,ìŠ¤ë¯ˆìŠ¤ë¯ˆ ì˜¬ë¼ê°€ê³  ìžˆë‹¤ ã…‹ã…‹ã…‹
77,ë¿Œíž,ã…‹ã…‹ã…‹ã…‹ã…‹ã…‹ã…‹ ì´ì   ë©ˆì¶œ ìˆ˜ ì—†ì–´
78,ì„ì´!,93ë“±ã…‹ã…‹ã…‹ã…‹ã…‹ã…‹ì´ì–”ã…‹ã…‹ã…‹ì´ì œ 1ë“±í•˜ê² ì§€?
79,í•˜í•˜í•˜í•˜ë‚˜ë§ˆë‚˜,ì˜¤ëŠ˜ ë‚ ì”¨ì— ì´ë…¸ëž˜ ìƒê°ë‚˜ì„œ ë“¤ìœ¼ëŸ¬ ì˜¤ì‹  ë¶„ðŸ™‹ðŸ»â€â™€ï¸
80,í¬ë¡œìº…,ì–´ë§ˆì–´ë§ˆí•œ ë…¸ëž˜..
81,ã…‡,"ã…‹ã…‹ã…‹ã…‹ì—­ì‹œë‚˜ ë˜ ì˜¬ë¼ì˜¤ë„¤ ë²šê½ƒì—°ê¸ˆë§¤ë…„ë§ˆë‹¤ ë´„ë˜ë©´ ìˆœìœ„ê¶Œì— ì˜¬ë¼ì˜´,,"
82,hpopu,ê·¸ëƒ¥ ë´„ ê·¸ ìžì²´ê°€ ë˜ì–´ë²„ë¦° ê³¡
83,YESJAMðŸ“,ì—­ì‹œ ë´„ì—ëŠ” ì´ ë…¸ëž˜ì§€ !!!ë‚˜ê°€ì§€ ëª»í•˜ë‹ˆê¹Œ ì§‘ì—ì„œ ì´ê±° ë“£ì–´ìš” ã… ã… ã…œ
84,ì•ˆí˜œì›,ì˜¬ë¼ì™€ë¼ ë²šê½ƒì¢€ë¹„
85,asm***,ì˜¬í•´ë„ ì˜¬ë¼ê°„ë‹¤ ë²šê½ƒ ZOMBI
86,duf***,ì˜¬í•´ëŠ” ì°½ë¬¸ ë„ˆë¨¸ë¡œ ë²šê½ƒ êµ¬ê²½í•˜ë©´ì„œ ë“¤ì–´ì•¼ì§€ ì–´ì„œ ì˜¬ë¼ê°‘ì‹œë‹¤
87,ì±”ì´ìŠ¬,ë“œë””ì–´ ë“¤ì„ë•Œê°€ ëë‹¤ ì´ ê³¡ ë“£ëŠ”ì‚¬ëžŒë“¤ì€ ì•„ë§ˆ ë‹¤ ì´ ê³¡ì´ ì²˜ìŒ ë‚˜ì™”ì„ ì‹œì ˆì— ë´„ì„ ê¸°ì–µí•˜ê² ì§€ ì¶”ì–µíšŒìƒì— ì´ ë…¸ëž˜ë§Œí¼ ì¢‹ì€ê²Œ ì—†ëŠ”ë“¯í•˜ë‹¤.
88,ë®¤ì§ì´ì¦ˆë§ˆì´ë¼ì´í”„,"ðŸŒ¸ë´„ ë˜ë‹ˆê¹Œ.. ë§ˆìŒ í•œ ì¼ ì´ ë˜ ì‹±ìˆ­ìƒìˆ­..ì•„ë§ˆë„ 2012ë…„ ë´„ë¶€í„° ì´ ë…¸ëž˜ë¥¼ ì•Œê²Œë˜ì–´ ë“£ê³ , í•´ë§ˆë‹¤ ë‹¤ë¥¸ í•´ì˜ ë´„ì˜ ê¸°ì–µë“¤ì´ ì˜¤ë²„ëž©ë˜ë©´ì„œ ë‚  ê´´ë¡­ížˆê¸°ë„í•˜ê³  ì„¤ë ˆì´ê²Œí•œë‹¤.."
89,akd***,ë‚´ê°€ 1004ë²ˆì§¸ ëŒ“ê¸€ì´ë„¤ :) ì œë°œ ì—¬ìžì¹œêµ¬ ìƒê¸°ê²Œ í•´ì£¼ì„¸ìš”!! ì²œì‚¬ë‹˜...
90,ì…˜ë”©,ì˜¬í•´ ë²šê½ƒì€ ì½”ë¡œë‚˜ì™€ í•¨ê»˜ë¼ë‹ˆ.... ðŸ¥ºðŸ¥ºðŸ¥ºðŸ¥ºðŸŒ¸
91,ZdY,ì´ ë…¸ëž˜ëŠ” ë§¤ë…„ ë“¤ì–´ë„ ì„¤ë Œë‹¤ ê°„ì§ˆê°„ì§ˆ
92,ê°•ì˜ì¤€,"ë§¤í•´ 4ì›” Cherry Blossom ê¸°ê°„ì— ë¶ˆë¦¬ìš°ëŠ” í•œêµ­ì˜ ì „í†µ ë¯¼ìš”ì´ë©°26ë…„ì§¸ 12ì›”ì„ ì±…ìž„ì§€ëŠ”ë¨¸ë¼ì´ì–´ìºë¦¬ì˜ ""All I Want For Christmas Is You""ì™€ìŒë²½ì„ ì´ë£¨ëŠ” ê³¡ì´ë‹¤Ps8ì›” ìž¥ë§ˆê¸°ê°„ë§Œ ë˜ë©´ ë‚˜ì˜¤ëŠ” ì‹ í¥ë¯¼ìš”""ë¹„ë„ ì˜¤ê³  ê·¸ëž˜ì„œ"" ë„ ì¡´ìž¬í•˜ë‹ˆ ì°¸ê³ í•˜ì‹¤ê²ƒ"
93,s1#,í•­ìƒ ì´ ë§˜ë•Œì¯¤ ë“£ê³  ì‹¶ì–´ì§€ëŠ” ê³¡...íŠ¹ížˆ ë²šê½ƒë‚˜ë¬´ ì•„ëž˜ë¥¼ ì°¨íƒ€ê³  ì§€ë‚˜ê°ˆë•Œ ì°¨ íƒ€ê³  ë“¤ìœ¼ë©´..ë” ì¢‹ì€ ã…Ž
94,jun***,1001ë²ˆì§¸ ëŒ“ê¸€ì´ë‹¤!!! ì½”ë¡œë‚˜ë¡œ íž˜ë“¤ì§€ë§Œ ë²šê½ƒì—”ë”©ìœ¼ë¡œ ë´„ë‚ ì˜ ë”°ëœ»í•¨ì„ ëŠê»´ë´…ë‹ˆë‹¤!!!
95,wsg***,ì´ì œ ë´„ì˜ì¢€ë¹„ê°€ ì˜¬ë¼ì˜¬í…ë°..ì½”ë¡œë‚˜..
96,ã…‡ã…ã…‡,ë§¤ë…„ ë“£ë‹¤ë³´ë‹ˆ ë§¤ë…„ ë´„ì˜ ì¶”ì–µë“¤ì´ ê²¹ì³ ëŠê»´ì ¸ì„œ ì¢‹ì•„ìš” ã… ã… 
97,jun***,ì•„ì§ 3ì›”ì´ˆì¸ë° ë²Œì¨ ìƒê°ë‚˜ì„œ ì°¾ì•„ì˜´
98,kik***,ì‹œë™ê±¸ìžã…
99,ì£ ,"9ë…„ë™ì•ˆ í•œê²°ê°™ì´ ë´„ì— ì°¾ì•„ì˜¤ëŠ” ë…¸ëž˜ ðŸ¤ë“¤ì„ë•Œë§ˆë‹¤ ë§ˆìŒ íŽ¸í•´ì§€ê³  ì„¤ë ˆëŠ” ,ê¸°ë¶„ ì¢‹ì•„ì§€ëŠ” ë…¸ëž˜ â¤ï¸ðŸ¤Ž"
100,VIP,ë´„ì´ ì˜¤ëŠ”êµ°
101,lillianseo,ì „ ë‚¨ìžì¹œêµ¬ìš”....ã…‹ã…‹ã…‹ã…‹ã…‹
102,.,ì €ë‘ ë‚¨ìžì¹œêµ¬ìš”...
103,ì•ˆí˜œì›,ã…‹ã…‹ã…‹ã…‹ã…‹ã…‹ã…‹ã…‹ã…‹
104,krecent,ë¶€ë¦‰ë¶€ë¦‰
105,ìµ¸,ì˜¤ëŠ˜ ë‚ ì”¨ê°€ ë„ˆë¬´ ì¢‹ì•„ì„œ í‹€ì—ˆì–´ìš” â˜ºï¸
106,rom***,ê·¸ë•Œê°€ ë‹¤ì‹œ ëŒì•„ì™”ë‹¤
107,ì·¨ë¯¸ëŠ”ì‚¬ëž‘,í˜•ë“¤ ìŠ¬ìŠ¬ ì‹œë™ê±¸ì–´ì•¼ì§€??
108,hch***,ë´„ ë…¸ëž˜ì§€ë§Œ ì‚¬ê³„ì ˆ ì•„ë¬´ë•Œë‚˜ ë“¤ì–´ë„ ì‚°ëœ»í•œ ë…¸ëž˜
109,ë¶ˆë„ê³ ë…¸ëž˜ë“£ëŠ”ì‚¬ëžŒ,ë²šê½ƒ ì—”ë”© ì¿¨ ê³§ ëŒê² ë‹¤
110,jihye,ë²šê½ƒ ì—°ê¸ˆ ã„·ã„·ã„·
111,jihye,ë´„ì´ë¼ê³  í•˜ë©´ ì´ëŸ° ìƒì¾Œí•œ ë´„ì´ ìƒê°ë‚˜ì•¼ í•˜ëŠ”ë° ë‚˜ëŠ”ì™œ ë¯¸ì„¸ë¨¼ì§€ê°€ ìƒê°ë‚ ê¹Œã…‹
112,pap***,ìž…ì¶˜ ì‹¤í™”ëƒ.... ì˜¬í•´ëŠ” ê¼­ ê½ƒê¸¸ê±·ê³ ì‹¶ë‹¤ðŸŒ¸ ì†”íƒˆë„...
113,chu,ë‚ ì”¨ê°€ ë²Œì¨ ë´„ê°™ì•„ì„œ ì¼ì°Œê°ì¹˜ ë“¤ìœ¼ëŸ¬ì˜´ ðŸŒ¸ ì„¤ë Œë‹¤
114,HKUNK,ì‚¬ëž‘í•˜ëŠ” ì‚¬ëžŒì´ ì—†ì„ë•ŒëŠ” ê³ í†µìŠ¤ëŸ¬ìš´ ë…¸ëž˜ì˜€ëŠ”ë°ì‚¬ëž‘í•˜ëŠ” ì‚¬ëžŒì´ ìƒê¸°ë‹ˆ ë„ˆë¬´ ì¢‹ë‹¤
115,UNKNOWN,ë²šê½ƒ ìŠ¤íƒ€íŠ¸ë„ ìžˆì—ˆìœ¼ë©´ ì¢‹ê² ë‹¤
116,sh0***,ì´ì œ ê³§ ìžˆìœ¼ë©´ ë¨¸ë¼ì´ì–´ ìºë¦¬ ëˆ„ë‹˜ ìºë¡¤ ë“¤ë¦¬ë‹¤ê°€ 2019ë…„ì´ ëë‚˜ê³  2020ë…„ì˜ ë²šê½ƒ ì—”ë”©ì´ ì‹œìž‘ë˜ê² êµ¬ë§Œ.. í•œí•´ ë§ì—†ì´ ë¹¨ë¦¬ ê°„ë‹¤ ã… ã… ã… 
117,UNKNOWN,ë´„ì—ë¶€ë¥´ëŠ” ë‹¨ê³¨ ë¯¼ìš”..
118,EXINE,ì¢‹ì€ê³¡.
119,sto***,ì‚¬ëž‘í•˜ëŠ” ì‚¬ëžŒì´ ìƒê¸°ë‹ˆê¹Œ ë”ìš± íž˜ë“œë„¤ìš”..
120,ì–´ì©Œë¼êµ¬ìš©,ì•„ë¬´ë„ ì•ˆë¬¼ì–´ë´¤ì§€ë§Œë„¤ ê·¸ë ‡ìŠµë‹ˆë‹¤ì €ëŠ” ëª¨ì†”ìž…ë‹ˆë‹¤à¼¼; Ìà¼Žàº¶ Ûà¼Žàº¶`à¼½íì–´ì–´ì—‰
121,â—¡Ìˆ,ì»¤í”Œ ë§í•´ë¼...
122,â°,ìœ¼ì•…
123,â°,? (ì €ë„ ì™œ ìœ¼ì•…ì„ ì¼ëŠ”ì§€ ëª¨ë¥´ê² ì–´ìš”ã…‹ã…‹ã…‹ã…‹ã…‹ (ìžê¸°ê°€ ë§í•˜ê³  ìžê¸°ê°€ ê¹Œë¨¹ê¸°))
124,ê³¼ë‹ˆâ£ï¸,"ì „ ì´ìƒí•˜ê²Œ ì´ ë…¸ëž˜ ë“¤ìœ¼ë©´ ìŠ¬í¼ìš”ã… ã… ã… ì´ ì¦ˆìŒì— êµ° ìž…ëŒ€ë¥¼ í–ˆëŠ”ë°, ë³´í†µ ë‚¨ìžë“¤ì˜ êµ°ëŒ€ ìž…ëŒ€ê³¡ì´ë¼ê³ ë“¤ í•˜ëŠ”ê²Œ ì €ëŠ” ì´ ê³¡ì´ì˜€ê±°ë“ ìš”.*ìž…ëŒ€ê³¡ì´ë¼ëŠ” ìž…ëŒ€ ì‹œê¸°ì— ë‚˜ì˜¨ ë…¸ëž˜, ëª…ê³¡ ë“±ì„ ë§í•´ìš”.(ë¹…ë±… ë¸”ë£¨ë„ ìž…ëŒ€ê³¡ì´ë¼ëŠ”ë°..)ì—„ë§ˆê°€ ì¼ ë•œì— ë°”ì˜ì‹œê¸°ë„í•´ì„œ ìž…ëŒ€ ì „ì—ë„ì‹œê°„ë„ ê°™ì´ ëª» ë³´ë‚´ê³ , ìŠ¬íŽì–´ìš” ã… ã… ì œê°€ ì‹ êµëŒ€ ìˆ˜ë£Œì‹ ëë‚˜ê³  ì´ ë…¸ëž˜ë¥¼ í¥ì–¼ê±°ë¦¬ê³  ê³„ì‹œê±°ë¼ê³ ìš”. ì €ëŠ” ì—„ë§ˆê°€ ì´ ë…¸ëž˜ë¥¼ ì–´ë–»ê²Œ ì•„ëŠ”ì§€ í–ˆëŠ”ë°.ì €í¬ ì‹ êµëŒ€ ì¹´íŽ˜ bgmì´ë¼ê³  í•˜ë”ë¼ê³ ìš”!ì–¼ë§ˆë‚˜ ë…¸ëž˜ë¥¼ ë§Žì´ ë“¤ì—ˆìœ¼ë©´ í¥ì–¼ê±°ë¦¬ì‹¤ ì •ë„ì¸ì§€ðŸ˜­ë¬´íŠ¼.. ê°ë™ê³¼ ìŠ¬í””ì´ ì„žì—¬ìžˆëŠ” ë…¸ëž˜ì—ìš”.ì˜›ë‚  ìƒê° ìž ê¹ í•˜ê³  ê°€ìš”!ì—„ë§ˆ ì‚¬ëž‘í•´ìš”ðŸ’œ"
125,ì™„ì „ì˜¨ì¡°,ëŒ“ê¸€ ì™œ ìˆ¨ê²¨ì§„ê±´ì§€ ì„¤ëª… í•´ì£¼ì‹¤ ë¶„ êµ¬í•¨
126,a01***,ì–´ì´ ë²šíƒœì‹ì´ ëŒì•„ì™”êµ¬ë§Œ
127,WIZlinus,ë°©íƒ„ì´ ì»´ë°±í–ˆëŠ”ë° ìˆœìœ„ì˜¤ë¥´ëŠ” ë‹¹ì‹ ì€ ë„ë•ì±…
128,bh7***,ì‹œìž‘ ëë‹¤... ë²šê½ƒì˜ ê³„ì ˆ.. ì˜¬ë¼ê°€ì„¸ìš” í˜•ë‹˜
129,jo2***,ì˜¤íƒœì‹ì´ ëŒì•„ì™”êµ¬ë‚˜
130,ì¬ã„´,ë²šê½ƒë³´ë©´ì„œ ì´ ë…¸ëž  ë“¤ìœ¼ë©´ ì§„ì§œ ì´ê²Œ ë´„ì´êµ¬ë‚˜ ì‹¶ìŒ..
131,ì¬ã„´,7ë…„ì´ ì§€ë‚¬ì§€ë§Œ ì•„ì§ë„ ë´„ì´ ë˜ë©´ ì°¨íŠ¸ì¸ í•˜ë„¤ðŸŒ¸
132,í•˜ížˆí›„í—¤í˜¸,2ì£¼ì „ì— ë‚¨ì¹œê³¼ í—¤ì–´ì¡ŒëŠ”ë°ë„ ë´„ì€ ì˜¤ë„¤ìš”ã…œ
133,ìž ì´ì•ˆì˜¤ë„¤,ìŠ¤ë¬´ì‚´ë•Œ ì´ë…¸ëž˜ê°€ ë‚˜ì™”ì§€ ì§€ê¸ˆ ë“¤ìœ¼ë©´ 12í•™ë²ˆ ìƒˆë‚´ê¸°ì˜€ë˜ ë‚˜ì™€ ìš°ë¦¬ê°€ ë– ì˜¤ë¥´ëŠ” ì‹¬ìž¥ì´ ìš¸ë ê±°ë¦¬ëŠ” ì¸ìƒ ë…¸ëž˜.. ì˜ˆë»¤ë‹¤ ê·¸ë•Œ.
134,fjq***,2019?
135,unb***,ê³§ ìŒì•…êµê³¼ì„œ ì‹¤ë¦¬ëŠ”ê±°ì•„ë‹˜?
136,hun789,ë˜ ì˜¬ë¼ì™”ë„¤ ì–¸ì œ ì´ê±¸ ê°™ì´ ë“¤ì„ê¹Œ..í˜¼ìžë“£ê¸° ì§€ê²¹ë„¤~
137,í‚„,ë‚´ë…„ì— ì´ ë…¸ëž˜ë¥¼ ëŒ€í•™ ìº í¼ìŠ¤ì—ì„œ ë“£ê³ ì‹¶ë‹¤ã…ã…ã…ã…
138,yan***,í›—ë‚  ë´„ ê°€ì„ì´ ì—†ì–´ì§€ë©´ì´ ë…¸ëž˜ë¡œ ë´„ì„ ì•Œë ¤ì¤„ ìˆ˜ ìžˆì„ ê²ƒì´ë‹¤.
139,lUlN,ì•„ì•—.....íž˜ë‚´ì‹­ì…”....ã… 
140,ì´ê³¼ëŠ”ìœ„ëŒ€í•´,ì •ì€ì§€ì˜ ë„ˆëž€ ë´„ ì¶”ì²œ
141,ã…‚ã…ˆã…‚ã…ˆ,ì‹¤ë ¸ì–´ìš©ã…‹ã…‹ã…‹ã…‹ã…‹
142,DAY6â™¡,ì´ë¯¸ ì‹¤ë ¸ì–´ìš” ì¤‘í•™êµ êµê³¼ì„œì—.ã…‹ã…‹ã…‹ã…‹ã…‹
143,ã…Žã…Žã…Ž,ë˜ë‹¤ì‹œ ì°¾ì•„ì™”ë‹¤
144,hyunju@,ì˜¬í•´ë„ ë³€í•¨ì—†ì´ ì°¨íŠ¸ ìž¬ë“±ìž¥ ã…‹ã…‹ã…‹ã…‹ã…‹
145,gus***,2012ë…„ì— ë‚˜ì˜¨ ë…¸ëž˜ë¥¼ 2019ë…„ 4ì›”ì—ë„ ë‚˜ëŠ” ë“£ê³  ìžˆë‹¤ ã…Žã…Žã…Ž 2015ë…„ì— ê°™ì´ ë“¤ì—ˆë˜ ë‚¨ìžì¹œêµ¬ê°€ ì§€ê¸ˆì€ ì‹ ëž‘ì´ ë˜ì–´ ê°™ì´..ã…Žã…Ž
146,ghd***,.....êµ°ëŒ€ìžˆì„ë•Œ ë‚˜ì™€ì„œ êµ°ëŒ€ ìƒê°ë°–ì— ì•ˆë‚¨ ë´„ë§ˆë‹¤ ì €ì£¼ìž„......
147,ê²½ì²­,ì°¸ ë“¤ì–´ë„ ë“¤ì–´ë„ ì§ˆë¦¬ì§€ê°€ ì•Šë„¤
148,ê¹€ë‚˜ë‚˜,ì´ë…¸ëž˜ë“¤ì–´ì•¼ ë´„ê°™ìŒ
149,joo***,"2019, ì§€ê¸ˆ ë‹¤ì‹œ ë“¤ì–´ë„, ê·¸ ì–´ëŠ ë´„ì— ë“¤ì–´ë„ ëŠ˜ ì„¤ë ˆëŠ” ë…¸ëž˜"
150,smilek6,ìƒˆë¡œ ë‚˜ì˜¨ ì‹ ê³¡ë“¤ ë“¤ì–´ë³´ë‹¤ ê²°êµ­ ë²šê½ƒì—”ë”©ë§Œ ë°˜ë³µí•œë‹¤.ì§€ê²¹ë‹¤ ê·¸ëŸ¬ë‹¤ê°€ë„ ë²šê½ƒ í•„ì§¸ ë˜ë©´ ê·¸ëƒ¥ ë“£ê³  ì¢‹êµ¬ë‚˜~ í•œë‹¤.
151,any***,ë²šê½ƒì—°ê¸ˆ
152,ë”¸ê¸°ìš°ìœ ,"ë‚´ ìŠ¤ë¬´ì‚´ ì²« ì‚¬ëž‘ì„ í•˜ë˜ ë´„ì— ë“£ë˜ ë…¸ëž˜. ì•„ì§ë„ ì´ ë…¸ëž˜ë§Œ ë“¤ìœ¼ë©´ ê·¸ë•Œ ê·¸ ë²„ìŠ¤ì•ˆì—ì„œ ë´¤ë˜ ë²šê½ƒì´ ê°€ë“í•˜ë˜ ë¶€ì•”ë™ í’ê²½ì´, ê·¸ë•Œì˜ ê·¸ ì„¤ë ˜ì´ ëŠê»´ì ¸ìš”. ì´ëŸ°ê²Œ ìŒì•…ì˜ íž˜ì¸ê°€ ã…Žã…Ž"
153,sod***,10ìœ„ê¹Œì§€ëŠ” ê°€ì§€ ì•Šì„ê¹Œ
154,ppusan0077,ë…¸ëž˜ê°€ ì •ë§ ì¢‹ë„¤ìš”
155,ë‹«ë‹¤,"ë°°ëŽƒì€ ë§¤ë…„ ë´„ë§ˆë‹¤ ê³ í†µì„ ë°›ëŠ”ë‹¤ë˜ë°,,"
156,sti***,ì´ ê³¡ ê²€ìƒ‰í•˜ë ¤ ê²€ìƒ‰ì°½ë§Œ ëˆŒë €ëŠ”ë° ì¶”ì²œì²«ë²ˆì§¸ë¡œ ëœ¨ëŠ”ã…‹ã…‹ã„±ã…‹ã…‹ã„±ã…‹ã„±ã„±ã…‹ì—­ì‹œ
157,pusol3,ì—°ê¸ˆì´ ëŒì•„ì™”ë‹¤
158,lUlN,ë“¤ì–´ë„ ë´„ê°™ì§€ ì•Šìœ¼ë©´ ì–´ë–¡í•˜ì£ ....ì£¼ë¥µ....
159,khj***,ì—­ì‹œ ë²šê½ƒì¢€ë¹„... ë§¤ë…„ ë“¤ì–´ë„ ë§¤ë…„ ì¢‹ìœ¼ë‹ˆê¹Œ ì–´ì©” ìˆ˜ ì—†ë‹¤!!
160,ì£½,ì´ ë…¸ëž˜ ë‚˜ì˜¬ ë•Œ íƒœì–´ë‚œ ì•„ì´ë“¤ì´ ì§€ê¸ˆ ì´ˆë“±í•™êµì— ìž…í•™í•´ì„œ ì–´ëŠìƒˆ ë–¼ì°½ì„ í•˜ê³  ìžˆë‹¤ëŠ”ê²Œ ì •ë§ ì†Œë¦„ë‹ëŠ”ë‹¤...
161,lee***,ì € ë˜ ì—°ê¸ˆê°€ìž…í• ë ¤ê³ ìš”. 10ë…„ë‚© 60ì„¸ë¶€í„° ì—°ê¸ˆ ë°›ì„ë ¤ê³ ìš”.
162,min***,2019ë…„ ë´„ ìž…ë‹ˆë‹¤.
163,ê²½ì²­,ë²šê½ƒ êµ¬ê²½ ì™”ëŠ”ë° ì¤‘í•™êµ ì—¬í•™ìƒë“¤ì´ ë–¼ì°½ í•˜ê³  ìžˆë„¤..ì‹œëŒ€ë¥¼ ì´ˆì›” í•œ ë“¯
164,star,ì§„ì§œ ì‹ ê¸°í•œê²Œ ë§¤ë…„ ë“¤ì–´ë„ ì§ˆë¦¬ì§€ê°€ ì•ŠìŒ... ëŒ€ë‹¨ì“°
165,rim***,ë‚˜ì˜ 20ì‚´ì„ ëŒ€í‘œí•´ì£¼ë˜ ë…¸ëž˜ã… ã… 
166,ë£°ë£¨,ë²šê½ƒ ì¢€ë¹„
167,jun***,ì´ë…¸ëž˜ ì§„ì§œ ë§ˆì•½ê°™ì€ ë…¸ëž˜ìž„
168,ê²½ì²­,7ë…„ì§¸ë„¤ í•˜ê¸°ì•¼ ì–´ì œ ì˜¤ëŠ˜ ë²šê½ƒ í”¼ë‹ˆ ìžì—°ìŠ¤ëŸ½ê²Œ ì„ ê³¡ì´ ëœë‹¤.
169,Giselle,2019
170,WIZlinus,ë²šíƒœì‹ì´ ëŒì•„ì™”êµ¬ë‚˜
171,ì£ ìŠ¤,ë²šê½ƒì¢€ë¹„ê°€ ë˜..
172,lee***,ì—°ê¸ˆ ë“¤ì–´ì™”ìŠµë‹ˆë‹¤. ã…Žã…Žã…Ž
173,f,ì˜¬í•´ë„ ì‹œìž‘ëë‹¤ !! ë²šê½ƒì—°ê¸ˆ!!
174,gad***,ê¼­ ê·¸ë ‡ê²Œ ë§¤ë…„ ë“¤ì–´ì•¼ ì†ì´ í›„ë ¨í–ˆëƒ!!!!
175,lik,ë˜ ë“¤ìœ¼ëŸ¬ ì™”ìŠµë‹ˆë‹¤ ë²šê½ƒì—°ê¸ˆ
176,ðŸ’‹,ë´„ì´ë‹¤ ðŸŒ¸ðŸŒ¸
177,ì§„ì´,2019
178,ì‚´ì°ì˜¬ë¹¼ë¯¸,"í©ë‚ ë ¤ë¼, ë²šê½ƒì—”ë”©"
179,ê³ ì–‘ì´ì™•ã…•ã…•ã…•,ã…‹ã…‹ë‹¤ì‹œ ìŠ¤ë©€ìŠ¤ë©€ ì˜¬ë¼ì˜¤ëŠ”êµ¬ë§Œ
180,cil***,ë´„ì´êµ¬ë‚˜...ì´ ë…¸ëž˜ê°€ ì˜¨ê±°ë³´ë©´..
181,nin***,3~4ì›”ì—ëŠ” ë²šê½ƒì—”ë”© ì°¨íŠ¸ì¸ 7~8ì›”ì—ëŠ” ì—¬ìˆ˜ë°¤ë°”ë‹¤ ì°¨íŠ¸ì¸ ã…‹ã…‹ã…‹ã…‹
182,nin***,ë´„ì´ ì˜¤ê³  ìžˆêµ¬ë‚˜~~
183,ì›…ì›…,ì˜¬í•´ë„ í˜¹ì‹œë‚˜ê°€ ì—­ì‹œë‚˜ ã…‹ã…‹
184,mky***,ë‚¨ë¶€ì§€ë°© ë²šê½ƒ í”¼ë‹ˆê¹Œ ìŠ¬ìŠ¬ ì˜¬ë¼ì˜¤ë„¤ ì„œìš¸ ë²šê½ƒí”¼ë©´ ì ˆì •ì´ê² ë‹¤
185,joy***,ë´„ì´ë¼ ì–´ì©”ìˆ˜ ì—†ë‚˜ë´„...ìƒì§•ê°™ì€ ê³¡ì´ë‹ˆê¹Œ
186,ë”¸ê¸°,ì´ì œ ì°¾ì•„ë“¤ì–´ì•¼ ëœë‹¤ë‹ˆ ã… ã… ... 1ìœ„ê¹Œì§€ ì˜¬ë¼ì™€ì£  ã… ã… 
187,ë€¨,ë˜ ë“¤ìœ¼ëŸ¬ ì™”ë„¤ìš” ã…‹ã…‹
188,yhjo1423,ë²šê½ƒì¢€ë¹„..
189,kor***,ë‹¤ì‹œ ë²šê½ƒì´ í”¼ê¸° ì‹œìž‘í•˜ë‹ˆê¹Œ ì—¬ì§€ì—†ì´ ìˆœìœ„ì— ì˜¬ë¼ì˜¤ë„¤ìš”~~^^
190,lol,ì™€ ê°œì¢‹ì•„ ã„· ã„· ã„· ë´„ë‚ ì‹œì¢‹ì„ëŒ€ ìžë™ë°˜ì‚¬
191,sseul,ì–´ê¹€ì—†ì´ ë‹¤ì‹œ ì°¾ê²Œë˜ë„¤ìš”!! ì•ˆë…•ðŸ™ŒðŸ»ðŸ™ŒðŸ»â£ï¸ðŸŒ¸ðŸŒ¸
192,í’€ë¨¹ëŠ”ì˜¤ì›”ì´,ë´„ì€ ë´„ì´êµ¬ë‚˜ã…‹ã…‹
193,ehd***,ë´„ ì‹œì¦Œ ì—°ê¸ˆ ë…¸ëž˜ íƒ‘ 51ìœ„ ëª…ë¶ˆí—ˆì „ ë²šê½ƒì—”ë”©2ìœ„ ëª…ìˆ˜ ì•„ì´ìŠ¤í¬ë¦¼ ëŸ¬ë¸Œë¸”ëŸ¬ì¸3ìœ„ ì•„ì´ìœ ì˜ ë´„ ì‚¬ëž‘ ë²šê½ƒë§ê³ 4ìœ„ ì•„ìŠ¤ë‚ 5ìœ„ ë¡œê¼¬ì¸„ìœ ì£¼ ìš°ì—°ížˆ ë´„
194,neu***,ì¢€ ì œë°œ ê·¸ë§Œì¢€.. ì§„ì§œ í•˜ì•„.. ì´ê²ƒë•Œë¬¸ì— ë²„ìŠ¤ì»¤ë²„ìŠ¤ì»¤ ë…¸ëž˜ëŠ” ì§„ì§œ ì•„ì˜ˆ ì•ˆë“¤ìŒ..
195,gms***,ë˜ ìŠ¬ê¸ˆìŠ¬ê¸ˆ...
196,Zino,ì™€ì›… ê³„ì† ë˜ ìƒìŠ¹ ì¤‘ ë²šê½ƒì—”ë”©ì€ ëë‚˜ì§€ ì•ŠëŠ”ë‹¤..!
197,ìŠ¤íƒ€ë²…ìŠ¤,ðŸŒ¸ ë´„ì´ë‹¤ì•„ì•„~ ðŸŒ¸
198,wld***,ì´ë•Œ ë“£ì§€ ì–¸ì œ ë“¤ì–´~~~~~~~ì§€ê¸ˆ ì´ ë§˜ë•Œ ì¯¤ì— ëŠ˜ ë§¤ë…„ ìƒê°ë‚˜ëŠ” ë…¸ëž˜ê³  ì´ ê³¡ ë§Œí¼ ë´„ ëŠë‚Œì„ ì‚´ë ¤ì£¼ëŠ” ê³¡ì´ ì—†ëŠ”ë“¯...ë²„ìŠ¤ì»¤ë²„ìŠ¤ì»¤ ë‹¤ì‹œ ë³´ê³  ì‹¶ë‹¤ ã… ã… 
199,ì°¬ë˜102,ì˜¬í•´ë„ ì–´ê¹€ì—†ì´ ë´„ì´ ì™”êµ¬ë‚˜... !
200,â¤ï¸,ì´ê±° ìž‘ì‚¬ ìž‘ê³¡ ëˆ„êµ¬ì—ìš”????
201,goq***,ã„¹ã…‡ ë²šê½ƒì—°ê¸ˆ ã…‹ã…‹ã…‹ã…‹ã…‹ã…‹ì§„ì§œ ëµê³¡
202,ë¸”ë§ê½,ë´„ì´ì˜¤ë©´ ê·€ì‹ ê°™ì´ ì°¨íŠ¸ì¸í•˜ë„¼ã…‹ã…‹ã…‹ã…‹ã…‹ã…‹ã…‹í•˜ê¸´ìƒê°ë‚˜
203,swi***,ë˜ ìŠ¬ê¸ˆìŠ¬ê¸ˆ ì˜¬ë¼ì˜¨ë‹¤ã…‹ã…‹ã…‹
204,garden_,ì–´ì œ ë´„ë¹„ê°€ ë‚´ë ¤ì™”ë„¤ìš”. ì´ì œ ì´ ë…¸ëž˜ ì˜¬ë¼ê°€ëŠ”ê±´ê°€ìš”?
205,ê°“í™ë‹˜,ì‚¬ìŠ¤ë‚  ë¬´ì—‡ ã…‹ã…‹ã…‹
206,ehd***,ë“£ì§€ë§ˆ ã…ˆã„¹í•˜ê³  ìžë¹ ì¡Œë„¤  (íŠ¹ìœ ì˜...ë§íˆ¬ë¶€í„° ã…ˆì°ã„¸ ã…)
207,sch***,ë“£ê¸°ì‹«ìŒ ì•ˆë“¤ì–´ë„ ìƒê´€ì—†ëŠ”ë° ê·¸ë ‡ê²Œ ì‹«ì€ ì‚¬ëžŒì´ êµ³ì´ ì—¬ê¸°ê¹Œì§€ì™€ì„œ ëŒ“ê¸€ì„...? ì¢‹ì€ë…¸ëž˜ ë¶„ìœ„ê¸° í•´ì¹˜ì§€ ë§ˆì‡¼
208,ê³ ì–‘ì´ì™•ã…•ã…•ã…•,ã…‰ã…‰
209,bal***,ã…‡ã…ˆã…‹ã…‹ã…‹ã…‹ã…‹ì´ì •ë„ë©´ ìžì‹ ê³¼ì˜ ì‹¸ì›€ì¸ë°ìš¬ã…‹ã…‹ã…‹ã…‹ã…‹
210,ì¥¬ì•¼,ìž‘ì‚¬ìž‘ê³¡ ìž¥ë²”ì¤€
211,ëª¨êµ¬,í˜•ë‹˜ ì˜¬ë¼ê°€ì‹œì¥¬
212,hee***,ì´ì œëŠ” ì´ê±¸ ë“¤ì–´ì•¼ë§Œ ë´„ê°™ë‹¬ê¹Œ.. ì´ë²ˆë´„ë„ ë”°ë“¯í•˜ê³  ì´ìœì‚¬ëž‘ë“¤ í•˜ì‹œê¸¸â™¡
213,ê°€ë‚˜ê°€ë¼ë°”,ì§€ë‚˜ê°€ë‹¤ ë“¤ëŸ¬ìš”
214,mem***,ë´„ë§Œ ë˜ë©´ ìž¥ë²”ì¤€ ë–¼ëˆ ë²„ëŠ” ë‚ 
215,ijo***,ë˜ ì˜¬ë¼ê°‘ë‹ˆë‹¤~_~ðŸ’•ðŸ’•ðŸ’•ðŸ’•
216,ê´‘ë°°ë°êµ¬ë¦¬,ëˆ„êµ°ê°€ì—ê² ì¢‹ê³  ì‹«ê³  ë…¸ëž˜ì˜ ì´ì¤‘ì„±
217,sto***,2019ë…„ ë“¤ìœ¼ì‹œëŠ”ë¶„?
218,bbm***,ì°¨íŠ¸ ëª‡ìœ„ì ¸ ??
219,oho***,ê°€ìž ì¢€ë¹„ë“¤ì•„
220,ì§€ì´ë‹ˆì´â™¡,ì™€ ë¯¸ì¹œ ì°¨íŠ¸ ì§„ìž… ì‹¤í™”ì•¼? ã…‹ã…‹ã…‹ã…‹ã…‹ã…‹ã…‹ã…‹ã…‹ã…‹ã…‹ã…‹ã…‹ã…‹ã…‹ã…‹ã…‹
221,ã…Žã…‡,ã…‹ã…‹ë˜ ë‚˜ì™“ì–´ ã…‹ã…‹ ì§„ì§œ ì¢€ë¹„ë‹¤ ã…‹ã…‹ã…‹
222,tjd***,ì•„ ì°¨íŠ¸ë–³ë„¤ ë´„ì‹œìž‘ì´ë‹¤
223,ë””ë‹ˆ,ì´ê±¸ë¡œ ì–¼ë§ˆë‚˜ ë²Œì—ˆì„ê¹Œ...ë¶€ëŸ½ë‹¤
224,ans***,ë‚´ ìŠ¤ë¬´ì‚´ì„ í•¨ê»˜í•´ì¤˜ì„œ ê³ ë§ˆìš´ ë…¸ëž˜..ë²Œì¨ 7ë…„ì§¸ë„¤ ã…Žã…Žë‚´ë…„ì—ë„ ë§Œë‚˜ìž
225,sd2***,ë˜ ì˜¤ì‹œëŠ” êµ°ìš”
226,lik***,í˜„ìž¬ 102ìœ„ìš”ã…‹ã…‹
227,zod***,ì„±ì§€ìˆœë¡€ ì™”ì–´ìš”
228,ghd***,ì €ë„ íŽ˜ë¶ì—ì„œ ë³´ê³ ì™”ìŠµë‹ˆë‹¤ã…‹ã…‹ã…‹ã…‹ ì»¤í”Œë˜ê²Œ í•´ì£¼ì„¸ìš”
229,LLUN,69ì–µì´ìƒë²Œì—ˆë°ìš”....ã…Žã„·ã„·......
230,cak***,ì˜¬í•´ë„ ì–´ê¹€ì—†ì´ ë²Œì¨ ì°¨íŠ¸ì¸ë¦¬ì–¼ ë¯¼ìš”
231,ê°€ì„ë¬´ì§€ê°œ,ê²°êµ­ì—” ì¤‘1 êµê³¼ì„œì— ì‹¤ë ¸ìŠµë‹ˆë‹¤
232,gkd***,ë„ìž…ë¶€ ë¶€í„° ì„¤ë Œë‹¤ ì´ê²Œ ë´„ì´ ì•„ë‹ˆë©´ ë­ì•¼ã… ã… ðŸ’•ðŸ’•
233,ë²„ì¦ˆ,ì§„ì§œ ì‹ ê¸°í•˜ë‹¤ ë´„ë§Œë˜ë©´ ìƒê°ë‚˜ë„¤ ã…‹ã…‹ã…‹ã…‹ã…‹ ë²Œì¨ ëª‡ë…„ì§¼ê±°ì§€ ã…‹ã…‹ã…‹ã…‹ã…‹
234,ëª¨ì–‘,ë„ˆë¬´ì¡°ì•„ã…œã… 
235,yeo***,2019ë…„ ë´„ì—ë„ ì´ë…¸ëž˜ ìž˜ë¶€íƒí•´ì˜ðŸŒ¸ðŸŒ¸
236,ì•„ã…ì•…,ì˜¬í•´ë„ ìž˜ ë¶€íƒí•©ë‹ˆë‹¤
237,chl***,ðŸŒ¸2019ì—ë„ ì°¨íŠ¸ì¸ í–ˆìŠµë‹ˆë‹¤. ë‹¤ìŒë…„ë„ì—ë„ í™•ì¸í•´ë´…ì‹œëŒ±ðŸŒ¸
238,Jino,ìž¥íƒœì‹ì´.. ëŒì•„ì™”êµ¬ë‚˜!
239,h1g***,ì–´? ë˜ ì™”ë‹ˆ?
240,anr***,ë²šê½ƒì—°ê¸ˆ...
241,sur***,ëŒì•„ì™”êµ¬ë‚˜ ë²šíƒœì‹ì´
242,ì•„ë ¨,ë‹¤ì‹œ ë´„.
243,ë‹¤í¬~â™¡,ë„ˆë¬´ ì¢‹ì€ë…¸ëž˜ì˜ˆìš”~^^
244,7,this is spring
245,pos***,ë˜ ì°¨íŠ¸ì¸
246,gob***,ì‚¬ëž‘ê³¼ ë´„ì„ ë…¸ëž˜ë¡œ ë°°ìš´ë‹¤ê³  í• ìˆ˜ìžˆì„ê±° ê°™ì•„
247,aaw***,"í’‹í’‹í•œ 20ì‚´, ëŒ€í•™ìƒë•Œ ë“¤ì—ˆëŠ”ë° ë²Œì¨ ì¡¸ì—…í•˜ê³  ì·¨ì—…ê¹Œì§€í–ˆë„¤ ë”°ìŠ¤í•œ ë´„ë‚ ì˜ ì¶”ì–µì´ ìƒìƒí•´ì„œ ë„ˆë¬´ì¢‹ë‹¤"
248,ê¾¸,ì§„ì§œ ì´ë…¸ëž˜ì²˜ëŸ¼ ë“£ìžë§ˆìž ì•„ ë´„ì´ë‹¤ ~ ì´ ëŠë‚Œ ë¹¡ ì˜¤ëŠ” ë…¸ëž˜ë„ ì—†ìŒ ã„¹ã…‡ ë´„ ëŒ€í‘œì†¡
249,can***,ì—”ë”©ì—†ëŠ” ë²šê½ƒì—”ë”©.. ë‹¤ì‹œ ì‹œìž‘!
250,big***,???:  ì‚´ë ¤ì£¼ì„¸ìš”  ì €  ì—¬ê¸°ìžˆì–´ìš”
251,ooo***,ë´„ë°”ëžŒ íœ˜ë‚ ë¦¬ë¯€ì—¬~~~~~
252,red***,ë´„ì´ë‹¤~~
253,prs***,ì—­ì‹œ ë´„ì´ë„¤ ã…‹ã…‹ã…‹ë²”ì¤€ì´ ì—°ê¸ˆíƒ€ëŠ” ê³„ì ˆ ì´ë…¸ëžœ ì–¸ì œë“¤ì–´ë„ ì¢‹ë‹¤ ã… ã… 
254,sun***,ì´ ë…¸ëž˜ë¥¼ í‹€ì—ˆë”ë‹ˆ... ì˜†ì—ì„œ  ì´ ë…¸ëž˜ê°€ ë‚˜ì˜¤ëŠ”ê±¸ ë³´ë‹ˆ ë´„ì´ ì™”ëŠ”ê°€ë³´êµ°.!
255,ê¸´ìƒë¨¸ë¦¬ê·¸ë…€,2012ë…„ ë´„ðŸŒ¸ ë¶€í‰ ë² ìŠ¤ì½” ë£¸ì¹´íŽ˜ì—ì„œ ì´ ë…¸ëž˜ ë“¤ì—ˆë˜ê²Œ ì•„ì§ë„ ìƒìƒí•˜ë‹¤..ã„· 7ë…„ì „ðŸ˜±ðŸ˜¢
256,LLUN,ë²›ê½ƒì¢€ë¹„
257,ë² ì´ì§€,ìŠ¬ìŠ¬ ë²šê½ƒì—”ë”© ë“¤ì„ë•Œê°€ ë˜ì—ˆêµ°
258,ížˆë¦¿,ì´ë ‡ê²Œ ë‚ ì”¨ ì¢‹ì€ë‚  ë²šê½ƒ ì¢€ë¹„ ê¹¨ì–´ë‚˜ë¼!!!
259,ska***,ì˜¤ëŠ˜ ë‚ ì”¨ ë„ˆë¬´ ë”°ëœ»í•˜ë‹ˆ ì ˆë¡œ ë´„ ë…¸ëž˜ê°€ ìƒê°ë‚œë‹¤. ë´„ ìºëŸ´ í•˜ì´
260,ssu***,12í•™ë²ˆ í™”ì´íŒ…..
261,ã…Ž,12í•™ë²ˆ ì•„ì§ë„ ìˆ˜ì—…ì¤‘..
262,ìž ì´ì•ˆì˜¤ë„¤,"ë‚˜ë„ 12í•™ë²ˆ , ì •ë§ ì·¨ì—…í•˜ê³  ë“¤ìœ¼ë‹ˆ ìƒˆë¡­ë‹¤..ëˆ„ê°€ ë­ëž¬ëŠ”ì§€ëª¨ë¥´ì§€ë§Œ ë§ˆìŒê°€ì§ì´ ê·¸ë•Œëž‘ì€ ë„ˆë¬´ë‚˜ ë‹¤ë¥¸ë° ë…¸ëž˜ëŠ” ê·¸ëŒ€ë¡œ ìŠ¤ë¬´ì‚´ì´ë‹¤.. ë“£ê³ ìžˆëŠ”ì§€ê¸ˆ ë§Žì€ê²ƒë“¤ì´ ìŠ¤ì¹˜ê³  ì–´ì°Œí•´ì•¼í• ì§€ë¥¼ ëª¨ë¥¼ì •ë„ë¡œ ìš¸ì»¥í•˜ëŠ”ê²Œìžˆë‹¤."
263,ì¹´ìŠ¤íƒ€ë“œê´‘,ì˜¤ëŠ˜ ë‚ ì”¨ ë­”ê°€ ë´„ê°™ì•„ì„œ ë“¤ìœ¼ëŸ¬ì˜´
264,ížˆë™,ë¯¸ë¦¬ ë“¤ìœ¼ëŸ¬ ì˜´ ã…‹ã…‹ã…‹ã…‹ã…‹ã…‹ã…‹ã…‹ã…‹ã…‹ã…‹ã…‹ã…‹
265,hh,"2019ë…„ 2ì›” 22ì¼, ë‚  ë”°ëœ»í•´ì§€ë‹ˆ ê´œì‹œë¦¬ ë“£ê³  ì‹¶ì–´ì ¸ì„œ ì˜´"
266,í›„ì´,ë¯¸ë¦¬ ë“¤ìœ¼ëŸ¬ ì™“ìŠµë‹ˆë‹¤...
267,swi***,ì²˜ìŒ ì´ ë…¸ëž˜ë¥¼ ë“£ë˜ ìˆœê°„ë“¤ì´ ê³¡ê³¼ í•¨ê»˜ ì €ìž¥ë˜ì–´ ë“¤ì„ ë•Œë§ˆë‹¤ ì¶”ì–µì— ìž ê¸°ê²Œ ë§Œë“œëŠ” ë…¸ëž˜. ë‚´ê²Œ ë…¸ëž˜ ê·¸ë³´ë‹¤ ì´ìƒì˜ ê²ƒ.
268,hwe***,ë´„ì´ ë‹¤ê°€ì˜¬ ë•Œ ì¯¤ì´ë©´ í•­ìƒ ìƒê°ë‚˜ëŠ” ë…¸ëž˜ã…‹ã…‹
269,ì²´ì²´í”„ë¼ë‹¤,ë˜ ìŠ¤ë¬¼ìŠ¤ë¬¼ ê¸°ì–´ì˜¬ë¼ì˜¤ê² ë„¤
270,big***,ì´ì œ  ê³§ì´ë‹¤   ê¸´ìž¥í•´ì•¼í•´ìš”  ë‚¨ì¹œ ì—¬ì¹œ ë¹¨ë¦¬ ë§Œë“­ì‹œë‹¤
271,ë…¸ë ¥í•˜ëŠ”ê³°ëŒì´,ìŒ..ê³§ ì—°ê¸ˆìˆ˜ë ¹ì¼ì´êµ°.. ë‘ë‹¬ë§Œ ì°¸ì•„ì•¼ì§€..
272,sh0***,ì‚ë¹… 3ë‹¬ë’¤ ë–¡ìƒí•  ë…¸ëž˜ìž…ë‹ˆë‹¤!
273,lee***,"ë´„ ë…¸ëž˜ ë‹¤ ì¢‹ì§€ë§Œ ì—­ì‹œ ì´ê²Œ ìµœê³ ,,"
274,dms***,ê³ ë°± í• ë•Œ ì¢‹ì€ ë…¸ëž˜ ê°™ì• ìš”
275,sow***,ì´ê±° ìš°ë¦¬ í•™êµì—ì„œ ë®¤ì§ë¹„ë””ì˜¤ í–ˆìŒ
276,hwe***,í•´ë§ˆë‹¤ ì—­ì£¼í–‰ í•˜ëŠ” ì´ ê³¡ì€....
277,ã…‡ã…‡,ë‚˜ì¤‘ì— ì´ë…¸ëž˜ ë“¤ìœ¼ë©´ ëˆˆë¬¼ë‚ ê²ƒê°™ìŒ ë‚œ ë”´ê±° ë‹¤ í•„ìš”ì—†ê³  ì „ì£¼ë§Œ ë“¤ì–´ë„ ëˆˆë¬¼ í•‘ ëŒë“¯ ë§‰ ëª½ê¸€ëª½ê¸€í•˜ê³ 
278,ë…¸ì§±,ì‚¶ì´ íŒíŒí•´ì§€ëŠ” ê±¸ ëŠë¼ëŠ”ê²Œë²šê½ƒë„ ì˜ˆì „ê°™ì§€ê°€ ì•Šê³ ì´ ë…¸ëž˜ë„ ëœ ë“£ê²Œë˜ë„¤ìš”.ë‹¤ë“¤ ê´œì¸ˆí•˜ì‹ ì§€
279,ì§€ë‹ˆì§€ë‹ˆ,ì´ì œ ë†€ëžì§€ë„ ì•Šë‹¤. ë‚´ë…„ì— ë˜ ë´ìš”^^
280,lov***,ë˜ ë‹¤ì‹œ ë´„ì´ ì™”ìŒì„ ì•Œë¦°ë‹¤.
281,ot,ë§¤ë…„ ë“¤ì–´ë„ ë´„ì— ë“£ê¸°ì¢‹ì€ ë…¸ëž˜ì¤‘ì— ë² ìŠ¤íŠ¸ë…¸ëž˜ìž…ë‹ˆë‹¿ã…Ž
282,ã†,ì•„ ì§€ê²¨ì›Œ ë˜ì˜¬ë¼ì™”ë„¤ í–ˆëŠ”ë° ì™œë•œì‹œ ë“¤ìœ¼ë©´ ì‹¬ìž¥ì´ ëª½ê³¨ëª½ê³¨í•´ì§€ëƒê³ ã…œã…œ
283,ysh***,ëª…ì‹¤ìƒë¶€ ë´„ì˜ ì§€ë°°ìž
284,ë‘¥ê¸€ë™ê¸€,ë²šê½ƒì‚¬ê³¨ã…‹ã…‹ê·¼ë° ë²šê½ƒì—”ë”©ì„ ëŒ€ì²´í•  ë´„ì‹œì¦Œì†¡ì´ ì—†ìœ¼ë‹ˆë´„ í•˜ë©´ ì´ ê³¡ì´ ë– ì˜¤ë¥´ëŠ”ê²ƒ ê°™ì•„ìš”
285,ìœ¤ë§¤ë‹ˆì €,2018ë…„ 4ì›” ë´„ ë‚´ë…„ì— ë´ìš”.
286,hbn***,ì°¨íŠ¸ì— ì˜¬ë¼ì™”ë„¤ìš” ë´„ë…¸ëž˜ì¤‘ì— ì´ë…¸ëž˜ë§Œí¼ ì„¤ë ˆì´ëŠ” ë…¸ëž˜ëŠ” ì—†ëŠ”ê²ƒê°™ìŒ
287,ì—‘ì†ŒëŠ”ê²½ë§ˆìž¥ëª»ë“¤ì–´ê°€,ë°°ëŒ“ë“¤ ë­”ë° ì‹ ê³ ì§€
288,22,32ìœ„ ë” ê°€ì¦ˆì•„
289,twilight,ì™€ 37ìœ„ ì‹¤í™” ë²šê½ƒì¢€ë¹„ ê°€ì¦ˆì•„
290,dbs***,í”¼ì–´ë‚˜ìš” ë²šê½ƒì¢€ë¹„!ðŸ˜Š
291,dnd***,ë²šê½ƒì¢€ë¹„
292,jos***,ë“£ëŠ”ë‹¤ 1ë…„ë§Œì—~.~
293,nw1***,ë´„ì´ ì¢‹ëƒ? ì´ê²ƒë„ìžˆì–´ìš”!!
294,hid***,1ìœ„ ì„¤ë§ˆ ëª»ê°€ë‚˜ìš” ê°€ê² ì§€?
295,qne***,ë˜ ì‹œìž‘ì´ê² êµ°...
296,mae***,ë‹¤ì‹œ ìƒìœ„ê¶Œê°€ì¦ˆì•„
297,sup***,"í˜„ìž¬ 31ìœ„ ! ìž‘ë…„ì— ë‹¤ì‹œ ë²šê½ƒ ë¬´ëŒ€ì¸ì‚¬ ê°”ì—ˆëŠ”ë° ìž¥ë²”ì¤€ ì§„ì§œ ë©‹ìžˆì—ˆìŒ,,,ì˜ì›ížˆ ìŒì•…í•´ì£¼ì„¸ìš” ã… ã… "
298,ant***,ìˆ˜ì› ë²šê½ƒ ì–¸ì œíŽ´ìš”?
299,ê’°ÉžÌ´Ì¶Ì·Â·Ì®ÉžÌ´Ì¶Ì·ê’±,ëŒ“ê¸€ ì—°ë„ ì§„ì§œ ë‹¤ì–‘í•˜ë‹¤ã…‹ã…‹ã…‹
300,OliveYou,ì•„ë‹ ã…‹ã…‹ ì–´ë””ê¹Œì§€ ì˜¬ë¼ì™”ë‚˜ ë³´ë ¤ê³  100ìœ„ê¹Œì§€ ì­‰ ë‚´ë ¸ë”ë‹ˆ 29ìœ„ì— ìžˆì—ˆë„¤
301,ðŸŽ§,ì´ê±° í•œê³¡ë§Œëƒˆì–´ë„ í‰ìƒ ë¨¹ê³ ì‚´ì•˜ê² ë‹¤
302,ek7***,ì—¬ì „ížˆ ë²šê½ƒì´ ë§Œì—°í•˜ê²Œ í•€ ê¸¸ì„ ê±¸ìœ¼ë©´ ìƒê°ë‚œë‹¤ ã…Žã…Ž
303,bon***,ì´ì •ë„ë©´ ê±°ì˜ ë²šê½ƒë„¤ë²„ì—”ë”©..
304,í”ë“¤ì–´,2018 ë´„ì´ ì™”ë„¤ìš”
305,í‘œë¸”ë¦¬,ë‹¤ì‹œ ì‹œìž‘ì¸ê°€
306,ë‚´ì ëŒ„ìŠ¤,33ìœ„ã…‹ã…‹ã…‹ã…‹ã…‹ã…‹ã…‹ã…‹ã…‹ã…‹ã…‹ã…‹
307,sbs***,3ì›”31ì¼ ì˜¤í›„3ì‹œ51ë¶„ê¸°ì¤€ 36ìœ„ ë¯¸ì³¤ë‹¼ã…‹ã…‹ã…‹
308,blo***,ì—­ì‹œ ë²šê½ƒì¢€ë¹„
309,tan***,ë˜ë‹¤ì‹œì´ë…¸ëž˜ê°€ì°¨íŠ¸ì—ìŠ¤ë©€ìŠ¤ë©€ê¸°ì–´ì˜¬ë¼ì˜¨ë‹¤
310,íƒ€ì´íƒ€ë‹‰,ë²šê½ƒì½”ì¸ ã…‹ã…‹
311,YarnBer,ìš”ì¦˜ ë²šê½ƒí•€ ë‚˜ë¬´ë„ ìžˆë”ë¼ã…‹ã…‹
312,ë„ˆì—ê²Œê°„ë‹¤,í˜„ìž¬ 38ìœ„ ã…‹
313,dud***,ì˜¬í•´ëŠ” ì–¸ì œ 1ìœ„ ì°ì„ì§€ ê¸°ëŒ€ë˜ë„¹ ã…‹ã…‹
314,junhwanlee,ë˜ì™”ë…¸? ê·¸ê³„ì ˆ
315,ë€½,ìŠ¬ìŠ¬ ì˜¬ë¼ì˜¤ë„¤ ë²Œì¨ 50ìœ„ ì•ˆ
316,ë‹¤ì‚°,ì´ë…¸ëž˜ê°€ ê±°ë¦¬ì—ì„œ í˜ëŸ¬ë‚˜ì˜¤ë©´ ë´„ì´ ì™”êµ¬ë‚˜ ì‹¤ê°í•¨
317,ntw***,ì—°ê¸ˆ ë³´íƒœëŸ¬ ì™”ìŠµë‹ˆë‹¤. ì˜¬í•´ë„ ìž˜ë¶€íƒ ë“œë¦½ë‹ˆë‹¤ã…‹ã…‹
318,gg,ì§„ì§œ ë´„ì´ ì—†ì–´ì ¸ì„œ ì´ ë…¸ëž˜ë¥¼ ë“£ê³  ì´ê²Œ ë´„ì˜€ë‹¤ ë¼ê³  ë§í•  ìˆ˜ ìžˆëŠ” ë…¸ëž˜ë‹¤....ë§˜ì´ ë­‰í´í•˜ê³  ì„¤ë ˆëŠ” ëŠë‚Œì´ì•¼ã… 
319,ë¸”ë§ê½,ì•„ë§ˆ ê³§.. ë˜ ë‹¤ì‹œ ì˜¬ë¼ì˜¬ ë²šê½ƒì—°ê¸ˆ ã…‹ã…‹
320,dkf***,ì¢€ë¹„ê°€ê¹¨ì–´ë‚˜ê³ ìžˆë‹¤
321,dan***,ì–¸ì œë“¤ì–´ë„ ì¢‹ë‹¤ ã…‹ã…‹ã…‹ã…‹
322,LAB917,í¿.. ë²šê½ƒ ê°œí™”ì‹œê¸°ì™€ ì„¸íŠ¸ë°”ë¦¬ë¡œ ìŠ¤ë¯ˆìŠ¤ë¯ˆ ë¯¼ìš”ë“±ìž¥..ðŸŒ¸
323,ðŸ,ê·¸ ë…¸ëž˜ ë˜ ê·¸ ë…¸ëž˜í–ˆë„¤ã…‹ã…‹
324,ë¿Œì…”ë¿Œì…”ì–‘ë…ì¹˜í‚¨ë§›,ìŠ¬ìŠ¬ ì˜¤ëŠ”êµ¬ë‚˜ ë´„ì´
325,mra***,ê³§ ì°¨íŠ¸100ì•ˆì—ë“¤ê² ì§€ ë²šê½ƒì¶•ì œ ì–¼ë§ˆì•ˆë‚¨ì•˜ë‹¤
326,jen.,ë´„ë§Œ ë˜ë©´ ì˜¬ë¼ì˜¤ëŠ” ê·¸ ë…¸ëž˜...!
327,anzin,ë´„ì´ì¢‹ëƒ ëŒ€ë¦¬ê³  ì˜¬ë¼ì˜¤ëŠ”ì¤‘ì´ë„¤ ã…‹ã…‹ã…‹ã…‹ã…‹ã…‹ã…‹
328,ì¢‹ì•„í•œë‹¤ë‹ˆê¹Œ,ì´ì œ ë˜ ìŠ¤ë©€ìŠ¤ë©€ ì°¨íŠ¸ë¡œ ì˜¬ë¼ì˜¬ ë•Œê°€...
329,ë¯¸ë‹˜,ë²šê½ƒì—”ë”©ê³¼ í•¨ê»˜ ë´„ì´ ì™”ë„¤ìš” â™¡
330,ã…‡ã…‡ã…‡ã…‡ã…‡,ì´ë²ˆ ë´„ì—ë„ ë‹¤ì‹œ ë“¤ìœ¼ëŸ¬ ì™”ë‹¤ !ì—°ê¸ˆ ê°€ì¦ˆì•„ã…ã…ã…
331,eun***,ë…¸ëž˜ê°€ ì¢‹ìœ¼ë‹ˆê¹Œ ì°¾ëŠ” ê³¡ ì¤‘ í•˜ë‚˜ê² ì§€.
332,pan***,ìž ê³§ ë´„ì´ë‹¤.. ë˜ ê°€ì¦ˆì•„!!!
333,í•˜ì¿ ì—„ë§ˆìŠˆí™”,ì¿¨íƒ€ìž„ ëë‹¤
334,ì„œí™”,ì–˜ë„ ì§„ì§œ ì—­ì£¼í–‰ ì§€ë¦°ë‹¤...ë§¤ë…„ ë²šê½ƒí•„ë•Œë§ˆë‹¤...
335,Moon,ë´„ì´ ë˜ ì™”ë„¤ ã…‹ã…‹ã…‹ã…‹ã…‹ã…‹ã…‹
336,hai***,ì§„ì§œ ë´„ë˜ë©´ ë“£ê³ ì‹¶ì€ë…¸ëž˜ 1ìœ„ã… ã… ã… ã… 
337,keu***,ì™€ ì¶”ì–µë‹ëŠ”ë‹¤... ë…¸ëž˜ë“¤ìœ¼ë©´ì„œ ì¶”ì–µë– ì˜¤ë¥´ê³  ì•„ë ¨í•˜ê³  ë§‰ ê¸°ë¶„ ì´ìƒí•œë° ì¢‹ìœ¼ë„¤ ë°œë§¤ëœì§€ ê½¤ ë¬ëŠ”ë° ì „í˜€ ì´ŒìŠ¤ëŸ½ì§€ ì•Šê³  ê± ëª…ê³¡ì´ë‹¤ã… ã… ã… ã… 
338,í—¤ì´ì¦ˆë‹¤ë¹„ì¹˜,ì¡´ë²„ì¶©ë“¤ì´ ë¹›ì„ ë°œí• ë•Œë–¡ìƒì¤‘
339,ì§€ì´ë‹ˆì´â™¡,ìŠ¬ìŠ¬ ë‹¤ì‹œ ì˜¬ë¼ì˜¤ëŠ”êµ¬ë‚˜ã…‹ã…‹ã…‹ã…‹ã…‹ã…‹ã…‹
340,sol***,ìœ„ë¡œ ê°€ì¦ˆì•„!
341,ë¦¬ë””ì•„,3/16ì¼ 125ìœ„ ì‹¤í™”ëƒ ã…‹ã…‹ã…‹ã…‹
342,ret***,ë²šê½ƒì¢€ë¹„ ì»´ì˜¨!!!!
343,net***,ì§ˆë¦¬ì§€ì•Šê³  ë´„ë§Œë˜ë©´ ìƒê°ë‚˜ëŠ” ë…¸ëž˜
344,ã…ˆã…Ž,ìŠ¤ë¯ˆìŠ¤ë¯ˆ
345,ë² ë¡œë‹ˆì¹´,ë‚´ê°€ ìŠ¤ë¬´ì‚´ë•Œ ìº í¼ìŠ¤ì—ì„œ ë²šê½ƒë³´ê³  ë“¤ì—ˆë˜ ë…¸ëž˜ì¸ë°...ë²šê½ƒí’ê²½ë„ ê·¸ëŒ€ë¡œê³  ë…¸ëž˜ë„ ê·¸ëŒ€ë¡œì¸ë° ë‚˜ë§Œ ë³€í–ˆë„¤
346,ìƒˆìš°ê½,ëª©ë¡ì— ì¶”ê°€í•˜ì˜€ìŠµë‹ˆë‹¤.
347,ìƒì€,ë…¸ëž˜ ëœ¬ê±° ë³´ë‹ˆê¹ ë´„ì´ì™”ë„¤ ..ë‚´ë…„ì—ëŠ” ë‚¨ìžì¹œêµ¬ëž‘ ë“¤ì–´ì•¼ì§€ í•˜ê³  ë‹¤ì§í–ˆëŠ”ë° ë²Œì¨ 3ë…„ì§¸ ë‹¤ì§ë§Œ í•˜ë„¤
348,azs***,ë²›ê½ƒì¢€ë¹„ê°€ ìŠ¤ë¬¼ìŠ¤ë¬¼~~ë´„ì´êµ¬ë‚˜~ðŸŒ¸
349,ì¼ê³±ì‹œë°˜,ì´ê³¡ì´2012ë…„ ë…¸ëž˜ë¼ë‹ˆ...
350,aruman12,ë´„ì´ ì™”ì–´ì—¬ã…‹ã…‹ã…‹ã…‹
351,kek***,ëˆ„êµ°ê°€ ê·¸ëž¬ë‹¤ í›„ì— ë²šê½ƒì´ ì—†ì–´ì¡Œì„ë•Œ ë²šê½ƒì´ ì–´ë–¤ ëŠë‚Œì¸ì§€ ì•Œë ¤ì¤„ ëµê³¡ì´ë¼ê³ ðŸ‘ðŸ»ðŸŒ¸
352,ari***,4ì›”ì´ ë‹¤ê°€ì™€ì„œ ë‹¤ì‹œ ë“£ëŠ” ì¤‘ì–¸ì œ ë“¤ì–´ë„ ì¢‹ë‹¤ðŸ˜Š
353,ë¿Œìš”,ë²šê½ƒ êº¼ì ¸!!!!!!!!!!!!!!
354,ret***,ã… ã… ã… ã… ã… ã… 
355,ìœ¤ë´„,í¬í¬ ìž¬ìƒëª©ë¡ ìž¥-ì°©
356,ë‹¬í† ë¼,ì´ë²ˆ ë´„ì—ë„ ë“¤ìœ¼ëŸ¬ ì™”ë„¤ìš”ðŸŒ¸
357,jjh***,ë²”ì¤€ì´í˜• ì—°ê¸ˆë‚˜ì˜¬ë•Œê°€ ëŒì•„ì™”ìŠµë‹ˆë‹¤.
358,ghs***,ë‚´ê°€ì˜ˆìƒí•˜ëŠ”ë° ë‹¤ìŒë‹¬ 8ì¼ì— ì ˆì •ì— ë„ë‹¬í•œë‹¤
359,kim***,ë‹¤ìŒì£¼ ë´„ì´ëžë‹ˆë‹¤
360,oye***,ë˜ë‹¤ì‹œ ë²—ê½ƒì—”ë”©ì´ ìŠ¤ë¬¼ìŠ¤ë¬¼ ê¸°ì–´ë‚˜ì˜¤ëŠ”ë“¯..ã…Ž
361,ì•™ang123,ë²šê½ƒë¹ŒëŸ°ì´ ë“±ìž¥í•  ì°¨ë¡€ì¸ê°€..
362,jh6***,ì´ ë…¸ëž˜ë¥¼ ë“¤ìœ¼ë©´ ê·¸ëƒ¥ ìž¬ë°Œì—ˆë˜ ê¸°ì–µë“¤ì´ ë§‰ ìƒê°ë‚˜ê³  ì¢‹ì€ê²ƒë“¤ì´ ë§‰ ë¨¸ë¦¿ì†ì— íšŒìƒë˜ìš” ì‹ ë‚˜ê³  ì •ë§ ì¢‹ì•„ìš” ì²«ì‚¬ëž‘ ê°™ì€ ë…¸ëž˜ìž…ë‹ˆë‹¤....
363,dlf***,ìŠ¤ë¬¼ìŠ¤ë¬¼ ë˜ ì˜¬ë¼ì˜¤ëŠ”êµ¬ë‚˜ ë²šê½ƒì¢€ë¹„
364,sh0***,ì´ì œ ë–¡ìƒí•©ë‹ˆë‹¤ ì§€ê¸ˆ ë“¤ì–´ê°€ì„¸ìš”
365,ì—¬ëŠ¬,ìŒì•…êµê³¼ì„œì— ì‹¤ë ¤í•  ë…¸ëž˜
366,gml***,ë´„ ê°€ì¦ˆì•„
367,bus***,"ë°˜ê°‘ë„¤ìš”, ì´ ë…¸ëž˜ê°€ ëŒì•„ì˜¤ë‹ˆ ë´„ë„ ê°™ì´ ì°¾ì•„ì™”êµ°ìš”ðŸ˜†ðŸ˜Š"
368,wjd***,ë´„ë˜ë‹ˆê¹ ìŠ¤ë©€ìŠ¤ë©€ ì˜¬ë¼ì˜¤ë„¤ ã…‹ã…‹ã…‹ã…‹ã…‹ã…‹ã…‹
369,dks***,ì˜¬ ë´„ë„ ìž˜ë¶€íƒí•´ìš” !!!
370,tea***,ë´„ ì‹œìž‘í•©ë‹ˆë‹¤!ì˜¬ë¼ì˜¤ì‹­ì‡¼!!
371,nmh***,ë´„ì´ë‹¤ ì´ì œ
372,denensa,2018ë…„ ë´„ì´ ì½”ì•žì´ë‹¤..
373,mkh***,ì„±ì§€ ìˆœë¡€ì™”ìŠµë‹ˆë‹¤.ì˜¬í•´ ë´„ì—ëŠ” ë²šê½ƒêµ¬ê²½ ê°ˆìˆ˜ ìžˆê¸¸ë‘˜ì´
374,dan***,ì—­ì£¼í–‰ ê°€ì¦ˆì•„!!!!!
375,jen.,ìŠ¬ìŠ¬ ì—­ì£¼í–‰í• ë•Œê°€ ëêµ°.
376,sks***,"ì„±ì§€ì™”ìŠµë‹ˆë‹¤ ì˜¬í•´ëŠ” ì´ìœì—°ì• í•˜ê²Œ í•´ì£¼ì„¸ìš”,"
377,ë¯•ë¯•ì´,ë´„ì´ ì˜¤ë©´ ìƒê°ë‚˜ëŠ” ë…¸ëž˜ì™œ ì´ëŸ¬ì§€ ì´ë§Œ ë†“ì•„ì¤„ë•Œê°€ ëœê²ƒê°™ì€ë°ë²šê½ƒì´ ìƒê°ë‚ ë•Œë§ˆë‹¤ ë“£ê²Œëœë‹¤
378,ksk***,ì˜¨ë‹¤ ìž‘ë…„ì—ë„ ì´ì¯¤ì— ì°¨íŠ¸ì¸ ê°€ì¦ˆì•„ã…ã…ã…
379,ì•„ë³´ì¹´ë„,ã…‹ã…‹ã…‹ã…‹ã…‹ë‚ ì”¨ ì¢€ í’€ë¦¬ë‹ˆê¹Œ ê·€ì‹ ê°™ì´ ì°¨íŠ¸ì¸ã„·ã„·
380,ë‡½ì§±ê³¼í•¨ê»˜í•˜ëŠ”ìŒì•…ì‹œê°„,ì§€ê¸ˆë¶€í„°ë“¤ì–´ì•¼ì§€
381,jae***,ìš°ë¦¬ ìŒì•…êµê³¼ì„œì— ì‹¤ë¦¼ã…‹ã…‹ã…‹ã…‹ã…‹ã…‹ã…‹ã…‹
382,kin***,ì´ì •ë„ë©´ í•œêµ­ì˜ ë´„ì€ ì´ê±°ë‹¤ë¼ í•˜ê² ë„¤ìš”
383,lee***,ë´„ì´ ì™”ì„ ë•Œ ë¿ë§Œ ì•„ë‹ˆë¼ ë´„ì´ ê·¸ë¦¬ì›Œì§ˆ ë•Œë„ ë“¤ìŒã… 
384,ë‹‰ë„¤ìž„,ìž˜ì§€ëƒˆë‚˜ìš” ã…Žã…Ž ì˜¬í•´ ë´„ë„ ìž˜ ë¶€íƒí•´ìš”â™¥
385,ëšë”°ë¼ë‹¥ë‹¥ëšë”±ë”±,ê°€ì¦ˆì•„ã…ã…
386,ëª°ëž‘ëª°,ê°€ì¦ˆì•„!!!!!!!!
387,ã…‡ã……ã…‡,ì–¸ì œì™€..
388,ë‹»ë³„,ë¹„í‹€ì¦ˆ ê¸‰.. ì•„ë‹ˆ !..ë´„ì—ëŠ” .. ê·¸ ì´ìƒ??
389,fan***,êµ­ë¯¼ë´„ê°€ìš”
390,0asis,ì´ ë…¸ëž˜ ì²˜ìŒ ë‚˜ì™”ì„ ë•Œê°€ ìƒê°ë‚˜ë„¤ìš”. ë‚˜ì˜¨ì§€ ë©°ì¹  ë˜ì§€ë„ ì•Šì•„ ìž…ëŒ€í–ˆëŠ”ë° í•˜í•„ í•´êµ°ìœ¼ë¡œ ìž…ëŒ€í•˜ê²Œ ë˜ì–´ì„œ êµ°í•­ì œ ëë‚¬ì„ ì¦ˆìŒì´ì—ˆì£ . ë´„ë°”ëžŒê³¼ ë§ˆì§€ë§‰ ë²šê½ƒì„ ë§žìœ¼ë©´ì„œ ë“¤ì–´ê°”ëŠ”ë°ã… íž˜ë“¤ ë• ì´ ë…¸ëž˜ë¥¼ ìƒê°í•˜ê³  ë§ˆìŒì†ìœ¼ë¡œ ë¶ˆëŸ¬ë³´ê³ ì•„ ë‚˜ì¤‘ì— ì´ ê±°ì§€ê°™ì€ ê³³ì€ ì—¬ìžì¹œêµ¬ìƒê¸°ë©´ ë‹¤ì‹œ ì™€ì„œ ì¢‹ì€ ê¸°ì–µìœ¼ë¡œ ì±„ì›Œì•¼ì§€ ìƒê°í•˜ê³ ã…Žã…Ž ê·¸ëƒ¥ ì´ ë…¸ëž˜ ë“¤ìœ¼ë©´ ê·¸ ë•Œ ê·¸ ê¸°ì–µì´ ì‚´ëž‘ì‚´ëž‘ ë¶ˆì–´ì™€ ì œ ë§ˆìŒ í•œì¼ ì„ í”ë“œë„¤ìš”.
391,osh***,"ë¦¬ë·°ê°€ 2,3,4,5ì›”ì— ëª°ë ¤ìžˆìŒ ã„·ã„·"
392,ë°’,í•œì—¬ë¦„ ì¡°ìš©í•œ ìƒˆë²½ì— ë“¤ì–´ë„ ë§˜ì— ë§‰ ê´œížˆ ì„¤ë ˆê³  ì•„ë ¨í•˜ê³  ê·¸ëŸ¬ë„¤... ì•„ë¬´ ì¶”ì–µë„ ì—†ëŠ”ë° ã…¡ã…¡
393,ë‹‰ë„¤ìž„,ë‚´ë…„ì— ë´ìš” ê³ ë§ˆì› ì–´ìš”
394,ã…‡,ì´ì •ë„ë©´ ë²šê½ƒ ì¢€ë¹„ ì•„ë‹ˆëƒ
395,pcs***,ì˜ˆ~yes
396,snafu,ìž¥ë²”ì¤€ ì¢‹ê² ë‹¤ ë§¤ë…„ ë²šê½ƒì—°ê¸ˆ ë„ˆì˜¤ê³ 
397,joa***,ë´„ì´ë‹¤!
398,yun***,ê± ê¸¸ê°€ë‹¤ ì´ë…¸ëž˜ë“¤ë¦¬ë©´ ë´„ì˜¨ê±°ìž„ ì….
399,wns***,ê·¸ëƒ¥ ë²—ê½ƒì¢€ë¹„ë‹˜ ì–´ì„œì˜¤ì„¸ìš” ã…Žã…Ž
400,ë‹‰ë„¤ìž„ì„ìž…ë ¥,ë´„ì— ë­ë“£ì§€ í•˜ë‹¤ê°€ ê²°êµ­ ì´ê±° ë“£ê²ŒëŒ..ì´ê²ƒë§Œí¼ ë´„ì„ ì œëŒ€ë¡œ í‘œí˜„í•œ ë…¸ëž˜ê°€ ì—†ì–´ëˆ„ê°€ê·¸ëž¬ì§€ ë¯¸ëž˜ì— ë´„ì´ì—†ì–´ì§€ë©´ì´ë…¸ëž˜ ë“¤ë ¤ì£¼ë©´ ëœë‹¤ê³  ì´ê²Œë´„ì´ë¼ê³ 
401,big***,592ê¸°ì¯¤  ë˜ì‹œê² ë„¤ìš” ã…‹ã…‹ã…‹ã…‹ã…‹  ìˆ˜ë³‘ë‹˜  ì €ëŠ”  600ê¸°ìž…ë‹ˆë‹¤   ã…‹ã…‹ã…‹ã…‹ã…‹ã…‹
402,kkm***,ëˆ„ê°€ ê·¸ëž¬ëŠ”ë°
403,tna***,zmz***ì´ ê·¸ëž¬ëŠ”ë°?
404,sm1***,ê·¸ë“¤ì´ ë˜ë‹¤ì‹œ ì˜¨ë‹¤..
405,zmz***,ì•„ë§ˆ ë´„ì´ ì—†ì–´ì§„ë‹¤ë©´ ì´ ë…¸ëž  í‹€ë©°ì´ê²Œ ë´„ ì´ë¼ê³  ë§í•´ë„ ë  ì •ë„ë‹¤..
406,ë‹¨ì§€,ë²›ê½ƒì—”ë”© ë˜ ì°¨íŠ¸ ìœ„ë¡œ ì˜¬ë¼ì˜¨ë‹¤
407,ìœ ë™,ë²„ìŠ¤ì»¤ë²„ìŠ¤ì»¤ ë…¸ëž˜ ì¤‘ ë“£ëŠ” ë…¸ëž˜ ë”± ë‘ê°œ ë´„ì— ì´ê±°ì—¬ë¦„ì— ì—¬ìˆ˜ë°¤ë°”ë‹¤
408,ëˆˆ,25ìœ„ ì‹¤í™”ëƒ
409,ëˆˆ,ì•„ë†” ë²šê½ƒì¢€ë¹„
410,jje***,ì–¸ì  ê°€ ë¯¸ëž˜ ì„¸ëŒ€ë“¤ êµê³¼ì„œì— ì‹¤ë¦´ê²ƒ ê°™ì•œã…‹ã…‹ã…‹ã…‹ã…‹ã…‹ã…‹ã…‹ã…‹ã…‹
411,big***,13ìœ„  ì‹¤í™”ë‚˜
412,dnj***,14ìœ„ì‹¤í™”ëƒ
413,ã…‡ã…‡,ë¹¨ë¦¬ ìœ„ë¡œ ì˜¬ë¼ê°€ë¼~~~!!
414,khj***,25ìœ„ ì‹¤í™”ëƒ
415,joa***,ì´ì œ ìŠ¬ìŠ¬~â™¡
416,Bootleg gir1,ì—°ê¸ˆ
417,6f,í˜ì˜¤
418,ã…ˆã…Ž,ë°˜ê°€ì›Œ ë²šê½ƒì¢€ë¹„ ! ðŸŒ¸
419,kkytime,ã…‹ã…‘.... ê·¸ ê°€ìˆ˜ì— ê·¸ íŒ¬ì´ë¡œì„¸
420,ì¼ì‚°í”ë‚¨,ë“£ì§€ë§ˆì˜„ã„²ã…‹ã…‹ã…‹í˜ì˜¤ë…¸ëž˜ë“£ëŠ”ê²Œ ì·¨ë¯¸ì„¸ìš”?
421,ì†¡í˜„í˜¸,ì¡·ê¹Œì„¸ìš”
422,ìœ¼ëŠëŠëŠìš°,ã…‹ã…‹ã…‹ë²Œì¨ 17ìœ„ë„¤
423,iee***,ê·¸ì¼¬
424,MIN,ë²šê½ƒê³„ì˜ ë¨¸ë¼ì´ì–´ìºë¦¬
425,dae***,ë…¸ëž˜ ë‚˜ì˜¬ ë‹¹ì‹œ ì´ë“±ë³‘ì´ë¼ ë…¸ëž˜ ë“¤ìœ¼ë©´ì„œ ë§ˆëŒ€ì§ˆ í•˜ê³  ìžˆì—ˆëŠ”ë° ì™œ ë§ˆëŒ€ì§ˆì´ í•˜ê³ ì‹¶ì–´ì§€ëƒ
426,jjh***,ì—¬ëŸ¬ë¶„ ëª¨ë‘ í—¤ì–´ì§€ì„¸ìš”
427,zzwjddkzz,ë²šê½ƒ ì—°ê¸ˆã…‹ã…‹
428,ssk,ê±°ì˜ ë´„ì˜ ì•„ë¦¬ëž‘ ì •ë„ë¨ã„·ã„·
429,ëˆˆ,ë²šê½ƒ ì—”ë”©ë²„ìŠ¤ì»¤ ë²„ìŠ¤ì»¤
430,,ì‘ ì´ì œ ë²šê½ƒì¢€ë¹„ê°€ ìŠ¬ìŠ¬ ì˜¬ë¼ì˜¤ëŠ”êµ°
431,í˜„,ì˜¬ë¼ì˜¬ë•Œ ë¬ìžë‚˜
432,ì§„êµ¬,ì˜¬ë¼ì˜¤ë„ˆë¼
433,insun,ì‚¬ëž‘í•˜ëŠ” ì—°ì¸ë“¤ì´ ë§Žêµ°ìš”ì•Œ ìˆ˜ ì—†ëŠ” ì¹œêµ¬ë“¤ì´ ë§Žì•„ìš”í©ë‚ ë¦¬ëŠ” ë²šê½ƒìžŽì´ ë§Žêµ°ìš” ì¢‹ì•„ìš”â™¡
434,ê¹€ê³°,ë²šê½ƒì—°ê¸ˆ ã…‹ã…‹ã…‹
435,ë‚´ë‚µë‹Œê°€ë‚˜,ê½ƒì´í”¼ëŠ”ê²Œ ë‹¹ì—°í•˜ë“¯ì´ ì´ ë…¸ëž˜ê°€ ì˜¬ë¼ì˜¤ëŠ”ê²ƒë„ ë‹¹ì—°
436,tjd***,#ë²šê½ƒìŠ¤íƒ€ê·¸ëž¨ #1í•™ë…„5ë°˜ #ë‹¤ìž  #í•™êµì§¸ê³ ì‹¶ìŒ #ì§ìž¥ì¸ê·¸ëž¨ #ë“œë¼ì´ë¸Œ #ë´„íƒ€ëŠ”ì¤‘ #ë²„ìŠ¤ì»¤ë²„ìŠ¤ì»¤ #ë›°ì–´ë‚´ë¦¬ê³ ì‹¶ë‹¤ê·¸ëž¨ #4ë²ˆí•™ìŠµì§€ #ì™¸ì›Œë¼
437,ë‹‰ë„¤ìž„ì„ìž…ë ¥,ë˜ë¥µ
438,ì´ì´,ì „ì§€í˜„ ë‹®ìœ¼ì‹ ê±°ê°™ì•„ìš”
439,ë‚´ì ëŒ„ìŠ¤,ì•„ë¦¬ëž‘ã…‹ã…‹ã…‹ã…‹ã…‹ã…‹ã…‹ã…‹ã…‹ã…‹ã…‹ã…‹ã…‹ã…‹ã…‹ã…‹ã…‹ã…‹ã…‹ã…‹ã…‹ã…‹ã…‹
440,lr9***,ê³ ë“±í•™êµ ë‹¤ë‹ ì  ì ì‹¬ì‹œê°„ì— ì´ ë…¸ëž˜ ë“¤ìœ¼ë©° ìš´ë™ìž¥ íŠ¸ëž™ ê±°ë‹ë˜ ê¸°ì–µì´ ë‚©ë‹ˆë‹¤. ì¢‹ì•„ìš”~~~~ðŸ˜Š
441,CakeFree,ì˜¬ë¼ê°„ë‹¤!ê½‰ìž¡ì•„!
442,mig***,ì‚¬ëž‘í•  ìˆ˜ ì—†ëŠ” ì‚¬ëžŒì¡°ì°¨ ì‚¬ëž‘í•˜ê²Œ ë§Œë“œëŠ” ë…¸ëž˜
443,wls***,ì˜¬ë¼ì™€ë¼~~~~~~~
444,ê°€ì¦ˆì•„ã…ã…,30ìœ„ ì§€ë ·ë‹¤ 15ìœ„ ì•ˆì— ê°€ìž ã…‹ã…‹ã…‹ã…‹ã…‹ã…‹
445,Black,ì˜¤ëŠ˜ì´ ë‚˜ì˜¨ì§€ ë”± 5ë…„ëœ ë‚ ì´ë„¤
446,ë‚´ì ëŒ„ìŠ¤,ã…ã…Š ë˜ì˜¬ë¼ì™”ì—Œã…‹ã…‹ã…‹ã…‹ã…‹ã…‹ã…‹ã…‹ã…‹ã…‹ã…‹ã…‹ã…‹ã…‹ã…‹ã…‹ã…‹ã…‹ã…‹ã…‹ã…‹ã…‹ã…‹ã…‹ã…‹ã…‹ã…‹ã…‹ã…‹ã…‹ã…‹ã…‹ã…‹ë´„ì´ë¼ë‹ˆ ì‹ ë‚œë‹¼ã…‹ã…‹ã…‹ã…‹ã…‹ã…‹ã…‹ã…‹ã…‹ã…‹ã…‹ã…‹ã…‹ã…‹ë¯¸ì„¸ë¨¼ì§€ë•Œë¬¸ì— ë´„ì¸ì¤„ë„ ëª°ëžë„¤
447,ì†¡í˜„í˜¸,1ë“± ì°ì–´ì•¼ì§€
448,youngforever,ì§€ê¸ˆë°”ë¡œ ë²šê½ƒì—°ê¸ˆ ê°€ìž…í•˜ì„¸ìš” ë…¸í›„ê±±ì • ëš!
449,ì¼ì‚°í”ë‚¨,ë¶„ë°œí•´ì•¼ì§€ ì—¬ê¸°ì„œ ë©ˆì¶”ëŠ”ê±´ ì•„ë‹ˆì§€
450,ì‘ë“€,ë˜ì˜¬ë¼ì˜´ã…‹ã…‹ã…‹
451,ë ˆì´í¬íž,ëª… ê³¡ ëª… ê³¡ ëª… ê³¡ ëª… ê³¡ ëª… ê³¡
452,ì‹ ë¹„,ë˜ ì˜¬ë¼ì™”ëƒ? ì •ë§ ì´ê±° ë‚˜ì˜¬ë•Œ ì œì¼ ìš¸ì»¥í–ˆë˜ê²Œ êµ°ëŒ€ì—ì„œ ê·¼ë¬´ì„¤ë•Œ ì·¨ì‚¬ìž¥ì—ì„œ ì´ ë…¸ëž˜ê°€ í˜ëŸ¬ë‚˜ì˜¬ë•Œ ë´„ì´ ì™”êµ¬ë‚˜ë¼ëŠ”ê±¸ ëŠë¼ê²Œ í•´ì¤¬ë˜ ë…¸ëž˜ê·¸ë¦¬ê³  ì´ ë…¸ëž˜ë¥¼ ë“¤ìœ¼ë©´ì„œ ì „ì—­ì„ í•´ì„œ ê¸°ì–µì— ë‚¨ëŠ” ë…¸ëž˜ë„¤ìš”.
453,ì¹¼ë£¨ì•„,ë§¤ë…„ ë“£ëŠ”ë° ë§¤ë…„ ì¢‹ê³  ì§ˆë¦¬ì§€ë„ ì•ŠìŒ...ëª…ê³¡ì´ë¼ê³  ë¶ˆëŸ¬ë„ ì†ìƒ‰ì—†ëŠ”..
454,ëµë™,"ë˜ ì‹œì¦Œì´ ëŒì•„ì™”ë„¤ìš”. ë§¤ë…„ ì´ ë…¸ëž˜ ë§Žì´ ë“£ëŠ”ë°, ë“¤ì„ ë•Œë§ˆë‹¤ ì •ë§ ì¢‹ìŠµë‹ˆë‹¤."
455,ì†¡í˜„í˜¸,ë¨¼ì§€ ë§›ìžˆì¡
456,ura***,ê·¸ê°€ì˜¨ë‹¤...ìž¥ë‹´í•˜ê±´ë° 4ì›”ì´ˆë¶€í„° ê½ƒ í”¼ê¸° ì‹œìž‘í•˜ë©´ ëª¨ë“  ìŒì›ì‚¬ì´íŠ¸ 99í¼ 1ìœ„ì°ëŠ”ë‹¤...
457,ë™ì„œê¸°,ì•ˆë…• ë²šê½ƒì—°ê¸ˆ~ ì˜¬í•´ë„ ìž˜ ë¶€íƒí•´ ã…‹ã…‹ã…‹ã…‹ã…‹ã…‹
458,qeu***,ì˜ˆìˆ˜ê°€ ë´„ì— íƒœì–´ë‚¬ì–´ë´.. ì´ê²Œ ì•„ì´ ìœ„ì‹œ ì–´ ë©”ë¦¬í¬ë¦¬ìŠ¤ë§ˆìŠ¤ ë˜ëŠ”ê±°ì§€
459,hEedONg,ë°¤ê½ƒì—”ë”©ë„ ë§Œë“¤ì–´ì¤˜ ë²”ì¤€ì´í˜•~~
460,ì˜¤í‚¤,ì´ì œ ë²—ì–´ë‚˜ê²Œ í•´ì¤˜ ì´ ì•…ë§ˆì•¼!
461,ess***,ë´„ì— ì´ë…¸ëž˜ê°€ ì—†ìœ¼ë©´ ì´ì œ ì‹¬ì‹¬í•˜ë‹¤..
462,ksk***,41ìœ„...ì˜¨ë‹¤ ë²šê½ƒì¢€ë¹„
463,stv***,ë²šê½ƒì¢€ë¹„..
464,iam***,ê¸¸ê±°ë¦¬ì—ì„œ ë´„ì— ì´ë…¸ëž˜ ì•ˆë‚˜ì˜¤ë©´ ì´ìƒí•œ....
465,ê°€ì¦ˆì•„ã…ã…,ã…‹ã…‹ã…‹ã…‹ã…‹ã…‹ã…‹ã…‹66ìœ„ ì‹¤í™”ëƒ¨ã…‹ã…‹ã…‹ã…‹ ì—­ì‹œ ë²šê½ƒì—°ê¸ˆì´ë„¤ ì´ ì •ë„ë©´ ê±°ì˜ ì• êµ­ê°€ ìˆ˜ì¤€ ã…‹ã…‹ã…‹ã…‹ã…‹ã…‹ ì°¨ë¼ë¦¬ ë´„ì— ì• êµ­ê°€ ëŒ€ì‹  ì´ê±¸ ë¶€ë¥´ëŠ”ê²Œ ë” ë‚˜ì„ ë“¯ã…‹ã…‹ã…‹ã…‹ã…‹
466,ìœ¤ë´„,ì™€...ë²Œì¨ 6ë…„ì§¸ ë´„ë§Œì™”ë‹¤í•˜ë©´ ì˜¬ë¼ì˜¤ëŠ”êµ¬ë‚˜ ì§ˆë¦´ë§Œë„í•œë° ê·¸ëž˜ë„ ì¢‹ë‹¤ã… ã… ã…œã… 10ë…„ì´ê³ 100ë…„ì´ê³  ë´„ìºëŸ´ íƒ‘ í•´ë“œì„¸ìš”ã…œã…œã…œâ™¡
467,sun***,ìŠ¬ê¸ˆìŠ¬ê¸ˆ ì˜¬ë¼ì˜¤ëŠ”ê±° ë³´ë‹ˆ ë´„ì´ë„¤
468,jos***,ì˜¬í•´ë„ ì—­ì‹œ ë²šê½ƒì—”ë”©~~~~~
469,ë€¨ìš°,100ë…„ë’¤ì— ìš°ë¦¬ ë¯¼ì¡±ì˜ ë´„ ë¯¼ìš”ë¡œ êµê³¼ì„œì— ì‹¤ë¦¬ëŠ”ê±° ì•„ë‹ˆëƒ
470,ysy***,êµ­ë¯¼ì—°ê¸ˆì†¡ì´ ìŠ¬ê¸ˆìŠ¬ê¸ˆ ì˜¬ë¼ì˜¤ê¸° ì‹œìž‘í•©ë‹ˆë‹¤
471,ì¼ì‚°í”ë‚¨,ê·¸ê±´ ì•„ë‹ˆì—ìš”.....ì œìž‘ë…„ë¶€í„° 10ìœ„ë„ ê°„ë‹¹ê°„ë‹¹ì´ì˜€ëŠ”ë°....ã…‹ã…Ž
472,ì†¡í˜„í˜¸,ì—°ê¸ˆì´ê¸´í•œë° ìžŠí˜€ì§€ê³ ìžˆìŒ
473,jin***,ë°¤ê½ƒ? ã…‹ã…‹
474,exp***,ã…‹ã…‹ã…‹ã…‹ã…‹ã…‹ã…‹
475,KBS,ë²Œì¨ êµê³¼ì„œì—ëŠ” ìžˆìŒ ã…‹ã…‹ã…‹ìŒì•…ì±…
476,ì•„íž›ëŽ€ðŸŒŒ,ì–´ì—Œã…‹ã…‹ã…‹ã…‹ã…‹ êµê³¼ì„œã…‹ã…‹ã…‹ã…‹ì‹¬ì§€ì–´ ë²Œì¨ ìžˆëŒ˜ã…‹ã…‹ã…‹ã…‹ã…‹
477,ì°¨ì¼ë“œ,ì™€ ìš”ì¦˜êµê³¼ì„œëŠ” ì§„ì§œ ì„¼ì„¸ì´ì…”ë„í•˜êµ¬ë§Œ
478,ìž˜ìžìš”,ìŠ¬ìŠ¬ ì¹˜ê³  ì˜¬ë¼ì˜¤ë„¤
479,sgl***,ì¢‹ë‹¤!!ë´„ì´ì™”ë„¤ìš”ðŸ˜ðŸ˜
480,kms***,17ë…„ì—ë„ ì£½ì§€ì•Šê³  ë˜ì™”ë„¤ ã…‹ã…‹ã…‹ã…‹ã…‹
481,ina***,12ë…„ë„ì— ë‚˜ì™€ì„œ ì „ì„±ê¸°1ë…„ê°„ ìŠ¤íŠ¸ë¦¬ë° ì§‘ê³„ì•ˆëëŠ”ë° 2ì²œë§Œì´ë¼ë‹ˆ ëŒ€ëŒ€ë‚˜ë‹¤
482,wsu***,ì™€ë¼ì™€ë¼ ì˜¬ë¼ì™€ë¼
483,ssk***,ì¶œì·!
484,íƒ±êµ¬9,ì´ê²Œ 5ë…„ì „ ë…¸ëžœë° ì§€ê¸ˆ 57ìœ„ë©´ã…Žã„·ã„·ã„·ì´ë²ˆë…„ ìž¬ìƒìˆ˜ 2000ë§Œ ê¸°ë¡í•˜ê² ë‹¤
485,gkw***,ì§„ì§œ ëµê³¡ì¤‘ì— ëµê³¡ì´ë‹¤
486,aaa***,ì´ ë…¸ëž˜ê°€ ë“£ê³ ì‹¶ì€ê±¸ ë³´ë‹ˆ ë´„ì´ì™”ë„¤
487,ì›ì¸ì–´ë°€ë¦¬ì–¸!!,ìž¥ë²”ì¤€ ì´ê±¸ë¡œ 60ì–µ ë²Œì—ˆë‹¤ëŠ”ë° ì €ìž‘ê¶Œë£Œë§Œ ...ì—°ê¸ˆë³µê¶Œë³´ë‹¤ ë”ì¢‹ì€ê±°ë‹¤
488,dk2***,ë‚ ì”¨ê°€ ë”°ëœ»í•´ì§€ë©´ ìžì—°ìŠ¤ë ˆ ì°¾ê²Œ ë˜ëŠ” ê³¡ðŸ‘ðŸ’•
489,ê¹€ìžë¼,ë‚˜ë„ ì´ëŸ° ì—°ê¸ˆí•˜ë‚˜ìžˆìŒ ì¢‹ê² ë‹¹
490,1004ë‹¤,ì—¬ëŸ¬ë¶„ ìž˜ë§Œë“ ë…¸ëž˜í•œê³¡ì´ ì´ë ‡ê²Œ ë¬´ì„­ìŠµë‹ˆë‹¤
491,wnd***,ê·¸ëŒ€ì—¬~ë¥¼ í¥ì–¼ê±°ë¦¬ê³  ìžˆëŠ” ë‚˜ë¥¼ ë°˜ê²¬í–ˆë‹¤...ì˜¬í•´ë„ ë‚´ê°€ì¡Œë‹¤ ..
492,hsu***,í— ë²šê½ƒì—”ë”© íƒ€ìž„ ì™”ë‹¤
493,ë°•ë²”ìˆ˜,ì´ê³¡ì€ 2012ë…„ 3ì›” 29ì¼ë‚  ë‚˜ì˜¨ ë…¸ëž˜ìž…ë‹ˆë‹¤. 5ë…„ì´ì§€ë‚œ ì§€ê¸ˆê¹Œì§€ë„ ë´„ì´ë˜ë©´ 100ìœ„ê¶Œ ì•ˆì— ë¨¸ë¬´ë¥´ëŠ”ê±° ìžì²´ê°€ ëŒ€ë‹¨í•˜ë‹¤ê³  ë´…ë‹ˆë‹¤.ðŸ‘ðŸ‘
494,ìž„íŒŒì¸,ì–´ì–´? ë˜ ì˜¬ë¼ì˜¨ë‹¤..ã…Žã„·
495,ëª©ë ¨,ë²šê½ƒì—°ê¸ˆ ì°¨íŠ¸ ì§„ìž… 100ìœ„ 2017.3.15 21ì‹œ
496,dbf***,ì•„ë‹ˆ ë­”ë° ë˜ ìˆœìœ„ê¶Œì´ì–”ã…‹ã…‹ã…‹ã…‹ã…‹ã…‹ã…‹ã…‹ã…‹ì´ì œ ë´„ì´êµ¬ë‚°ã…‹ã…‹ã…‹ã…‹
497,bon***,ë‚˜ì¤‘ì— ë´„ì´ì—†ì–´ì ¸ë„ ë´„ì„ ëŠë‚„ìˆ˜ìžˆëŠ” ë…¸ëž˜ì£ ..
498,ë°”ëžŒë³„ëž‘,ì˜¬ë´„ì—ëŠ” ì´ ë…¸ëž˜ í‹€ë©´...ì•„ì˜ˆ ë§¤ìž¥ ì•ˆë“¤ì–´ ê°ˆë ¤ê³  ã…‹
499,ë¬œí™”,ê±°ì°¸ ì§€ê²¨ìš´ë°..ë´„ë§Œ ë˜ë©´ ë“£ê³  ìžˆëŠ”...
500,ê°€ë‚˜ë‹¤,ë²šê½ƒì¢€ë¹„ ë˜ ì˜¬ë¼ì™”ë„¤..ì§„ì§œ ëŒ€ë‹¨..
501,skd***,ë²„ìŠ¤ì»¤ë²„ìŠ¤ì»¤ ë²šê½ƒê¸¸ë§Œ ê±·ìž
502,sim***,ë§¤ë…„ ì°¨íŠ¸ì— ë‹¤ì‹œ ì˜¬ë¼ì„œë„ ëˆ„êµ¬ë„ ì‹«ì–´í•˜ëŠ” ì‚¬ëžŒì—†ëŠ”.. ìŒì•…êµê³¼ì„œì— ì‹¤ë ¤ë„ ë ë“¯í•œ ë…¸ëž˜ì¸ë“¯
503,wls***,ì´ ë…¸ëž˜ê°€ ì°¨íŠ¸ì— ë‹¤ì‹œë‚˜ì˜¤ëŠ”êµ¬ë‚˜ ë´„ì´ì˜¨ë‹¤ ã…Žã…Žã…Ž
504,ncs***,"ë¶„ìœ„ê¸° ëª©ì†Œë¦¬ ë©œë¡œë”” ê·¸ëƒ¥ ë´„, ë”°ëœ»í•¨, ì‚¬ëž‘ ì´ëŸ° ê±°ì— ìµœì í™”ì¸ë“¯"
505,ì•ˆë¬¼,ì†”ì§ížˆ ì´ê²Œ í•œêµ­ ë´„ìºë¡¤ì¤‘ íƒ‘ì´ë¼ëŠ”ê±´ ë¶€ì •í• ìˆ˜ì—†ëŠ” ì‚¬ì‹¤ìž„
506,ëŒ€ë‚˜ë¬´,êµ¬íƒœì—¬ êµ¬íƒœì—¬ êµ¬íƒœì—¬ ì œ êµ¬íƒœì—¬
507,ë°”ë³´,ë´„ì´ë©´ ì´ ë…¸ëž˜ê°€ ìƒê°ë‚˜ë„¤...ã…Žã…Ž
508,tjf***,7ë…„...
509,ë‹¬ðŸŒ™,ì„¸ìƒì— 7ë…„ì „ ë‚´ ìƒì¼ ë•Œ ë‚˜ì˜¨ ë…¸ëž˜ì˜€ì–´..
510,rob***,ì €ëŠ” ê°œì¸ì ìœ¼ë¡œ ëª°ëžë˜ ì´í›„ì— EPì†Œë¦¬ì™€ ë©œë¡œë””ê°€ ì‹ ì„ í•´ì„œ ì„¤ë ˆì´ëŠ”ê²ƒê°™ì•„ì—¬ ã…Žã…Ž
511,ìž„íŒŒì¸,ì´ë²ˆ ë´„ì—ëŠ” ì§‘ì—ë§Œ ê³„ì‹œê² ë„¤ìš”
512,ë°”ëžŒë³„ëž‘,ê·¸ëŸ´ë ¤êµ¬ìš”. ë„ˆë¬´ ì§€ê¸‹ì§€ê¸‹~ (>.<)
513,J,ìŒì•…êµê³¼ì„œ ì¸ì •ã…Žã…Žã…Ž
514,KBS,ì €í¬ í•™êµ ìŒì•…êµê³¼ì„œì— ìžˆì–´ìš”~~
515,ê°€ì¦ˆì•„ã…ã…,ì—­ì‹œ ë´„í•˜ë©´ ì´ ë…¸ëž˜ë‹¤...ì´ì œ ì´ê±¸ ë“¤ì„ ë•Œê°€...
516,âœ¿,ë²šê½ƒì¢€ë¹„ ìŠ¬ìŠ¬ ì˜¬ë¼ì˜¨ë‹¤ã…‹ã…‹ã…‹ã…‹ã…‹ã…‹ã…‹ã…‹ã…‹ã…‹ã…‹ã…‹ã…‹ã…‹ã…‹
517,tjd***,ì˜¬í•´ëŠ” ì•ˆë³´ì´ë‚˜ ì‹¶ì—ˆëŠ”ë° 60ìœ„ëŒ€ë¥˜ ì‘¥ ì˜¬ë¼ì™€ìžˆë„¼ã…‹ã…‹ã…‹ã…‹ã…‹ã…‹ã…‹
518,pap***,ì˜¨ êµ­ë¯¼ì´ ê³ ìƒí–ˆë˜ ì¶”ìš´ê²¨ìš¸ì´ ì§€ë‚˜ê³  ì§„ì •í•œ ë´„ì´ ì™”ë‹¤â¤
519,whd***,ë§¤ë…„ ë“¤ì–´ë„ ì¢‹ë‹¤ ã…Žã…Ž
520,gus***,ê°œí™”ì‹œê¸°ê°€ 20ì¼ ì–¸ì €ë¦¬ì¯¤ìœ¼ë¡œ ì˜ˆìƒë˜ë‹ˆ ê·¸ë•Œë˜ë©´ ê± ë¶€í™œê°ìž„
521,wor***,3ì›”9ì¼ 104ìœ„ã…‹ã…‹
522,kim***,ê°™ì´ ë²šê½ƒê¸¸ ê±¸ì„ í›ˆë‚¨ êµ¬í•©ë‹ˆë‹¤ (0/1)
523,wor***,3ì›”8ì¼ 123ìœ„ã…‹ã…‹ã…‹
524,ëª©ë ¨,ì—°ê¸ˆ ã…‹ã…‹ã…‹3ì›” 7ì¼ 129ìœ„
525,sup***,ë´„ ì˜¤ê¸°ì „ì— ë²šê½ƒì—”ë”© ë¨¼ì € ì™”ë‹¤ ì´ê±°ì—ìš”.
526,ëš±,ì™€.. ë§¤ë…„ ì§ˆë ¸ë‹¤ê³  ìƒê°í•´ë„ ë´„ë˜ë©´ ë˜ ì¢‹ë„¤ã…‹ã…‹
527,re.appear,ìž¥ë²”ì¤€ ì§€ê¸ˆ ì§‘ì—ì„œ ê°ìž¬ê³ ìžˆìŒ
528,hoc***,ë´„ë„ ë²šê½ƒì—”ë”©ë¶€í„° ë“£ê³  ì˜¨ë‹¤ëŠ” ì†Œë¬¸ì´ ìžˆìŒ
529,ë²„ì¦ˆ,ã„¹ã…‡ ë´„ë§Œë˜ë©´ ìƒê°ë‚˜ë„¤ ã…‹ã…‹ã…‹ã…‹ã…‹ã…‹ã…‹ã…‹ã…‹
530,í™˜,ë‹¤ì‹œ ì°¨íŠ¸ê¶Œ ì§„ìž…
531,ë‹‰ë„´ëª¨ì•¼,ë²šê½ƒì—°ê¸ˆã…‹ã…‹ã…‹ã…‹ã…‹ã…‹ã…‹ã…‹ã…‹ã…‹ã…‹ã…‹ã…‹ã…‹ã…‹ã…‹ã…‹ã…‹ã…‹ã…‹
532,í›„ì´,ë´„ì˜ í•„ìˆ˜ ì²­ì·¨ê³¡~
533,die***,ì¢€ë¹„ì—”ë”©ì°¨íŠ¸ì— ë˜ ë“¤ì–´ì™”ë„¤..
534,mix***,ë´„ì´ë©´ ë²šê½ƒì—”ë”©ì´ ì •ì„ì´ì£ ã…Ž
535,Rapahel,ìžìž ì´ì œ 10ìœ„ê¶Œìœ¼ë¡œ ê°€ì‹¤ì‹œê°„ìž…ë‹ˆë‹¤
536,mkh***,ì°¨íŠ¸ì¸ ã…‹ã…‹ã…‹ ë‹¬ë ¤ë³´ìž
537,hjh***,ìž ì´ì œ ë²šê½ƒì¢€ë¹„ ê¹¨ì–´ë‚  ì‹œê°„ìž…ë‹ˆë‹¹ ìƒìœ„ê¶Œ ê°€ìŸˆã…‹ã…‹ã…Œã…Œ
538,Amaranth,"ë‚˜ëŠ” ì•„ë¬´ë ‡ì§€ ì•Šì•˜ëŠ”ë°, ê·¸ëƒ¥. ê·¸ëƒ¥. ì„¤ë œë‹¤. ë§ˆë•…í•œ ì´ìœ ë¥¼ ì°¾ì§€ëª»í•´, ê·¸ë ‡ê²Œ ë‘˜ëŸ¬ëŒ€ì—ˆë‹¤. ë´„ì´ ì‹œì¼°ë‹¤ê³ . ê·¸ëž˜ì„œ ë‘ê·¼ê±°ë ¸ë‹¤ê³ ."
539,ê°€ì¦ˆì•„ã…ã…,ë´„ë§Œ ë˜ë©´ ë²šê½ƒ ì¢€ë¹„ê°€ ì˜¬ë¼ì˜¤ë„¤....ã„·ã„·
540,sha***,ëŠ˜ ë´„ë§Œë˜ë©´ ì„¤ë ˆì´ëŠ” ë…¸ëž˜ðŸŽˆ
541,t97***,ë§¤ë…„ë“¤ì–´ë„ ì„¤ë ˆëŠ”ë…¸ëž˜ ê°‘ì´ë‹¼ã…‹ã…‹ã…‹ã…‹ã…‹
542,pit***,3/1 í˜„ìž¬ìˆœìœ„ 128ìœ„ë‹ˆ ì¡°ë§Œê°„ ë´„ì´ ì˜¤ê² êµ¬ë‚˜~
543,xha***,ìˆœìœ„ ë³´ë©´ ë²šê½ƒ í•€ì§€ ì•ˆí•€ì§€ ì•„ëŠ”ê³¡~
544,soo***,ì§„ì§œ ì–´ë–»ê²Œ ë…¸ëž˜ë§Œìœ¼ë¡œ ë´„ì„ ìž˜ í‘œí˜„í• ìˆ˜ê°€ ìž‡ì§€ ì§„ì§œ ë´„ë§ˆë‹¤ ë“¤ì–´ë„ ì•ˆì§ˆë¦°ë‹¤..ê°“..
545,ë§ëž‘ê°±ì–¼ì¥,ì§„ì§œ ì§ˆë¦¬ì§€ê°€ì•ŠëŠ” ë…¸ëž˜ë‹¤...
546,ye9***,ë“¤ì–´ë„ ë“¤ì–´ë„ ì¼ë…„ë§Œì— ë“¤ì–´ë„ ë˜ ì¢‹ë‹¤
547,mkh***,ì¢€ ë‚  í’€ë¦¬ë‹ˆ ìŠ¬ìŠ¬ ì˜¬ë¼ì˜¤ë„¤ ã…‹ã…‹ã…‹
548,him***,ê·¼ë° ë…¸ëž˜ê°€ ì¢‹ê¸´ í•¨ ã…‹ã…‹ã…‹
549,tpd***,ë´„ë§Œë˜ë©´ ê·€ì‹ ê°™ì´ í¥ì–¼ê±°ë¦¬ëŠ” ë²šê½ƒê°“ë”©
550,OliveYou,ì•„ì§ 2ì›”ì¸ë° ì˜¤ì…¨êµ°ìš”
551,siy***,ì•„ì§ ìŒ€ìŒ€í•œë° ë²Œì¨ 106ìœ„ë¼ë‹ˆ.....ì—­ì‹œ ë²šê½ƒì—°ê¸ˆ
552,hij***,ì˜¤ëž«ë§Œì— ë“¤ì—ˆëŠ”ë° ì—¬ì „ížˆì¢‹ë‹¤ã…‹ã…‹ã…‹ã…‹ã…‹ã…‹ã…‹ã…‹ã…‹ã…‹ã…‹ã…‹
553,pap***,ë©œë¡ ì€ ì´ë¯¸ ì°¨íŠ¸ì¸ã…‹ã…‹ã…‹ ì—¬ê¸°ë„ ê³§ì´êµ°.. ì–´ì©ì§€ ë‚ ì´ ë”°ëœ»í•˜ë‹¤í–ˆìŒ ã…‹ã…‹ã…‹ã…‹ã…‹
554,dlr***,ë²šê½ƒì—°ê¸ˆ
555,ìœ¼ëŠëŠëŠìš°,ì ì ì˜¬ë¼ì˜¨ë‹¤... ì¢€ë¹„ê°€.
556,ssk***,ì´ì¿ ì£ !!!
557,dbs***,ë´„ì•„ ì–¸ì œì˜¤ë‹ˆã…£ì´ì´
558,rng***,ì£¼ìœ„ì— ì´ë…¸ëž˜ê°€ ìŠ¬ìŠ¬ ë“¤ë¦¬ëŠ”ê±¸ë³´ë‹ˆ ë´„ì´ ì˜¤ê¸´ ì™”ë‚˜ë³´ë„¤
559,í•˜ëŠ¬7ë°”ëžŒ,ì˜¬í•´ë„ ì‹œìž‘í•©ë‹ˆë‹¤.
560,ì—í”½,3ì›”
561,ë©”ì´í”¼ë¥´,ì˜¬í•´ë„ ì‹œìž‘í•©ë‹ˆë‹¤
562,bon***,"ë²šê½ƒì—°ê¸ˆ ì‹œìž‘ í•  ì‹œê°„..,,"
563,ë‰´ìŠ·,ë²Œì¨ ë¼ë””ì˜¤ì—ì„œ ë²šê½ƒì—”ë”© ë‚˜ì˜¤ê¸° ì‹œìž‘í•¨
564,kim***,ë§Œì•½ ë´„ì´ ì—†ì–´ì ¸ì„œ ì†ìžì—ê²Œ ë´„ì„ ì„¤ëª…í•œë‹¤ë©´ ì´ ë…¸ëž˜ë¥¼ ë“¤ë ¤ì¤„ ê±°ë¼ë˜ ë§ì´ ìƒê°ë‚˜ëŠ”êµ° ì™„ì „ ë™ì˜í•œë‹¤
565,ë‡½ì§±ê³¼í•¨ê»˜í•˜ëŠ”ìŒì•…ì‹œê°„,ë‘˜ì´ê±¸ì–´íš¨ì˜¤~~ë´„ë¹ ëžŒ~íœ˜ë‚ ë¦¬ë©°í—ˆì–´ì–´ì–¸~í—ˆì–´ì–´~ìš¸ë ¤í¼ì§€ëŠ”~ì´ê±°ë¦¬ë¥´íìœ¼ìœ¼ìœ¼ì„~~ì—°ê¸ˆì˜¤ì¡Œë‹¤ë¦¬ì˜¤ì¡Œë‹¤
566,jji***,ì˜¬ë¼ê°‘ì‹œë‹¤.ì •ë§ ë´„ë§Œë˜ë©´ ìƒê°ë‚˜ì„œ ë˜ ì°¾ì•„ì™”ìŒ
567,ë‚œê·¸ëƒ¥ì‹¬ì‹¬,ì¢€ë¹„ì—¬ ì–´ì„œ ê¹Šì€ìž ì—ì„œ ê»˜ì–´ë‚˜ì„¸ìš”
568,ë‹‰ë„¤ìž„,ìž ì´ì œ ìŠ¬ìŠ¬ ìˆœìœ„ê¶Œ ì˜¬ë¼ì˜¬ ì¤€ë¹„ í•˜ì„¸ìš”.
569,ëŒ•ëŒ•ëŒ•,ë‚´ê°€ ë”± ìŠ¤ë¬´ì‚´ë˜ìžë§ˆìž ë“¤ì—‡ë˜ ì„¤ë ˆëŠ”ã„´ìŒì•… ..ì¶”ì–µ
570,car***,ì´ë…¸ëžœ êµê³¼ì„œì— ì‹¤ë ¤ì•¼í•´ã…
571,ìœ ë¦¬ì„±,ìž¥ë²”ì¤€~ êº…! ìŒìƒ‰ ì¢‹ê³ ì•…ì“°ë©´ì„œ ì•ˆë¶ˆëŸ¬ì„œ ì¢‹ê³ ~
572,goa***,ì–¸ìž¬ ë“¤ì–´ë‘ ì¢‹ë‹¤
573,car***,ë´„ì—ëŠ” ì—­ì‹œ~
574,fli***,ë´„ ì ì  ì§§ì•„ì§€ëŠ” ê²Œ ë„ˆë¬´ ì•„ì‰½ë‹¤ì´ ë…¸ëž˜ ë“¤ì„ ê¸°ê°„ì´ ì ì  ì¤„ì–´ë“¤ìŒ ã…œã…œë‚´ë…„ì— ë§Œë‚˜ìš” ðŸ‘‹
575,khm***,ë‚´ë…„ì— ë‹¤ì‹œë§Œë‚˜ìš”
576,KBS,ëª‡ëª‡ ìŒì•…ì±…ì— ì‹¤ë ¸ì–´ìš”~~
577,siy***,ìŠ¬ìŠ¬ ì˜¬ë¼ì˜¤ë„¤ìš” ì´ì œ
578,kim_paul,ê·¸ëŸ¬ê²Œìš” ìŠ¬ìŠ¬ ì˜¬ë¼ì˜¤ë„¤ìš”~
579,wls***,ì´ì œ ìŠ¬ìŠ¬ ì˜¬ë¼ì˜¬ë•Œê°€ ëëŠ”ë°~
580,pap***,ë‚´ë…„ì´ë˜ì—ˆìŠµë‹ˆë‹¤ ã…‹ã…‹ã…‹ã…‹ã…‹ ì˜¬í•´ë„ ë“£ê² ë„¤ìš”ã…‹ã…‹
581,ì€ì„œ,ì˜¬í•´ì—ë„ ë“¤ì„ê±°ì—ìš”
582,ë¯¸ë ¨ì¶©,ìž ë“¤ìì‹œë‹¤
583,yeah_11n,ã…‹ã…‹ã…‹ã…‹ã…‹ã…‹ ë˜ ë³´ë„¤ìš©
584,jwo***,ë‚´ë…„ì— ë‹¤ì‹œë§Œë‚˜ìš”
585,ã…‡ã……ã…‡,ì˜¬í•´ë„ ì™”ìŠµë‹ˆë‹¤ â˜ºï¸
586,exp***,ã…Žã…‡
587,xog***,ë˜ ë³´ë‚´ìš©
588,ë ˆì˜¨,ì €ë„ìš¬ ã…‹
589,ðŸ˜,ë˜ ë³´ë‚´ì—¬!
590,ì§€í›ˆ,ì €ë„ í•©ë¥˜í•˜ê² ìŠµë‹ˆë‹¹ ë‚´ë…„ì— ë³´ì•„ìš©
591,ì •ë§Œêµ¬,ì˜¬í•´ë„ ì™€ì•¼ì£  ã…Žã…Ž
592,lisa,2021ë…„ì— ë˜ ë´ìš”
593,ì§€ìˆ˜ì œë‹ˆë¡œì œë¦¬ì‚¬,ë´„ë°”ëžŒ íœ˜ë‚ ë¦¬ë©° í©ë‚ ë¦¬ëŠ” ë²šê½ƒ ìžŽì´ ìš¸ë ¤ í¼ì§ˆ ì´ ê±°ë¦¬ë¥¼ ìš°ìš° ë‘˜ì´ ê±¸ì–´ìš”
594,ë§ˆì¸ë¶€ìš°,ë²šê½ƒì´íˆëŠ”ë°ã…ˆã…“ëŠ” ê½ƒêµ¬ê²½ì€ì»¤ë…• ê³µë¶€ë‚˜í•˜ë©´ì„œ ë²›ê½ƒì•¤ë”©ì„......
595,Ù©(â—•á—œâ—•)Ùˆ,ì—­ì‹œ ë´„ì—ëŠ” ì´ ë…¸ëž˜ê°€ ggã…‹ã…‹
596,lin***,ë²šê½ƒì¢€ë¹„!
597,ë´„ë´„ë´„ë´„ë´„ì´ì™”ì–´ìš”,ê³¡ ëª…ì€ ë²šê½ƒì—”ë”©ì¸ë° ì´ ë…¸ëžœ ì—”ë”©ì´ ì—†ì–´ã…‹ã…‹ã…‹í•˜...
598,she***,ë‚˜íƒ€ë‚¬ë”°ã…‹ã…‹ã…‹ã…‹ã…‹ ë˜ ìŠ¬ê¸ˆìŠ¬ê¸ˆ ì˜¬ë¼ì˜¤ê³ ìžˆìŽ€ã…‹ã…‹ã…‹ã…‹ã…‹ã…‹ã…‹ã…‹ã…‹ã…‹ã…‹ã…‹ã…‹ã…‹ã…‹ã…‹ã…‹ã…‹ã…‹ã…‹
599,ìš°ì˜¤ìš°ì˜¤,ì˜¬ë¼ì˜¤ëŠ”êµ°í•˜
600,adios,ë²šê½ƒì—°ê¸ˆ
601,djf***,ë²šê½ƒì¢€ë¹„ ì»´ë°±
602,pow***,ì‹œìž‘ë¬êµ°...
603,sky***,ì¢‹ì•„ìš”...ë…¸ëž˜ê°€ ê³„ì† ë°˜ë³µë˜ì–´ì„œì‹«ì§€ë§Œ ì¢‹ë„¤ìš”
604,Black,ë‹¤ìŒì£¼ê°€ ë²šê½ƒ ì ˆì •ì´ëžë‹ˆë‹¤~~
605,í¬ë¡œì‰¬ì¡°ì•„,ì§€êµ¬ ë©¸ë§í•´ë„ ë²šê½ƒì—”ë”©ì€ ì•ˆì—†ì–´ì§ˆë“¯;
606,ith***,ì—­ì‹œ ë²šê½ƒ ì—”ë”©ã…Žã…Žã…Žã…Ž ë‚´ë…„ì—ë„ í›„ë‚´ë…„ì—ë„ ì˜¬ë¼ì™€ë¼â™¥
607,sam***,ìž…ëŒ€ê³¡ ê·¸ë•ŒëŠ” ê·¸ë ‡ê²Œ ì²˜ëŸ‰í•˜ë˜ëŒ€...
608,ëšœ,ê³µë¶€ã…ë‹¤ë³´ë‹ˆê¹Œ ë²šê½ƒì ¸ì„œ ê°œí–‰ë³µ ã…Žã…Ž
609,ê¹€ëš±í˜œ,ìŠ¤ë¬´ì‚´ì˜ ë´„ë‚ ì´ ìƒê°ë‚˜ëŠ” ë…¸ëž˜..ë§ë„ ì•ˆë˜ê²Œ ëˆ„ì›ŒìžˆëŠ”ë° ê°€ìŠ´ë²…ì°¬ë…¸ëž˜
610,ã…ˆã…Žã…‡,ë²šê½ƒì¢€ë¹„ ë²šê½ƒì—°ê¸ˆ...â™¡
611,ã€Šë¦¬ë£¨ì—˜ã€‹,ë²›ê½ƒì—”ë”©ì— í›„í­í’ ã„·ã„·
612,ë„ˆì—ê²Œê°„ë‹¤,ì´ê±´ë­...  ì´ë²ˆì•¨ë²” vs ë²šê½ƒì—”ë”© ã…‹ ê³¼ì—°ìŠ¹ìžëŠ”? ã…‹ã…‹
613,plenilune,ì´ì •ë„ë©´ ã…‹ã…‹ã…‹ã…‹ìžì‹ ê³¼ì˜ ì‹¸ì›€
614,ê¹€ë§ìž,ì—¬ëŸ¬ë¶„ ë´„ì´ì™”ìŠµë‹ˆë‹¤ ë²šê½ƒì—°ê¸ˆì´ ì˜¬ë¼ì˜¤ë©´ ë´„ì´ì˜¨ê²ë‹ˆë‹¤
615,ë„ˆì—ê²Œê°„ë‹¤,ì˜¬ë¼ì˜¤ì‹œë„¤ìš” ë§žì´ í•©ì‹œë‹¤ ã…‹ ì´ë²ˆ ë´„ë„ ë²šê½ƒë³´ëŸ¬ ê°€ì•¼ê² êµ°ìš” ã…Ž
616,kms***,ë²šê½ƒì—°ê¸ˆ
617,bji***,4ë…„ë™ì•ˆ ë“¤ì–´ë„ ì§ˆë¦¬ì§€ê°€ì•ŠëŠ”ë‹¤
618,sil***,ì œë°œ 10ìœ„ê¶Œì—ëŠ” ì•ˆì˜¤ë¥´ê²Œ í•´ì£¼ì…ˆ
619,ã…‡ã…‡,ì—­ì‹œ ë²šê½ƒì¢€ë¹„ðŸ‘ðŸ»
620,alc***,ì™€ã…‹ã…‹ ì´ë…¸ëž˜ëŠ” ì–¸ì œê¹Œì§€ì´ë ‡ê²Œ ë´„ë§Œë˜ë©´ ì˜¬ë¼ì˜¤ëŠ”ê²Œ ë©ˆì¶œê¹Œã…‹ã…‹ã…‹ã…‹ã…‹ ì§„ì§œëŒ€ë‹¨í•˜ë‹¤ ë¬¼ë¡  ë…¸ëž˜ê°€ ë„ˆë¬´ì¢‹ë‹¤ëŠ”ê±´ í•¨ì •ã…‹ã…‹
621,ì°¡,ì™”ë‹¤ì™”ì–´
622,chr***,ë´„ë§Œë˜ë©´ ì—­ì£¼í–‰ ã…‹ã…‹ã…‹
623,ëšœ,ë…¸ëž˜ë‚˜ì˜¬ë• ì»¤í”Œì´ì˜€ëŠ”ë° ì†”ë¡œë¼ì„œ ë‹¤ì‹œë“¤ìœ¼ë‹ˆê¹Œ ì§„ì§œ í•˜......
624,ã…,ë²šê½ƒì—”ë”© ìŠ¹
625,kms***,+ì¢€ë¹„
626,ë™í˜c,ì—´ë“±ê°ìžˆëƒ?
627,ì•„ë¦¬,ì™œê·¸ëž˜ì•¼í•¨?ã…‹ã…‹ã…‹ã…‹ã…‹ ì›ƒê¸°ë„¤
628,eun***,ê·¸ë§Œí¼ ë¶ˆë ¤ì§€ê³  ë“£ê²Œ ë˜ëŠ” ê³¡ì´ ì¢‹ì€ê³¡ì´ëž€ ê±°ì£ .
629,sil***,ã…‡ã…‡
630,xer***,ë´„ë§Œ ë˜ë©´ ìˆœìœ„ê¶Œìœ¼ë¡œ ì˜¬ë¼ì˜¤ëŠ” ê¹¡íŒ¨ê°™ì€ ë…¸ëž˜ ã… ã… 
631,5ë©”2ì§•,ë˜ ì¹˜ê³  ì˜¬ë¼ì˜¤ëŠ”êµ¬ë‚˜
632,ìž‡ëš¬,4ë…„ì „ì´ëž˜..
633,ì²œêµ­ìœ„ì—í•œêµ­,ê½ƒì¢€ë¹„ ì™”ëŠ¥ê°€?ã…‹ã…‹ã…‹ ì˜¬í•´ë„ ì—¬ì „í•˜ë„¤
634,ssu***,ë²šê½ƒ ì—°ì–´ëŠ” ë´„ì´ë˜ë©´ ì°¨íŠ¸ìƒë¥˜ë¡œì˜¬ë¼ì˜¤ì£ 
635,ë³´ë³´ì‹¶,ë²šê½ƒì‹œì¦Œë˜ë©´ ë˜ íƒ‘í…ê°€ê² ë„¤
636,tae***,ë´„ë§Œ ë¬ë‹¤í•˜ë©´  ì°¨íŠ¸ ì—­ì£¼í–‰ í•˜ëŠ” ë…¸ëž˜ë´„ì´ ì—†ì–´ì§€ë”ë¼ë„ ì´ë…¸ëž  ë“¤ìœ¼ë©´  íšŒìƒê°€ëŠ¥
637,he9***,ë²šê½ƒì¢€ë¹„ ìŠ¬ìŠ¬ ì˜¬ë¼ì˜¤ëŠ”ê±°ë³´ë‹ˆ ë´„ì´ ì™”êµ¬ë…€
638,sum***,ê°œë‚˜ë¦¬ë³´ë‹¤ ë¨¼ì €í”¼ëŠ” ë²šê½ƒì—”ë”©ë´„ì´ ì˜¤ëŠ” ì†Œë¦¬~~
639,rio***,ì „ì²´ê°ìƒìž ë°±ë§Œ ì°ì—ˆìŒ ì¢‹ê² ë‹¤
640,gks***,ìˆœìœ„ ì˜¤ë¥´ê¸° ì‹œìž‘ ã…‹ã…‹ã…‹ã…‹
641,xha***,ê¸°ì˜¨ ì˜¬ë¼ê°€ë©´ ìˆœìœ„ë„ ì˜¬ë¼ê°€ë„¤
642,phw***,ë´„ì— ë“¤ì„ë•Œë§ˆë‹¤ ê¸°ë¶„ì´ì¢‹ìŒã…‹ã…‹
643,kim***,ë²šê½ƒì¢€ë¹„ê°€ ë˜...
644,syl***,ë²šê½ƒì—°ê¸ˆ ë‹¤ì‹œì™”ë„¤
645,bon***,ì²œì‚¼ë°±ë§Œìž…ë‹ˆë‹¤....
646,rio***,ê·¸ê±´ ì „ì²´ ìž¬ìƒ ìˆ˜ìž…ë‹ˆë‹¹
647,ìž‡ëš¬,ëŒíŒŒ
648,jon***,ì§„ì§œë´„ë§Œë˜ë©´ëœ¨ëŠ”ë…¸ëž˜ã…‹ã…‹ã…‡ã…ˆ???
649,ê²€ì€íŒ¨ë“œ,ì§„ì§œ ì´ë…¸ëž˜ëŠ” ë´„ë§ˆë‹¤ í‰ìƒë‚˜ì˜¬ë“¯í•˜ë‹¤..
650,vmf***,ìž¥ë²šê½ƒ ì´ë…¸ëž˜ì €ìž‘ê¶Œë£Œ 46ì–µ ã„·ã„·
651,You***,ê¸¸í„°ë¼ ìš°ë¦¬ ë²„ìŠ¤ì»¤ë‹˜ë“¤ ì˜¬ë¼ê°€ì‹¤ ì¤€ë¹„í•˜ì‹ ë‹¤
652,ã…ˆã…Ž,ì˜¤ëŠ˜ìž ì–´ëŠìƒˆ 13ìœ„ ã…‹ã…‹ã…‹ì‚¬ì›”ì´ë©´ 1ìœ„ ì°ê² ì§€!! ìž¥ë²”ì¤€ðŸ™†
653,Dyo***,ë˜ ì°¨íŠ¸ì—­ì£¼í–‰ã…‹ã…‹ã…‹ã…‹ã…‹ã…‹ã…‹ã…‹
654,ë”©ë”©ìš°,ë„ˆë¬´ ë§Žì´ ë“¤ë ¤ì„œ ì§ˆë¦´ ë²•ë„ í•œë° ë´„ì´ ë˜ë©´ ì—­ì‹œ ì´ ë…¸ëž˜ë§Œí•œ ê±´ ì—†ëŠ” ê²ƒ ê°™ì•„ìš”
655,6f,ë²šê½ƒì¢€ë¹œã…‹ã…‹ã…‹
656,lyn***,ì˜¤ëŠ˜ ë‚ ì”¨ê°€ ê¸‰ ë”°ë“¯í•´ì ¸ ë˜ ë“¤ìœ¼ëŸ¬ì™”ìŠµë‹ˆë‹¤.24ì§€ê¸ˆë¶€í„° í™˜ê°‘ê¹Œì§€ ì­‰ ë´„ì´ë©´ ì°¾ê²Œë  ë…¸ëž˜ì¸ë“¯
657,ë€¨,ê·¸ëŒ€ì—¬ ê·¸ëŒ€ì—¬ ê·¸ëŒ€ì—¬ ðŸ’•
658,wjd***,ë²šê½ƒì—”ë”© ë®¤ë¹„ì— ë‚˜ì˜¤ëŠ” ì—¬ìž í˜„ìž¬ í”„ë¡œë“€ìŠ¤101ì— ì¶œì—°ì¤‘ì¸ ê°•ì‹œë¼ì—°ìŠµìƒìž…ë‹ˆë‹¤
659,han***,ë®¤ì§ë¹„ë””ì˜¤ ë³´ë‹ˆê¹ ì™ ì§€ ë”°ë“¯í•œ ë´„ê¸°ìš´ì´ ëŠê»´ì§„ë‹¤. ë´„ì€ ë´„ì¸ë“¯...
660,jih***,ë²„ìŠ¤ì»¤ë²„ìŠ¤ì»¤ë…¸ëž˜ëŠ” ë´„ì˜ë“¤ì–´ì•¼ì§€ ì œë§›(ìº¬~)
661,den***,ë‹¤ë¥¸ ì¶”ì–µì€ ì—†ì§€ë§Œ ìŠ¤ë¬´ì‚´ ë´„ì´ì—ˆë˜ê²Œ ê°€ìž¥í¼
662,twi***,ë²šê½ƒì—”ë”© ë˜ ì™”ë„¤?ë°˜ê°€ì›Œâœ‹ðŸ»
663,tham thmith,ìž¥ë²”ì¤€ ì´ëž‘ ë„ˆë¬´ë‹®ì•„ì„œ ìž¥ë²”ì¤€ ì—¬ë™ìƒì¸ì¤„ ì•Œì•˜ëŠ”ë° ê°•ì”¨ë„¤ìš”
664,ìŠ¤ë¥´ë¥´,ì™€ ë˜ì˜¬ë¼ì™€..?
665,ê°€ìŠ´ë›°ë„ë¡â˜†,ë‚®ì—” ë²šê½ƒë³´ê³  ë°¤ì—” ë²—ê³ ë³´ê³ 
666,wkd***,ë²šê½ƒ ì—°ê¸ˆ ë‹¤ì‹œì˜¬ë¼ì˜¤ëŠ”êµ°
667,ë ˜ë„Œ21,ëª…ê³¡ë˜ì—ˆìŒ  ë´„ì˜ ìºë¡¤
668,eun***,ë˜ ë‹¤ì‹œ ë²šê½ƒì—”ë”©ì˜ ê³„ì ˆì´ ì™”ë‚˜ë³´ë„¤ìš”...
669,ã…‡ã…ã…‡ã…‡ã…Žã…Ž,ë²›ê½ƒì—”ë”©ê³„ì ˆ
670,ì—ì§€ì˜¤ ì•„ë””í† ë ˆ,ê·¸ë§Œ ì¢€ ë“£ìž ì”¨ë°œ..
671,pat***,ë²šê½ƒì´ ë¹¨ë¦¬ í”¼ë©´ ì¢‹ê² ë„¤ìš”
672,ë°”ëžŒë³„ëž‘,"ì¸ë¥˜ ë©¸ë§ì˜ ìˆœê°„ì˜ ê³„ì ˆì´ ë´„ì´ë¼ë©´,ê·¸ë•Œë„ ì´ ë…¸ëž˜ê°€ ì–´ë””ì„ ê°„ ë“¤ë ¤ì˜¤ê² ì§€?"
673,nab***,ë´„ì´ëž‘ ë„ˆë¬´ ìž˜ ì–´ìš¸ë ¤....ë´„ëŠë‚Œì„ ê·¸ëŒ€ë¡œ ë‹´ì•„ë‚¸ë“¯...
674,nab***,ì™€18ìœ„ã…‹ã…‹ã…‹ëŒ€ë°•ì´ë‹¤ ì§„ì§œã…‹ã…‹ã…‹ì´ë¡  ë…¸ëž˜ ì²˜ìŒë´„ã…‹ã…‹ã…‹ã…‹ã…‹ã…‹ã…‹ã…‹ã…‹
675,vpoiuv,ê·¸ëŒ€ì—¬~~~ì‹¬ì¿µâ™¡
676,ì•™ë¦¬,ì¢€ë¹„ê°€ ìŠ¤ë¬¼ìŠ¤ë¬¼ ê¸°ì–´ ì˜¬ë¼ê°€ê³ ìžˆë‹¤.
677,lol***,ë¯¸ì¹œ... ë²šê½ƒ ì¢€ë¹„ë‹¤
678,ã…‚,ë²šê½ƒì—°ê¸ˆ ì˜¤ëŠ˜ë„ ë„£ê³  ê°‘ë‹ˆë‹¤ðŸŒ¸ðŸŒ¸ðŸŒ¸ë¾°ëµ¤ëµ¹
679,sw0***,ë¯¸ì¹œã…‹ã…‹ã…‹ã…‹ã…‹ã…‹ã…‹ã…‹
680,ì•¼ë°¤ë‚šì‹œ,ì•¼í•´ ã…Ž
681,psy***,ëŒ€ë‹¨í•˜ë‹¤ ã…‹ì§„ì§œ
682,kan***,ì´ë…¸ëž˜ë¥¼ ë“¤ìœ¼ë©° ê³µì¤‘ì œë¹„ë¥¼ ëŒì•˜ìŠµë‹ˆë‹¤
683,spa***,ê½ƒì†¡ì´ê°€ ê¹Œì§€ ì¹˜íŠ¸ì˜¬ë¼ê°€ë©´ ì§„ì§œ ë´„ìž…ë‹ˆë‹¤ ì—¬ëŸ¬ë¶„ã…‹ã…‹ã…‹ã…‹
684,ì—„í˜•,ë¬´ì„­ê²Œ ì¹˜ê³  ì˜¬ë¼ì˜¤ê³  ìžˆë‹¤!!!
685,ahs***,ì˜¬í•´ë„ ë²šê½ƒ ì—°ê¸ˆì´ ì‹œìž‘ë˜ë‚˜ìš”? ì˜¬í•´ëŠ” ìš°ë¦¬ ëª¨ë‘ ì†Œì¤‘í•œ ì§ê³¼ ë²šê½ƒ êµ¬ê²½ í•©ì‹œë‹¤. ì¢‹ì•„ìš”â™¡ ëˆ„ë¥´ì‹¤ê±°ì£ ? ëˆ„ë¥´ëŠ” ì‚¬ëžŒí•œí…Œë§Œ ì§ì´ ìƒê¸¸ì§€ì–´ë‹¤â™¡
686,ë‹ˆì–„ë¼,ë˜ ì˜¬ë¼ì˜¨ë‹¤!ë°˜ê°‘ë‹¤!
687,stimulate,ã…‹ã…‹ã…‹ã…‹ã…‹ì‹ ì´ì‹œì—¬ ã…‹ã…‹ã…‹ã…‹ã…‹ã…‹ã…‹ã…‹
688,mrk***,ë‚˜ë„ëª¨ë¥´ê²Œ ì°¾ì•„ì„œ ë“£ê³ ìžˆë‹¤ ã…‹ã…‹ã…‹
689,ìºí”¼,ì—°ê¸ˆë³µê¶Œ ì €ë¦¬ê°€ë¼
690,picturesque,ëˆ ë§ˆì´ ë²Œì–´ë¼ ë²”ì¤€ì•„ í˜•ì€ ê´˜ì•ˆíƒ€ ë°° ì•ˆì•„í”„ë‹¤ í•˜í•˜
691,Artorias,ìž ì—°ê¸ˆíƒ€ëŸ¬ ê°€ì‹œì£ !!!!!!!
692,êµ¬ì¤‘ì™„ì¤‘ì™„ì¤‘ì™„,ë§¤ë…„ì¢‹ì•„.. â¤
693,one***,ì¡´ë‚˜ ì§€ê²¹ë‹¤ ë²šê½ƒì¢€ë¹„
694,ã…‹,ê± ë¯¼ìš”ìˆ˜ì¤€ìž„
695,tyk***,ë‹¤ì‹œì‹œìž‘ë˜ì—ˆêµ°
696,kyj***,ì™ ì§€ ì„¤ë ˆ ì•„ë¬´ ì¶”ì–µì—†ì§€ë§Œ .. â™¡
697,din***,ã…‹ã…‹ã…ã…‹ã…ã„±ã…‚ã„±ã…‚ ê²ë‚˜ì›ƒê¹€
698,jason,ã…‹ã…‹ã…‹ã…‹ã…‹ã…‹ã…‹ã…‹ã…‹ã…‹ã…‹ã…‹ã…‹ã…‹ã…‹ã…‹ã…‹ã…‹
699,sha***,ã…‹ã…‹ã…‹ã…‹ã…‹ë¯¼ìš” ã…‹ã…‹ã…‹
700,voxxunx,ã…‹ã…‹ã…‹ã…‹ã…‹ã…‹ã…‹ã…‹ã…‹ã…‹ã…‹
701,ì±„ê°„í˜¸ì‚¬,ëŒ€ë°• ã…‹ã…‹ã…‹ã…‹ã…‹ã…‹ã…‹ã…‹ã…‹ã…‹ã…‹ã…‹
702,ã…‹,ë­”ì†Œë¦¬ì„¸ìš” ì˜¤ëž˜ë¶ˆë¦¬ë‹ˆê¹Œ ë¯¼ìš”ë¼ê³ í•œê±´ë°ã…‹ã…‹
703,kjm***,ë¯¼ìš”ã…‹ã…‹ã…‹ã…‹ã…‹ã…‹ã…‹ã…‹ã…‹
704,ìœ¤ê³µì£¼,ã…‹ã…‹ã…‹ã…‹ã…‹
705,lio***,ã…‹ã…‹ã…‹ã…‹ã…‹ë°‘ì—ë‚œë…ì¦ë„ì›ƒê²¨ ã…‹ã…‹ã…‹ã…‹ã…‹ã…‹ã…‹ã…‹ã…‹
706,ã…ˆã…Ž,ã…‹ã…‹ã…‹ã…‹ã…‹ã…‹ã…‹ã…‹ ëª¨ë‘ê°€ ì•Œì•„ì„œ ë¯¼ìš”ì¸ ê²ƒë„...
707,ã…Ž,ëŒ“ê¸€ê°œì›ƒê²¨
708,nek***,ë¯¼ìš¬ã…‹ã…‹ã…‹ã…‹ã…‹ã…‹ã…‹ã…‹ã…‹ë‚˜ì¤‘ì— êµê³¼ì„œì— ì‹¤ë¦¬ê² ë‹¤ ë‹¤ìŒ ë¯¼ìš”ë¥¼ ì½ê³ â€¢â€¢â€¢
709,hsu***,ì•œã…‹ã…‹ ã…‡ã…ˆã„±
710,jj5***,ã…‡ã„±ã„¹ã…‡
711,ì§€í˜œ,ì™„ì „ ì›ƒê²¨ìš”ã…‹ã…‹ã…‹ ë´„ì— ë¶€ë¥´ëŠ” ë¯¼ìš”ìž„ã…‹ã…‹ã…‹ã…‹
712,ã…‹,ë‹¤ì‹œ ëŒ“ê¸€ì¢‹ì•„ìš”ì•Œë¦¼ì´ ì˜¤ê³ ìžˆì–´...
713,ì•„ëª¬ë“œì´ˆì½”,ã…‹ã…‹ã…‹ã…‹ã…‹ã…‹ì €ë¶„ ì´í•´ë¥¼ ëª»í•œë“¯
714,ëšœ,ë¯¼ìš”ìˆ˜ì¤€ã…‹ã…Œã…‹ã…‹ã…‹ã…‹ã……ã…‚ã…‹ã…‹ã…‹ã…‹ã…‹ë‚œë…ëŒ“ê¸€ ë¯¼ìš”ì˜ë¬¸ì˜1íŒ¨ë§Œë“œë„¤ã…‹ã…‹ã…‹ã…‹ã…‹ã…‹
715,ë””ì œì´ì„ ê³¡ì§€ë¦¬êµ¬ìš”,ã…‹ã…‹ã…‹ã…‹ã…‹ã…‹ã…‹ì•„ ë¹µíƒ€ì¡‹ë„¤
716,jyi***,ë¯¼ìš¬ã„±ã…‹ã…‹ã…‹ã…‹ã…‹ã…‹ã…‹ã…‹ã…‹ã…‹ã…‹ã…‹ã…‹ã…‹ã…‹ã…‹ã…‹ã…‹ã…‹ã…‹ã…‹ã…‹ã…‹ã…‹ã…‹ã…‹ã…‹ã…‹ã…‹ã…‹ã…‹ã…‹ã…‹ã…‹ã…‹ã…‹ã…‹ã…‹ã…‹ã…‹ã…‹ã…‹ã…‹ã…‹ã…‹ã…‹ã…‹ã…‹ã…‹ã…‹ã…‹ã…‹ã…‹ã…‹ã…‹ã…‹ã…‹ã…‹ã…‹ã…‹ã…‹ã…‹ã…‹ã…‹ã…‹ã…‹ã…‹ã…‹ã…‹ã…‹ã…‹ã…‹ã…‹ã…‹ã…‹ã…‹ã…‹ã…‹ã…‹ã…‹ã…‹ã…‹ã…‹ã…‹ã…‹ã…‹ã…‹ã…‹ã…‹ã…‹ã…‹ã…‹ã…‹ã…‹ã…‹ã…‹ã…‹ã…‹
717,ë¸”ë§ê½,ê°œí„°ì§ã…‹ã…‹ã…‹ã…‹ã…‹ã…‹ã…‹ã…‹ã…‹ã…‹ ê·¸í”í•œ ã…‹ ìžë„ ì—†ì–´ ã…‹ã…‹ã…‹ã…‹ã…‹ã…‹ã…‹ã…‹ã…‹ã…‹ã…‹ë‹¨í˜¸ë°•
718,zjg***,ê°œí„°ì¡ŒëƒŒã…‹ã…‹ã…‹ã…‹ã…‹
719,csc***,ë¯¼ìš” ì§€ë ¸ë‹¤ã…‹ã…‹ã…‹
720,daw***,fact
721,yun***,ã…‹ã…‹ã…‹ã…‹ã…‹ã…‹ã…‹ã„±ã…‹ã…‹ã…‹ã…‹ã„±ã„±ã„±ã…‹ã„±ë¿œì—ˆë•ˆã…‹ã…‹ã…‹ã„±
722,Catherine,ì•„ ê°œì›ƒê¸°ë‹¼ã…‹ã…‹ã…‹ã…‹ã…‹ã…‹ã…‹ã…‹ã…‹ã…‹ã…‹ë‚˜ì¤‘ì— êµê³¼ì„œì— ì‹¤ë¦¬ê² ë„¤ã…‹ã…‹ã…‹ã…‹ã…‹ã…‹ã…‹ã…‹ã…‹ã…‹ã…‹ã…‹
723,unl***,ã…‹ã…‹ã…‹ã…‹ ì•„ì§„ì§œ ë„ˆë¬´ ì›ƒê¸´ë‹¤ã…‹ã…‹ã…‹ã…‹ ë•ë¶„ì— ì²˜ìŒìœ¼ë¡œ ëŒ“ê¸€ë‚¨ê²¨ìš”ã…‹ã…‹ã…‹
724,alivesaint,ã…‹ã…‹ã…‹ã…‹ ë´„ê¸°ë• ë´„ ë”ëŸ¬ëŸ¬ëŸ¬
725,khj***,ã…‹ã…‹ã…‹ã…‹ã…‹ã…‹ë´„ê¸°ë• ë´„ ë”ëŸ¬ëŸ¬ëŸ¬ëŠ” ë˜ ë­ì•¼ã…‹ã…‹ã…‹ã…‹ã…‹ã…‹ã…‹ã…‹ã…‹ã…‹ã…‹ã…Œã…‹ã…‹ã…‹
726,klove8685,ë¯¼ìš”ëž˜ ã…‹ã…‹ã…‹ã…‹ã…‹ì•„ì›ƒê²¨
727,ybs***,ë´„ê¸°ë• ë´„ ë”ëŸ¬ë „ã„±ã…‹ã…‹ã„±ã„±ã„±
728,has***,ã…‹ã…‹ã…‹ã…‹ã…‹ì•„ê°œì›ƒê²¨
729,myg***,ã…‹ã…‹ã…‹ã…‹ã…‹ë´„ê¸°ë•ë´„ë”ëŸ¬ëŸ¬ëŸ¬ ã…‹ã…‹ã…‹ã…‹ã…‹ã…‹ã…‹ã…‹ã…‹ã…‹ã…‹ã…‹ã…‹ã…‹ã…‹ã…‹ã…‹
730,cass,ê°œì›ƒê¸°ë‹¤ë¯¸ì¹œã…‹ã…Œã…‹ã…Œã…‹ã…‹ã…‹ã…Œã…‹ã…‹ã…Œã…‹ã……ã…‚ã…‹ã…‹ã…‹ã…‹ã…‹ã…‹ã…‹ã…Œã…‹ã…‹ã…‹ã…‹ã…‹ã…‹ã…‹ã…‹ã…‹ã…‹ã…‹ã…Œã…‹ã…‹ã…Œã…‹ã…‹ã…‹ã…Œã…‹ã…‹ã…Œã…‹ã…Œã…Œã…‹ã…‹ã…‹ã…Œã…‹ã…‹ã…‹ã…‹ã…Œã…Œã…‹ëˆˆë¬¼ë‚±ã…Œã…Œã…Œã…Œã…Œã…Œã…Œã…Œã…Œã…‹ã…‹ã…‹ã…‹ã…Œã…‹ã…‹
731,ofidnele,ã…‹ã…‹ã…‹ã…‹ã…‹ã…‹ã…‹ã…‹ã…‹ã…‹ã…‹ã…‹ã…‹ã…‹ã…‹ã…‹ã…‹ã…‹ã…‹ã…‹ã…‹ã…‹ã…‹ã…‹ã…‹ã…‹ã…‹ã…‹ã…‹ã…‹ã…‹ã…‹ã…‹ã…‹ã…‹ã…‹ã…‹ã…‹ã…‹ã…‹ì›ƒê²¨ì„œìš°ëŠ”ì¤‘ã……ã…ˆã…‹ã…‹ã…Œã…‹ã…‹ã…‹ã…‹ã…‹ã…‹ã…‹ã…‹ã…‹ã…‹ã… ã… ã… ã… ã… 
732,ê¾¸,ã…‹ã…‹ã…‹ã…‹ã…‹ã…‹ã…‹ã…‹ì•„ ã……ã…‚ ã…œã…‹ã…‹ã…‹
733,pap***,ì˜¬í•´ë„ ì–´ê¹€ì—†ì´â¤ï¸
734,ë¹„ê³µê°œ,ì•ˆë…•í•˜ì„¸ìš” 2028ë…„ì—ì„œ ì™”ìŠµë‹ˆë‹¤
735,ìŠ¤íƒ€ë²…ìŠ¤,ì˜¬í•´ë„ ì™”êµ¬ë‚˜~ ë²Œì¨ ì°¨íŠ¸ì— ë“±ìž¥~
736,pmh***,ã…‹ã…‹ã…‹ã…‹ë¯¼ìš”ë¼
737,bal***,ëŒ€í•œë¯¼êµ­ì˜ ëŒ€í‘œì  ë´„íƒ€ë ¹ì´ë‹¤.
738,ì¸ì„±íŒŒíƒ„ìž,ì—­ì£¼í•´ì•„ã…ã…ã…ã…ã…ã…ë„ˆë¬´ ë¹¨ë¼ã…ã…ã…ã…ã…ã…ã…ã…ã…ì—­ì£¼í–‰ ë„ˆë¬´ ë¹¨ë¼ã…ã…ã…ã…ã…ã…ã…
739,ì–Œë§,ë¯¼ìš” ã…‹ã…‹ã…‹ã…‹ã…‹ã…‹ã…‹
740,lUlN,ë²šê¸°ë• ì¿µ ì—”ë””ë¦¬ë¦¬ë¦¬ë¦¬ë¦­
741,jjn***,ã…‹ã…‹ã…‹ã…‹ã…‹ã…‹ã…‹ã…‹ã…‹ã…‹ã…‹ã…‹ã…‹ã…‹ã…‹ã…‹ã…‹ã…‹
742,alivesaint,ì—í—¤ì•¼ ë°í—¤ì•¼ ë´„ ë°”ëžŒ íœ˜ë‚ ë¦¬ë©°~~
743,dodle,ë²šíƒ€ë ¹ ã…¡ ë²„ìŠ¼ì–´ë²„ìŠ¼ì–´
744,ì œë‹ˆ,ë´„ê¸°ë• ë¯¸ì³¤ëƒ¨ã…‹ã…‹ã…‹ã…‹ã…‹ã…‹ã…‹ã…‹ã…‹ã…‹ã…‹ã…‹ã…‹ã…‹ã…‹ã…‹ã…‹ã…‹ã…‹ã…‹
745,ttoki8,ë²šê½ƒì—°ê¸ˆâ™¥ï¸
746,ì—„í˜•,ì´ìƒí•˜ê²Œ ë˜ ë“£ê³  ì‹¶ì–´ì§„ë‹¤ ã…‹ã…‹ã…‹ã…‹ã…‹ã…‹
747,slo***,ë´„ì´ë©´ í•­ìƒìƒê°ë‚˜ëŠ” ë…¸ëž˜. ë²šê½ƒ
748,kiy***,ë¹¨ë¦¬ ë²šê½ƒë³´ê³ ì‹¶ë‹¤....ã…  ë§˜ì´ ê°„ì§ˆê°„ì§ˆ..
749,low***,ì—°ê¸ˆì´ë‹¤ ã…‹ã…‹ã…‹ã…‹ã…‹ã…‹ã…‹
750,ì†”ë€¨,4ì›”ë˜ë©´ 1ìœ„ì°ê² ë‹¤ ã…‹ã…‹ã…‹ã…‹ã…‹ã…‹ã…‹ã…‹
751,vnr***,ë´„ì´ì™”ë‚˜ë´„
752,tae***,2016ë…„ ìŠ¬ìŠ¬ ë´„...ë˜ ê¸‰ìƒìŠ¹í•˜ê¸° ì‹œìž‘í–ˆë‹¤;;
753,ìœ¼ëŠëŠëŠìš°,ã…‹ã…‹ã…‹ ë²›ê½ƒ ì—°ê¸ˆ ã„· ã„· ìŠ¤ë©€ìŠ¤ë©€...
754,ë°”ê¸€ë°”ê¸€,ê½ƒìƒ˜ì¶”ìœ„ ì˜¤ë©´ ìˆœìœ„ ì¡°ê¸ˆë‚´ë ¤ê°”ë‹¤ ë‚ í’€ë¦¬ë©´ ë‹¤ì‹œ ìŠ¤ë¬¼ìŠ¤ë¬¼ ì˜¬ë¼ê°€ëŠ”ã…‹ã…‹ã…‹ã…‹ã…‹ã…‹ã…‹ã…‹ã…‹
755,yan***,ë‚ ì”¨ ì¢€ í’€ë ¸ìœ¼ë‹ˆ ì‚´ë§Œí•˜ì‹œì£ ? ìˆ˜ê¸ˆ ë‚˜ì™”ìŠµë‹ˆë‹¤
756,ì—°ë¬´ë£¨,í˜¹ì‹œë‚˜ í–ˆëŠ”ë° ì—­ì‹œë‚˜
757,pa0***,ã…‹ã…‹ã…‹ã…‹ã…‹ã…‹ã…‹ã…‹ã…‹ã…‹ã…‹ã…‹ã…‹ã…‹ã…‹ã…‹ã…‹ã…‹ã…‹ã…‹ã…‹ã…‹ã…‹ã…‹ã…‹ã…‹ã…‹ã…‹ã…‹ã…‹í•˜ ë²šê½ƒì¢€ë¹„ ë˜ ë“¤ìœ¼ëŸ¬ ì™”ìŠµë‹ˆë‹¤
758,kwo***,ì˜¬í•´ë„ ì–´ê¹€ì—†ì´ ì˜¤ëŠ” ë´„ë‚´ë…„ì—ë„ ì–´ê¹€ì—†ì´ ì˜¬ ë´„ê·¸ë¦¬ê³ ê·¸ ë´„ê³¼ í•­ìƒ ê°™ì´ ì˜¬ ë²šê½ƒì—”ë”©
759,lee***,ë˜ ì˜¬ë¼ì™”ë„¤ ã…‹ã…‹ã…‹ã…‹ã…‹ã…‹ã…‹
760,bow***,ë²šê½ƒì—”ë”©ìœ¼ë¡œ ì•½ 46ì–µë²Œìœ¼ì…§ë‹µë‹ˆë‹¤.. í›„ëœëœ
761,ë™í˜€ë‹ˆ,ë“œëŽŒ ë²¨ì†Œë¦¬ë¥¼ ë°”ê¿€ ê³„ì ˆì´ ì˜¤ëŠ”êµ¬ë‚˜.. ë¯¸ë¦¬ ë´„ì„ ë§Œë½í•˜ìž ã…Ž
762,ê¿,ì¢€ë¹„ê°€ë‹¤ì‹œë‚˜íƒ€ë‚¬ë‹¤!!
763,ë‚´ì ëŒ„ìŠ¤,ì•ˆì§ˆë¦°ë‹¤~ ìž¥ë²”ì¤€ë‹˜ ì—°ê¸ˆíƒ€ê°€ì„¸ìš”~
764,coo***,ì˜¬í•´ë„ ë²šê½ƒì¢€ë¹„ì™€ í•¨ê»˜~ðŸŒ¸ðŸ’ðŸŒ¼ðŸŒº
765,ksk***,ì˜¬í•´ëŠ” ì°¨íŠ¸ 1ìœ„ í•œë²ˆ ê°ˆ ìˆ˜ ìžˆë‚˜ìš”ã…‹ã…‹ ìž‘ë…„ì—” ëª»í–ˆë˜ ê±° ê°™ì€ë° ë²šê½ƒì—°ê¸ˆ í™”ì´íŒ…!
766,ska***,500  ë˜ì˜¬ë¼ì˜¤ëŠ” ì¢€ë¹„ì—”ë”©
767,ë®¤ì•Œëª»,ì—­ì‹œ ë²šê½ƒ ì—°ê¸ˆ
768,ëª¨ì•¼ëª¨ì•¼ã…•,ë¬´ì„­ë‹¼ã…‹ã…‹ã…‹ã…‹
769,ìžëŠ”ì¤‘,ë˜ ì˜¬ë¼ì˜¤ë„¤ ã…‹ã…‹ã…‹ã…‹ã…‹ã…‹
770,í† ê¹½,ì§ˆë¦¬ì§€ê°€ì•Šì•„ ðŸ’• ì§±ì§±ë§¨ ë²„ìŠ¤ì»¤
771,bboddo,ìŠ¤ë©€ìŠ¤ë©€ ì˜¬ë¼ì˜¤ë„¤ ë˜ã…‹ã…‹ã…‹ã…‹ã…‹
772,soh***,ëª‡ë…„ì´ ì§€ë‚˜ë„ ì„¤ë ˆì—¬~
773,tak***,ì‹œìž‘ëêµ¬ë‚˜ ë²šê½ƒë„ ë©°ì¹  ì¼ì° í•€ë‹¤ë„¤ ã…‹ã…‹ã…‹ã…‹ã…‹
774,ë…ì½”,ë²šê½ƒ ì¢€ë¹„ ë‚´ ìž…ëŒ€ê³¡
775,hbn***,ë´„ì´ì™”êµ¬ë‚˜ ë²šê½ƒì—”ë”© ~~~~~~~~ì´ê²Œ ì§„ì§œëª…ê³¡ì´ë‹¹
776,ã…ˆã…Ž,ë” ì˜¬ë¼ë¼ ðŸŒ¸
777,theandmore,ë´„ì´ ì™”ë‹¤!
778,ldg***,ë‹¤ë“¤ ë²šê½ƒì¢€ë¹„ë¼ê³  í•˜ì§€ë§Œê·¸ëž˜ë„ ê¾¸ì¤€ížˆ ì˜¬ë¼ì˜¤ëŠ”ê±¸ë³´ë‹ˆì´ë§Œí¼ ë´„ì„ ìž˜ í‘œí˜„í•œ ê³¡ì´ ì—†ë‹¤.
779,bow***,ë²šê½ƒì¢€ë¹„ : ì•ˆë…•? ë‚˜ì˜¬í•´ë„ ì™”ì–´ ìž˜ë¶€íƒí•´
780,ë…¸ë ¥í•˜ëŠ”ê³°ëŒì´,ìž ì´ì œ ìŠ¬ìŠ¬ ì˜¬ë¼ì™€ì œ? ë²šê½ƒì¢€ë¹„...ã…‹ã…‹ã…‹
781,shm***,ã„¹ã…‡ë²šê½ƒì¢€ë¹„
782,ghd***,"""ì˜¤ëžœ ì‹œê°„ì´ ì§€ë‚˜ì„œ ì§€êµ¬ ì˜¨ë‚œí™”ë¡œ ë´„ì„ ëª¨ë¥´ê²Œ ë  ì„¸ëŒ€ì—ê²Œ ìš°ë¦¬ë“¤ì˜ ë´„ì€ ì´ëž¬ë‹¤ë¼ë©° ë“¤ë ¤ì£¼ê³  ì‹¶ì€ ë…¸ëž˜"" ë¼ëŠ” ë§ì´ ìƒê°ë‚˜ë„¤ìš”"
783,ìœ ë‹ˆíš¨ê³¼,êµ¬ëŒ€ì—¬ êµ¬ëŒ€ì—¬ êµ¬ëŒ€ì—¬ -
784,qkr***,ê·¸ë¶„ì´ ì˜¬ë¼ì˜¤ê³  ê³„ì‹­ë‹ˆë‹¤. ê¸¸ì„ ì—´ì–´ë“œë¦½ì‹œë‹¤.
785,ë¼ë¼ã…¡,ìš”ì¦˜ ì´ ë…¸ëž˜ë¥¼ ë²šê½ƒì—°ê¸ˆì´ë¼ê³  ë¶€ë¥´ë˜ë° ã…‹ã…‹ã…‹ã…‹ã…‹ã…‹ã…‹ã…‹
786,XD,ì´ ë…¸ëž˜ ì˜¬ë¼ì˜¤ë©´ ë‚ ì”¨ê°€ ì¢‹ì•„ì ¸ã…‹ã…‹ã…‹ã…‹ã…‹ã…‹ã…‹ã…‹ ì•„ ë´„ì´êµ¬ë‚˜ í•˜ê³  ë”± ëŠë‚Œã…Œã…‹ã…‹ã…‹ã…‹ã…‹ã…‹
787,wsx***,ë²šê½ƒ ì¢€ë¹„ã…‹ã…‹ã…‹ã…‹ã…‹ã…‹ã…‹ã…‹ã…‹ã…‹ã…‹ã…‹ã…‹ã…‹
788,ì·¨ë¯¸ëŠ”ì‚¬ëž‘,ì˜¬ë¼ì˜¨ë‹¤ ã…‹ã…‹ã…‹ã…‹ã…‹ã…‹
789,ker***,ë­ì•¼ ë˜ ìŠ¤ë©€ìŠ¤ë©€ ì˜¬ë¼ì˜¤ë„¤ã…‹ã…‹ã…‹
790,PePe,ì´ë§Œí¼ ë´„ì„ ìž˜ í‘œí˜„í•œ ê³¡ì´ ì—†ì–´ì„œ ë²šê½ƒì¢€ë¹„
791,goodnightngo,ê·¸ëž˜ì„œ ë²šê½ƒì¢€ë¹„ ìž–ì•„ì—¬ã…‹ã…‹ê³„ì† ì˜¬ë¼ì™€ì„œ
792,dd,ì˜¬í•´ë„ ë“¤ìœ¼ëŸ¬ ì™”ìˆ¨ë‹¤!
793,jsk***,ì—°ê¸ˆíƒ€ëŸ¬ ì˜¤ì…¨ë„¤ìš” ã…‹ã…‹ã…‹
794,woo***,ì¢€ë¹„ ì—”ë”©
795,dnd,ì¢‹ê¸´ì¢‹ë‹¤ ìœ½
796,JK,ë§¤ë…„ ì´ë…¸ëž˜ ë“¤ì„ë•Œë§ˆë‹¤ ì—¬ìžê°€ ë°”ë€Œì–´ìžˆë„¤..
797,dsb***,"ë´„ê³¼ ê·¸ë•Œì˜ ê¸°ì–µì„ ë˜ì‚´ì•„ë‚˜ê²Œí•˜ëŠ”ê³¡ì´ë¼ì„œ ì´ë§˜ì¯¤ ì°¾ì•„ ë“£ê²Œ ë˜ë„¤ìš” ã…Žë˜, ì´ê³¡ì„ ë“¤ìœ¼ë©´ í•´ë§ˆë‹¤ ë“£ë˜ ì¶”ì–µì´ë– ì˜¬ë¼ì„œ ì •ë§ ì¸ìƒê³¡ì´ë¨"
798,ì´í•œìš¸ã„´,ê³ ê°ë‹˜ ~ ë²šê½ƒì—°ê¸ˆ ë‚˜ì˜¤ì…¨ì–´ìš”~ë¹¨ë¦¬ ìˆ˜ë ¹í•´ê°€ì„¸ìš” ^^ë§¤ë…„ ë´„ë§ˆë‹¤ ë‚˜ì˜µë‹ˆë‹¤ ^^
799,mil***,ëŒ€ë°•ì´ë‹¤ . . . ì•„ì§ ê½ƒë„ ë§Œê°œí•˜ê¸° ì „ì¸ë°.  . . ë²Œì„œë¶€í„° . . .
800,jes***,ì˜¬í•´ë„ ë°˜ê°€ì›Œ
801,yej***,ë“¤ì–´ë„ ë“¤ì–´ë„ ì¢‹ë„¤ ã…‹ã…‹ã…‹ðŸ˜‚ðŸ˜‚
802,rom***,2016ë…„ ë´„ì´ ì™”ìŠµë‹ˆë‹¤~
803,ë¬¼ë§ì´ˆ,ë²šê½ƒì¢€ë¹„ê°€ ë˜......ðŸŒ¸ðŸŒ¸ðŸŒ¸
804,yoo***,ì˜¬ë¼ì˜¨ë‹¤....
805,pla***,"ì‚¼ì›”ì˜¤ë‹ˆ ì–´ì©” ìˆ˜ ì—†êµ¬ë‚˜,ë„ëŒì´í‘œ.. ì§€ê¸ˆ ë“¤ì–´ë„ ì¢‹ì•„:)"
806,rut***,ë²šê½ƒì—°ê¸ˆìœ¼ë¡œ í›„ì²œì²™ ê¸ˆìˆ˜ì €...
807,min***,ã…‹ã…‹ã…‹ã…‹ã…‹ã…‹ã…‹ã…‹ã…‹ã…‹
808,í•œê¸€ì‚¬ëž‘,ë”¸ì´  ìžˆìœ¼ë‹ˆ ë”¸ì€ ë²šê½ƒìˆ˜ì €ã…Žã…Ž
809,ë‚´ì ëŒ„ìŠ¤,ë²šê½ƒìˆ˜ì € ã…‹ã…‹ã…‹ìˆ˜ì €ë„ ì˜ˆì˜ë„¤
810,uru***,ë˜ ì„¤ë ˆì„œ ì‹ ê¸°
811,rev***,ë˜ì˜¬ë¼ì™€ ã…‹ã…‹ã…‹ã…‹ã…‹ã…‹ã…‹ã…‹ã…‹ã…‹ã…‹ã…‹ã…‹ ë¦¬ìŠ¤íŽ™ ìž¥ì‚¬ìž¥ë‹˜
812,kin***,ì˜¬í•´ë„ ìŠ¬ìŠ¬ ë°œë™ê±¸ë¦°ë‹¤.. ë²šê½ƒì—°ê¸ˆ..ðŸ˜
813,wls***,ë²šê½ƒì—°ê¸ˆã…‹ã…‹
814,ldk***,íš¨ìžê³¡
815,spa***,ì¢€ë¹„ìŠµê²©!!!
816,í’ì´,ì˜¬í•´ë„ ë²šê½ƒì—”ë”© ë“¤ìœ¼ëŸ¬ì™”ìŠµë‹ˆë‹¤ã…‹ã…‹ã…‹ã…‹ã…‹
817,ì¶©ë‚¨ê¸°ëª¨ì°Œ,ì˜¬ë¼ì˜¨ë‹¤ì˜¬ë¼ì˜¨ë‹¤ì˜¬ë¼ì˜¨ë‹¤ã…‹ã…‹ã…‹ã…‹ã…‹ðŸŒ·
818,aqu***,ë¶€ëŸ½ë‹¤ ìž¥ë²”ì¤€....ëˆì„ ê¸ì–´ ëª¨ìœ¼ë„¤...ë§¤ë…„ ì´ëŸ¬ë‹ˆ
819,pmy***,ì„¤ë§ˆí•˜ê³  ì°¨íŠ¸ ë´¤ëŠ”ë° ã…‹ã…‹ ì—­ì‹œ ì˜¬í•´ë„ ì—­ì£¼í–‰. ë´„ì¢€ë¹„ ë´„ìºë¡¤
820,mus***,ë²šê½ƒì¢€ë¹„â™¡
821,ehhd,ë²šê½ƒì—”ë”©ì€ ë…¸ëž˜ê°€ ì•„ë‹ˆë¼ ê³¼í•™ìž…ë‹ˆë‹¤~
822,jun***,ì–´ê¹€ì—†ì´ ì˜¬í•´ë„ì˜¬ë¼ì™”êµ¬ë‚˜..ã…‹ã…‹ã…‹ë§¤ë…„ë´„ì„ì±…ìž„ì§€ëŠ”ë…¸ëž˜!
823,í‡´ê·¼í•˜ê³ ì‹¶ë‹¤,ì˜¤ëŠ˜ ë‚ ì”¨ ë„ˆë¬´ ì¢‹ì•„ì„œ ë“¤ìœ¼ë ¤ê³  í‹€ì—ˆëŠ”ë° ì‹¤ì‹œê°„ ì°¨íŠ¸ 45ìœ„ã…‹ã…‹ã…‹ã…‹ã…‹ã…‹ã…‹ã…‹ã…‹ã…‹ã…‹ã…‹ã…‹ã…‹ ì§„ì§œ ë§¤ë…„ ë¶€í™œí•˜ëŠ” ëª…ê³¡ðŸ‘ðŸ‘
824,myp***,ë¶€í™œí•˜ë¼ ë²šê½ƒì¢€ë¹„!!!ðŸŒ¸ðŸŒ¸ðŸŒ¸
825,Pummmba,ë¦¬ì–¼ ë²šê½ƒì¢€ë¹„
826,í¬ë¦¼ë¸Œë¥„ë ˆ,ì˜¬í•´ë„ ì–´ê¹€ì—†ì´ ëŒì•„ì˜¨ ë²šê½ƒì¢€ë¹„ðŸŒ¸ðŸŒ¸ðŸŒ¸ë²šê½ƒì‹œì¦Œì´ ì‹œìž‘ë˜ê¸°ì „ ë¯¸ë¦¬ ë“¤ì–´ì¤˜ì•¼ì§€~ê³ ê°ë‹˜ ë²šê½ƒì—°ê¸ˆ ìˆ˜ë ¹í•˜ì…”ì•¼ì£ ?ðŸ˜ŠðŸ˜€
827,í•«ë°”ì§€,ì—°ê¸ˆ ì—”ë”©
828,JK,ì§„ì§œ ì´ë…¸ëž˜ ë“¤ìœ¼ë©´ í•™êµë³µí•™ í–ˆì„ë•Œ ê¸°ì–µë‚¨..ê·¸ê²ƒë„ ì–´ëŠë§ 4ë…„ì§€ë‚¨ ã…œã…œ
829,SomeoneLikeU,ì˜¤ëŠ˜ë¶€í„° ë“¤ì–´ì•¼ì§€! ì´ ë…¸ëž˜ë“¤ìœ¼ë©´ ëŒ€í•™ì‹œì ˆì´ ìƒê°ë‚˜ì„œ ëª½ê¸€ëª½ê¸€í•¨ ðŸ™ƒ
830,A0,ì‹œìž‘ì¸ê°€ìš” ã…Ž.ã…Ž
831,twi***,ë´„ë°”ëžŒ íœ˜ë‚ ë¦¬ë©°~ì´ ê³¡ì„ ìž¬ìƒëª©ë¡ìœ¼ë¡œ~
832,akha,ì˜¬ë¼ì˜¬ ë•Œ ëì£ 
833,mis***,ë²šê½ƒì—°ê¸ˆì´ë¼ë”ë‹ˆ ì§„ì§œ ëŒ€ë‹¨í•œë“¯ í•´ë…„ë§ˆë‹¤ ì´ì •ë„ë©´ã…‹ã…‹ã…‹ ë´„ì— ì •ë§ ëŒ€ì²´ë¶ˆê°€ê³¡ì¸ë“¯
834,she***,ì‹œìž‘í–ˆë‹¤
835,ìœ¤ë´„,ìž¬ìƒëª©ë¡ìž¥â˜†ì°© ë‚ ì”¨í’€ë¦¬ë©´ ê¸ˆë°©ì¹˜ê³ ì˜¬ë¼ì˜¨ë‹¤ã…‹ã…‹ã„± ã…‹ã…‹ã…‹
836,tyu***,ë´„ ë…¸ëž˜ë¡œë”±ë§žìŒ
837,YarnBer,ê·¸ë•Œê°€ ì™”ë‹¤....
838,ê³°íŒ¡ì´,ì´ì œ ë“¤ì„ ë•Œê°€ ì™”ì§€
839,dls***,ë´„ì€ ì—³ì‹œ ë²„ì»¤ë²„ì»¤~~
840,ì•„í‚¤ë‹¤,ìŠ¬ìŠ¬ ìž¬ìƒëª©ë¡ì— ë„£ì–´ì¤˜ì•¼ì§˜ã…‹ã…‹ã…‹ã…‹ã…‹ã…‹
841,ìš°í•˜í•˜í•˜í•˜,ê³ ê°ë‹˜ ì—°ê¸ˆíƒ€ì…”ì•¼ì£ !
842,ì¼ì‚°í”ë‚¨,ì´ì œ ì˜¬ë¼ì˜¬ì¤€ë¹„í•´ì•¼ì§€
843,í¬ì˜,ìŠ¬ìŠ¬ ì°¨íŠ¸ì— ë¶€í™œí•˜ê¸° ì‹œìž‘í•˜ëŠ”êµ°ã…‹ã…‹ã…‹ë´„ë°”ëžŒ ë¶ˆê¸° ì‹œìž‘í•˜ë©´ ìš¸ë ¤í¼ì§€ëŠ” ë²šê½ƒì¢€ë¹„~ðŸŒ¸ðŸŒ¸
844,í–„ìŠ¤íƒ•,ë´„í•˜ë©´ ë²šê½ƒì—”ë”©! 2012ë…„ë´„ë’¤ë¡œ ì­‰ ê³„ì†!
845,ker***,ì˜¤ëŠ˜ ê¸¸ì—ì„œ ë²›ê½ƒì¢€ë¹„ ë“¤ìŒ ìŠ¬ìŠ¬ ì˜¬ë¼ì˜¬ë•ê°€
846,ëŒ•ì›,"ë²šê½ƒ ë‚ ë¦¬ê³  ê¸¸ê±°ë¦¬ì—ì„œ ì´ ë…¸ëž˜ê°€ ë‚˜ì˜¤ëŠ” ê¸¸ì„ ì‚¬ëž‘í•˜ëŠ” ì‚¬ëžŒê³¼ í•¨ê»˜ ê±¸ì„ë•Œì˜ ê·¸ í–‰ë³µ, ì˜¬í•´ ë´„ì—ë„ ëŠë¼ê³  ì‹¶ë‹¤."
847,ha2***,ì§€ê²¨ìš´ë° ì´ìƒí•˜ê²Œ ì•ˆì§€ê²¨ì›Œ
848,kab***,ë´„ì—ëŠ” ì´ ë…¸ëž˜ê°€ ì œì¼!
849,jih***,ì´ê±° ì¶•ì œë•Œ ë¶ˆë €ëŠ”ë””..ã…Žã…Žì¶”ì–µë‹ì•„ìš”â¤â¤
850,sbk***,ê·¸ ë™ì•ˆ ë§Žì´ ë“¤ì—ˆê³  ê²¨ìš¸ì´ë¼ ë³„ë¡œì¼ì¤„ ì•Œì•˜ëŠ”ë° ì¢‹ë„¤ìš” ã…‹ã…‹ ì˜¬ ë´„ì—ë„ ì—¬ì§€ì—†ì´ ì˜¬ë¼ì˜¤ê² ì£ ?
851,ðŸ”,ê²¨ìš¸ì—ë“¤ì–´ë„ ì¢‹ì•„.
852,ížêµ¬,ë²šê½ƒì—°ê¸ˆ
853,mar***,ì´ ë…¸ëžœ ë´„ ì•„ë‹Œ ê³„ì ˆì— ë“¤ì–´ë„ ì¢‹ì•„..
854,won***,ì‹­ë…„. ì´ì‹­ë…„ì´ í˜ëŸ¬ë„. ìœ¡ì‹­ë…„í›„ì—ë„ ë´„ì´ë©´ ì´ ë…¸ëž˜ê°€ ë‚˜ì˜¬ê±°ì•¼.
855,ajs***,ã…ë²šê½ƒì¢€ë¹„..
856,ëŒ€ë‚˜ë¬´,ì§€ê¸ˆ ë“£ëŠ” ë…¸ëž˜ê°€ í˜ëŸ¬ê°„ ì˜›ë‚ ë…¸ëž˜ê°€ ë ê¹Œë´ ë¬´ì„­ë‹¤
857,som***,ì¦ê²¨ë¶€ë¥´ë˜ ê·¸ì‚¬ëžŒì´ ë¬¸ë“ ìƒê°ë‚˜ë„¤ìš”. ìžŠê³  ìžˆì—ˆë˜..ìžŠì–´ì•¼ í–ˆë˜ ê·¸ì‚¬ëžŒì´ ìƒê°ë‚˜ë„¤ìš”.
858,ì½©êµ­ì´,ë´„ì´ë¼ë©´!
859,kik***,ì§„ì§œë´„ëë‚˜ê°„ë‹¤ê³ ê°‘ìžê¸°ìˆœìœ„ì˜¤ë¥´ë„¤ìš”ã…‹ã…‹
860,ade***,ìŠµê´€ì²˜ëŸ¼ ë“¤ì–´ë³´ëŠ” ë…¸ëž˜.. ì•ˆë…• ë‚´ë…„ì— ë³´ìž
861,oro***,ë²šê½ƒì¢€ë¹„ ìž ì‹œ ì•ˆë…•~~ ë‚´ë…„ì— ë‹¤ì‹œ ë´ìš”~~
862,exo***,ë‹¤ì‹œ ë¶€í™œí–ˆêµ° ìžë„¤
863,ins***,ë´‰ê½ƒì—”ë”© ã… ã… 
864,ã…‚ëª½,ë¦¬ë·°í•œë²ˆë„ì•ˆì“°ë‹¤ê°€ì¨ë³¸ë‹¤.ë¬´ê¶í™”ê´€ë ¨ë…¸ëž˜ë„ë§Œë“¤ì–´ì¤˜ì œë°œ...
865,min***,ë²šê½ƒë„¤ë²„ì—”ë”©
866,Kilgoon,ì¢€ë¹„ê°™ì€ê±°~ë˜ì‚´ì•„ë‚¬êµ¬ë‚˜
867,par***,ì¢€ë¹„ì—”ë”©..........ê·¸ë§Œì¢€ì˜¬ë¼ì™€....
868,h9h***,ë´„ì„ ëŒ€í‘œí•˜ëŠ” ë…¸ëž˜
869,bog***,ë´„í•˜ë©´ ì´ë…¸ëž˜ê°€...ðŸ˜ðŸ˜„ðŸ˜†
870,say***,ë²šê½ƒì—°ê¸ˆìž¼ ã…‹ã…‹ã…‹ã…‹ã…‹ã…‹ã…‹ã…‹ì´ëŸ° ì¢€ë¹„ê°™ì€ ê³¡!!!ã…Žã…Žã…Žã…Ž
871,dot***,ë¬´ê¶í™”ë¬´ê¶í™” ìš°ë¦¬ë‚˜ë¼ê½ƒ
872,dot***,ì‚¼ì²œë¦¬ ê°•ì‚°ì— ìš°ë¦¬ë‚˜ë¼ê½ƒ~
873,kjs***,ì™œ ì¢‹êµ¬ë§Œ
874,ëŸ­í‚¤ðŸ€,ì¢‹ê¸°ë§Œ í•˜êµ¬ë§Œ
875,par***,ì¢‹ì€ë° ë„ˆë¬´ ì˜¬ë¼ì™˜ã…‹ã…‹ã…‹ã…‹ã…‹ã…‹ã…‹ã…‹ã…‹
876,í•˜ë‹ˆë‹ˆë‹ˆ,ë²šê½ƒì—”ë”©ì•„ë‹Œ ë²šê½ƒì—°ê¸ˆ
877,ìª¼ë§¤ë‹ˆì ¸,ì—°ê¸ˆë³µê¶Œ ë…¸ëž˜
878,sby***,ë´„ê¹¡íŒ¨
879,Lily,ë²šê½ƒì¢€ë¹„ ìž‘ë…„ì—ë¹„í•´ íž˜ì„ ëª»ì“°ëŠ”ë“¯
880,ì‘ì‘,ì–¸ì œ ë“¤ì–´ë„ ì¢‹ë„¤ìš”...^^ ë´„ìºë¡¤ í™”ì´íŒ…!!
881,kaffein,ì§„ì§œ í•œìš°ì‚¬ê³¨ê¸‰ì´ë‹¤. ê·¼ë° ìš°ë ¤ë‚´ë„ ìš°ë ¤ë‚´ë„ ì´ë…¸ëž˜ë§Œí¼ì€ í•­ìƒ ì§„êµ­ì´ë‹¤. ì§„ì§œ ì¢‹ì€ë…¸ëž˜ë‹¤. 4ì›”ì˜ ë´„ì„ìœ„í•œ ì¼€ë¡¤ì´ë‹¤.
882,pwo***,ë´„ë§Œë˜ë©´ ìˆœìœ„ê¶Œì—ì˜¬ë¼ì˜¤ëŠ” ë…¸ëž˜ã„·ã„·ã„·
883,euj***,ì§„í•´ êµ°í•­ì œì™€ í•¨ê»˜í•˜ëŠ” ë²šê½ƒì—”ë”©
884,911***,ê°€ë³¼ê¹Œë‚˜
885,ë…¸ëž˜ìŸì´,ë²šê½ƒ ì‹œì¦Œì´ ë‹¤ê°€ì˜¤ë‹ˆ ìžì—°ìŠ¤ëŸ½ê²Œ ë“£ê²Œ ë˜ëŠ” ë…¸ëž˜ã…Žì–¸ì œë‚˜ ë“¤ì–´ë‚˜ ì§€ê²¹ì§€ ì•ŠëŠ”ë…¸ëž˜~!
886,ë©”ì´ì—”,ë²šê½ƒì¢€ë¹„
887,ohs***,ë²šê½ƒ ë„¤ë²„ì—”ë”© ã„·ã„·
888,JK,ë§¤ë…„ ì´ë…¸ëž˜ ë“¤ì„ë•Œë§ˆë‹¤ ì—¬ìžê°€ ë°”ë€Œì–´ìž‡ë„¤..ã…¡ã…¡
889,don***,ë´„ì˜ë…¸ëž˜ê°€ì‹œìž‘ë¬ë‹¼ã…‹ã…‹ã…‹ã…‹ã…‹ã…‹ë²„ìŠ¤ì»¤ë²„ìŠ¤ì»¤í™”ì´íŒ…!
890,nss,ìŠ¤íƒ€íŠ¸
891,kin***,ë²šê½ƒì—°ê¸ˆã…‹ã…‹ã…‹ã…‹ã…‹ã…‹
892,con***,ìž‘ë…„ì— ì—°ê¸ˆì´ë‚˜ë­ë‹ˆë‚´ë…„ì—” ì•ˆë“¤ì–´ì•¼ê² ë‹¤...í•˜ëŠ”ë° ë˜ ë“£ê³ ìžˆëŠ” ë…¸ëž˜...
893,div***,ë´„ìŠ¤ì»¤ë´„ìŠ¤ì»¤
894,hsk***,ë´„ì´ë¼ì„œ ë‹¤ì‹œ ì°¾ê²Œ ë˜ëŠ” ë…¸ëž˜..
895,kys***,ë²šê½ƒì—°ê¸ˆì´ë„¤...ë¶€ëŸ½
896,gkf***,ë²šê½ƒì¢€ë¹„
897,í›ˆë…€ã…¡ê·€ã„·ã…¡,ì§ˆë¦°ë‹¤í•´ë†“ê³  ë…¸ëž˜ê°€ ë‚˜ì˜¤ë©´ ë“£ê²Œëœë‹¤....
898,zoo***,íž˜ì„ ë‚´ìš” ë²šê½ƒíŒŒì›”
899,dnt***,ì™€ ì§„ì§œ ë²šê½ƒì¢€ë¹„ ëŒ€ë°• ã…‹ã…‹ã…‹ã…‹ã…‹ìœ„ì•„ëž˜ëŠ” ì•„ë¬´ê²ƒë„ì•„ë‹ˆì˜€ì–´
900,ã„±,ë´„ì´ì™”ë‹¤!
901,har***,ìŠ¤ë¯ˆìŠ¤ë¯ˆ~~~.~~~~~~ì˜¬ë¼ì˜¨ë‹¤~~~~~ë´„ì´êµ¬ë‚˜~~~~~.~
902,gus***,ë‹¤ì‹œ ì˜¬ë¼ê°€ìž~~!!
903,ryu,ë˜ ?
904,con***,í•˜.. ì§„ì§œ ì—­ì£¼í–‰í•˜ëŠ”ê±°ë´¨ã…‹ã„±ã„±ã…‹ã…‹
905,dod***,ì§„ì§œ ëŒ€ë‹¨í•˜ë‹¼ã…‹ã…‹ã…‹ã…‹ë²„ìŠ¤ì»¤ë²„ìŠ¤ì»¤ëŠ” ë…¸ëž˜ì•ˆë‚´ë„ í‰ìƒ ë²šê½ƒì—”ë”©ìœ¼ë¡œ ë¨¹ê³ ì‚´ë“¯
906,har***,ì§„ì§œ ì¼ì§‘ì€ ë²„ë¦´ë…¸ëž˜ê°€ ì—†ë„¼ã…‹ã…‹ã…‹ã…‹ëª…ë°˜ì´ë‹¤ ì§„ì§œ
907,min***,ë…¸ëž˜ì¢‹ë‹¤....
908,ì¡°ì›,ì ê¸ˆê¹¨ëŸ¬ ì˜¤ì…¨ë„¤
909,julius,ë²„ìŠ¤ì»¤ ì—°ê¸ˆì˜ ê³„ì ˆì´ ëŒì•„ì™“ë„¤ìš”
910,eh9***,ë‚´ì¼ ë˜ ë”°ëœ»í•˜ë‹¤ê³  í•˜ë‹ˆê¹Œ 1ìœ„ ë‹¤ì‹œ ê°ˆìˆ˜ìžˆì„ë“¯~~
911,pun***,ìš°ì•„~ ë´„ì´ ë‹¤ì‹œì™”êµ¬ë‚˜
912,sak***,ë˜ ë´„ì´ì™”ë„¤ìš”
913,tjd***,ë…¸ëž˜ ì™„ì „ ì¢‹ë„¤ìš” â™¥â™¥â™¥â™¥â™¥â™¥â™¥
914,bok***,ëŒ€ ë‹¤ ë‚˜ ë‹¤
915,ìží‹°ë‹ˆ,ì§„ì§œ ë¬´ì„­ë‹¤ ã…‹ã…‹ã…‹ ì´ ì¢€ë¹„ê°™ì€ë…¸ëž˜
916,ì—ì—,ìž ì°¨íŠ¸ê±·ì„ê²Œìš”~
917,MuzinCon,ê·¸ë†ˆì˜ ë²šê½ƒì—°ê¸ˆ ë˜ ìˆ˜ê¸ˆí•˜ëŸ¬ ì™”ë„¤
918,ì—ì§€ì˜¤ ì•„ë””í† ë ˆ,ì‚¬ìŠ¤ê°€ ë²šê½ƒì¢€ë¹„.. ë´„ë§Œ ë˜ë©´ ì‚´ì•„ì„œ ëŒì•„ì˜¤ëŠ”..
919,gwa***,ìž¥ë²”ì¤€ì˜ ë²šê½ƒì—°ê¸ˆ
920,sis***,ëŒ€ë‹¨í•˜ë‹¤ ì§„ì§´ã…‹ã…‹
921,pih***,ë§™ì†Œìƒ„ã…‹ã„²1ìœ„ë¨ã…‹ã…‹ã…‹ã…‹ã…‹
922,zan***,í— 1ë“±...ã„¸
923,pso***,ë²šê½‚ì¢€ë¹„ ã…‹ã…‹ã…‹
924,Lira,ì§„ì§œ ë¯¸ì³¤ë‹¤ ã…‹ã…‹ã…‹ã…‹ã…‹ã…‹ã…‹ã…‹ã…‹ã…‹ã…‹
925,ihavenoidea,ì™€ ë²Œì¨ 1ìœ„ì–”ã…‹ã…‹ã…‹ã…‹ã…‹ã…‹ã…‹ã…‹ì§„ì§œ ëŒ€ë‹¨...
926,í™”ìš”ì¼,ë²—ê½ƒíŽ€ë“œã…‹ã…‹ã…‹ã…‹ã…‹ã…ã…ã…‹ã…‹ã…‹ã…‹
927,yuk***,ìš°ì™€...ë‚ ì”¨ê°€ì¢‹ì•„ì§€ë‹ˆê¹Œìˆœìœ„ë„ì˜¤ë¥´ë„¤
928,6f,ë˜ì˜¬ë¼ì™”ì–´ ë¯¸ì¹œã…‹ã…‹ã…‹ã…‹ã…‹ã…‹
929,ã…Žã…Ž,ã…Žã„·ã„· ì¢€ë¹„ë“±ìž¥
930,ë ˆì˜¹,ã…‹ã…‹ã…‹ã…‹ã…‹ã…‹ã…‹ã…‹1ë“±!
931,dod***,ë²šê½ƒ ì—°ê¸ˆ ã…‹ã…‹ã…‹ã…‹ã…‹
932,ì§•ì§•,ì™€ ë˜ 1ìœ„..ëŒ€ë‹¨í•˜ë‹¤... ã…‹ã…‹ã…‹ã„±ã…‹
933,ðŸŽ€,ë²šê½ƒì¢€ë¹„1ìœ„ë“±ê·¹ã…‹ã…‹ã…‹ã…‹ã…‹ã…‹ã…‹ã…‹ã…‹ã…‹ã…‹
934,eh9***,ë¯¸ì³£ë„¤..
935,ì˜¤ë“¤í¬42,1ìœ„ë¼ë‹ˆ..
936,ë©”ëž€ì´,ã…Žã„· ã„· ã„·
937,ëƒ‰ì˜,ë²šê½ƒì¢€ë¹„ ì§„ì§œ ëª…ë¶ˆí—ˆì „
938,lou***,ë‹¤ì‹œ ëŒì•„ì˜¨ ë²šê½ƒ ì¢€ë¹„ì˜ ê³„ì ˆ
939,ddw***,ì´ ì¢€ë¹„ë…¸ëž˜ ì–¸ì œê¹Œì§€ ì´ë ‡ê²Œ ì¢‹ì„ê±°ëƒ
940,123***,ì™€.. ì—­ì‹œëŠ ì¢€ë¹„ì—”ë”©â™¥ ì–¸ì œë‚˜ ë‹¤ê°€ì˜¤ëŠ”êµ¬ë ¤â™¥â™¥
941,ds5***,ë´„ì´ë©´ ì–´ê¹€ì—†ì´ 1ë“± ì°ëŠ” ë…¸ëž˜ëŒ€í•™ìƒë“¤ì´ ë§Žì´ ë“£ì§€ ì‹¶ë‹¤.
942,aka***,ì´ë†ˆì˜ ë²—ê½ƒì—”ë”©ì€ ë´„ë§Œë˜ë©´ ì˜¬ë¼ì˜¤ë„¤ã…‹ã…‹ã…‹ã…‹ì¡¸ë¼ì¢‹êµ°
943,kjh***,ì•„ì™¸ë¡œì›¥
944,ssk***,ë²šê½ƒì¢€ë¹„ ã…‹ã…‹ã…‹ã…‹
945,blo***,ì¢€ë¹„ ì—”ë”©
946,ë‹¤ë£¨,ã…‹ã…‹ã…‹ã…‹ã…‹ã…‹ã…‹ã…‹ã…‹ã…‹ã…‹ã…‹ã…‹ã…‹ã…‹ì™€ ë´„ì´êµ¬ë‚˜ ã…‹ã…‹ã…‹ã…‹ã…‹ã…‹ã…‹ã…‹ã…‹
947,gkg***,ë´„ë§Œë˜ë©´ ìŠ¤ë©€ìŠ¤ë©€ ì°¨íŠ¸ìœ„ë¡œ ê¸°ì–´ì˜¬ë¼ì˜¤ëŠ” ë…¸ëž˜... ì„¸ì¸íŠ¸ë£¨ì´ìŠ¤ ì¹´ë””ë„ìŠ¤ê°€ ê°€ì„ì¢€ë¹„ë¼ë©´ ë²šê½ƒì—”ë”©ì€ ë´„ì¢€ë¹„
948,ehd***,ì™¸ë¡­ë‹¤..
949,ë¦¬ì–¼ì´ˆì´ìŠ¤,ì´ê±´ ëª¨ë‘ê°€ ì¢‹ì•„í•œë‹¤ëŠ” ì¦ê±°ì£  ë´„íƒ€ë ¤ë‚˜ ã…Žã…Žã…Žê´œížˆ ì‚´ëž‘ë˜ë„¤ ã…‹ã…‹ã…‹ã…‹ë§˜ì´ê°€
950,ëƒ”ëƒ,ì´ì œ ë²šê½ƒì´ í”¼ê¸° ì‹œìž‘í–ˆë‚˜ë´…ë‹ˆë‹¤...â˜…
951,ycl***,ëˆì„ ì“¸ì–´ë‹´ê² ë„¤
952,zan***,ã…‹ã…‹ã…‹ã…‹ã…‹ã…‹ã…‹ã…‹ã…‹ã…‹ã…‹ã…‹ì•„ í„°ì¡Œë„¤ìš” ã…‹ã…‹ã…‹ã…‹ã…‹ã…‹ã…‹ã…‹ã…‹ã…‹ã…Œ
953,kor***,ê·¸ìƒˆ ë˜ ì˜¬ë¼ì™”ì–´...ã…‹ã…‹ã…‹ã…‹
954,dht***,1ìœ„ê°€ìž
955,ë¤ë¤,1ìœ„ ë§Œë“¤ì–´ë´…ì‹œë‹¤ã…‹ã…‹ã…‹ã…‹
956,ã…‡ã…‡ã…‡ã…‡,ë²šê½ƒì¢€ë¹œã…‹ã…‹ã…‹ã…‹ã…‹ê·¼ë°ì‹ ê¸°í•œê²Œ ë“¤ì–´ë„ë“¤ì–´ë„ ì§ˆë¦¬ì§€ê°€ ì•ŠìŒ
957,hoh***,ë²šê½ƒ ì¢€ë¹„
958,HWAN,ì´ë ‡ê²Œ ì˜¬ë¼ì˜¤ëŠ”ê²Œ ì´ì œëŠ” ì¢€ ë¬´ì„­ë‹¤.....
959,jun***,í•­ìƒ ë“¤ë¦¬ë©´ ì„¤ë ˆëŠ”ë…¸ëž˜ë‹¤ ì•ˆë“¤ì„ìˆ˜ê°€ì—†ë‹¤
960,umb***,ë²”ì¤€ì´ ì—°ê¸ˆíƒ€ëŠ” ê³„ì ˆì´ ì™”ë‹¤!!!
961,eow***,ë²šê½ƒì¢€ë¹„ ë˜ ì–¸ì œ 2ë“±ê¹Œì§€ ì˜¬ë¼ì˜¨ê±°ëƒ
962,tjd***,ë˜ ì˜¬ë¼ì™”êµ¬ë‚˜ ..í•˜.. ë‚œ1ë…„ë™ì•ˆ ë¨¸í–ˆëƒ
963,jen***,ì—¬ê¸°ëŠ” 2015ë…„ 3ì›” 15ì¼ ë´„. í˜„ ì°¨íŠ¸ 2ìœ„...
964,jes***,ì˜¬ ë´„ì—ë„ ìž˜ ë¶€íƒí•´ ;)
965,ssu***,ë´„ì´ë©´ ê³ í–¥ì„ì°¾ì•„ì˜¤ëŠ” ë²šê½ƒì—”ë”©
966,ekfak9393,ê½ƒì†¡ì´ê°€ 100ìœ„ ì§„ìž…ã…‹ã…‹ã…‹ã…‹ã…‹ã…‹ã…‹
967,yoo***,ë²šê½ƒì¢€ë¹„
968,dus***,ë“œë””ì–´3ìœ„ ã…‹ã…‹ã…‹ã…‹ã…‹ã…‹
969,wta***,1ìœ„ ì°ìž ì´ì œ ë´„ì´ë‹¤
970,ã…‡ã…‡,ì´ë…¸ëž˜ ì •ë§ëŒ€ë‹¨í•˜ë‹¤ ë´„ì² ë§ˆë‹¤ ìˆœìœ„ê¶Œì´ë„¤ ëª‡ë…„ë™ì•ˆìœ ì§€ë ê¹Œê¶ê¸ˆí•˜ë‹¹ ì§±ì§±
971,kim***,6ìœ„ë¼ê³ ?!
972,ì „ì„¤ì˜ê¸°ì‚¬í”¼ì½”,ë²šê½ƒì—°ê¸ˆ.....
973,kmj***,ë˜ ë“£ëŠ”êµ¬ë‚˜ ì´ë²ˆë…„ì—ë„..ê³§ ê½ƒí”¼ë©´ ê±¸ìœ¼ë©´ì„œ ë“¤ì–´ì•¼ì§€
974,bet***,ë²šê½ƒì—°ê¸ˆì˜ ê³„ì ˆì´ ì™”ìˆ©ë‹ˆë‹¹
975,ìœ¤ë´„,ì´ê±° ì§„ì§œ ì‹ ê¸°í•œê²Œ ë´„ì•„ë‹ë•Œë˜ë©´ ì§ˆë¦¬ëŠ”ë° ë´„ì´ ì˜¬ë•Œë˜ë©´ ì´ìƒí•˜ê²Œ ë“£ê³ ì‹¶ì–´ì§ã…œã…œã…œê·¸ë¦¬ê³ ë“¤ìœ¼ë©´ ê¸°ë¶„ì¢‹ë‹¤...ã…Ž
976,gkd***,ì¢€ë¹„ê°™ì€ ë…¸ëž˜ ã…‹ã…‹ã…‹ã…‹ã…‹ã…‹ã…‹ã…‹ã…‹ê°œë¬´ì„­ë‹¤ í•­ìƒ ë”ì§í•¨ EXIDë³´ë‹¤ë”í•œ ì°¨íŠ¸ì—­ì£¼í–‰
977,ckn***,ë²„ìŠ¤ì»¤ë²„ìŠ¤ì»¤ê°€ ë²šê½ƒì—°ê¸ˆìˆ˜ë ¹í•˜ëŠ” ê³„ì ˆì´ì™”êµ¬ë‚˜ ã…Žã…Ž ë´„ì´ë‹¤ë´„â¤ï¸
978,ave***,ë´„ì„ ì‚¬ëž‘í•˜ê³ ì‚¬ëž‘í•˜ëŠ” ë´„ì˜ ê¸°ì–µì´ ìžˆëŠ” ì´ë“¤ì—ê²Œì¢‹ì€ ì¶”ì–µì„ ë– ì˜¬ë¦¬ê²Œ í•˜ëŠ” ë…¸ëž˜
979,ë´„,ì—°ê¸ˆíƒ€ëŸ¬ì˜¤ì…¨ë„¤ã…‹ã…‹ã…‹ã…‹
980,rem***,ë´„ë§Œë˜ë©´ ë“¤ì–´ë³´ëŠ” ë…¸ëž˜ë‹¤
981,jja***,ì—°ê¸ˆíƒ€ëŸ¬ ì˜¤ì…¨ë„¤;;
982,ë­‰ì¹˜ì¹˜,ìŠ¤ë¬¼ìŠ¤ë¬¼ ì˜¬ë¼ì˜¤ëŠ”êµ¬ë‚˜ ì°¨íŠ¸ê¶Œìœ¼ë¡œ!!!!!!!
983,ìµœí† ë¥´,ë²šê½ƒì¢€ë¹„ì˜ ê·€í™˜
984,ì¤˜ë‹,ê°“ê½ƒì—”ë”©
985,spa***,ì§„ì§œ ëª…ë¶ˆí—ˆì „ ã…‹ã…‹ ë´„ë§Œë˜ë©´ ìˆœìœ„ ìˆ˜ì§ìƒìŠ¹ ëŒ€ê¸°ê¶Œëš«ì„ê¸°ì„¸ ã…‹ã…‹ã…‹
986,nya***,ì§œë¦¿í•´ ë´„ë§ˆë‹¤ ìƒˆë¡œì›Œ ë²šê½ƒì—”ë”© ìµœê³ 
987,ìŠ™ìŠ™,ë²šê½ƒ ì¢€ë¹œã…‹ã…‹ã…‹ã…‹ã…‹ã…‹ã…‹ã…‹ã…‹ã…‹
988,smx***,ë˜ì˜¬ë¼ì™”ë„¤ ì´ê±°
989,w1w***,ë˜ì°¨íŠ¸ ìŠ¬ê¸ˆìŠ¬ê¸ˆ ê¸°ì–´ ë‚˜ì˜¨ë‹¤ ë²šê½ƒì—°ê¸ˆ ìº¬ ì´ ë…¸ëž˜ ìµœì†Œ 50ë…„ì€ ê°„ë‹¤
990,con***,ëˆˆ ê°ê³  ë“¤ìœ¼ë©´ ëˆˆì•žì— ë²šê½ƒì´ ë‚ ë¦¬ëŠ” ê±° ê°™ìŒ ã…‹ã…‹ã…‹ã…‹
991,bab***,ìž¥ë²”ì¤€ì”¨ ë°°ëƒ‡ì €ê³ ë¦¬ê°’ìž…ê¸ˆí–‡ìŠµë‹ˆë‹¤^*^
992,ajt***,ìž¥ë²”ì¤€ì”¨ ê¸°ì €ê·€ê°’ ìž…ê¸ˆí–ˆìŠµë‹ˆë‹¤^0^
993,jou***,ì–¸ì œê¹Œì§€ ì´ë ‡ê²Œ ë´„ë§Œë˜ë©´ ëœ°ê¹Œ ëŒ€ë‹¨í•˜ë‹¤ ì§„ì§œ
994,syeon07,ì´ ë…¸ëž˜ ê·¸ë‹¥ ì¢‹ì•„í•˜ì§€ëŠ” ì•ŠëŠ”ë° ë´„ ë˜ê³  ë‚  í’€ë¦¬ë©´ í•­ìƒ ìƒê°ë‚¨ã…‹ã…‹ã…‹ã…‹
995,FlightKY,ë‚ ì´ í¬ê·¼í•´ì§€ë©´ì„œ ìŠ¤ë©€ìŠ¤ë©€ ì˜¬ë¼ì˜¤ë”ë‹ˆ ë²Œì¨ 10ìœ„ê¶Œì´ë„¤ ã…Žã…Ž
996,kim***,ì˜¤ëŠ˜ ì™„ì „ ë´„ë‚ ì”¨ë‹¹ðŸŒ¸ðŸŒ¸ðŸ˜˜
997,qhr***,ë˜ ìŠ¬ê¸ˆìŠ¬ê¸ˆì˜¬ë¼ì˜¤ë„¤ !ã…‹ã…‹ã…‹ã…‹ã…‹
998,ì¡°ì¡°,í•˜ì§€ë§Œ ë§˜ì†ì€ ì—¬ì „ížˆ ê²¨ìš¸
999,kim***,ì€ì§€ì–¸ë‹ˆ ì£½ê³ ì‹¶ëƒ
1000,pur***,ë²šë¥´ë¥´ë¦‰... ë²šë¥´ë¥´ë¦‰.....
1001,pos***,ì´ì •ë„ë©´.. ë²šê½ƒ ì—°ê¸ˆ ã…Žã…Ž
1002,ì²œêµ­ìœ„ì—í•œêµ­,ì•— ê·¸ëŸ¬ê³ ë³´ë‹ˆ ì—°ê¸ˆë‚˜ì˜¬ë•Œêµ¬ë‚˜
1003,din***,ë´„ì˜ ìƒ‰ê°ì´ ëŠê»´ì§€ëŠ” ë“¤ì–´ë„ ë“¤ì–´ë„ ì¢‹ì€ ë…¸ëž˜
1004,ìœ ë‹ˆíš¨ê³¼,ì§ˆë¦¬ëŠ”ë° ë´„ì„ í‘œí˜„í•˜ëŠ” ë…¸ëž˜ë¡  ì´ê²Œ ì œì¼ ì ì ˆí•˜ë‹¹..
1005,ì• ë“œì›Œë“œê°ìƒ,ë²šê½ƒì—°ê¸ˆ
1006,col***,ë²šê½ƒ ì—°ê¸ˆ
1007,ë„í† ë¦¬,ì˜¤ëŠ˜ ë‚  ë”°ëœ»í–ˆë”ë‹ˆ ..ë”°ëœ»í•œë‚ ì— ì´ ë…¸ëž˜ê°€ ë„ˆë¬´ìž˜ì–´ìš¸ë¦¼ ã… ã… ì„¤ë ˜
1008,sou***,ë´„ì˜ ì¼€ë¡¤ì˜ ì‹œìž‘ì´êµ° ã…Ž ã…Ž
1009,ë‚˜ì¸ì´ë§‰,ì´ì œ ë´„ì´êµ¬ë‚˜ðŸŒ¸
1010,ë¬¼ë§ì´ˆ,ðŸŒ¸ðŸŒ¸ðŸŒ¸ë‹¤ì‹œ ë˜ ë´„ì´ë¡œêµ¬ë‚˜ì•„
1011,cms***,ë²„ë¥´ë¦‰ë²„ë¥´ë¦‰
1012,akf***,ì•„ìž‰
1013,ë¡œí…Œ,ì–´í›„ ì°¨íŠ¸ì— ì´ ê³¡ì´ ìžˆëŠ” ê±¸ ë³´ë‹ˆ ë´„ì´ ì™”ë‚˜ ë³´ë„¤ì˜¤
1014,tjd***,ë²„ìŠ¤ì»¤ ê³„ì† í™œë™í•˜ì§€ ã… ã…  ìž¥ë²”ì¤€ ë¸Œëž˜ë“¤ë¦¬ ê¹€í˜•íƒœ ì‚¼ì´ì‚¬ë¡œ ã… ã…  í•©ì³ë¼ ë²„ìŠ¤ì»¤ ì…‹ì´ í•´ì•¼ ì§„ì§œë²œë²œì´ì§€
1015,í—¤í—¿ê·¸ëƒ¥,ìž¥ë²”ì¤€ ì—°ê¸ˆë°›ì•„ê°€ê² ë„¤~!!!!!
1016,ksk***,ë‹¤ì‹œ ì‚´ì•„ë‚œë‹¤ ë²šê½ƒì¢€ë¹„ ã„·ã„·
1017,blu***,ë²šê½ƒì˜ ì—°ê¸ˆìˆ ì‚¬ ã…ã…Šã„·
1018,Jim***,ì°¨íŠ¸ë“£ê³ ìžˆëŠ”ëŽˆã…‹ã…‹ë‚˜ì˜¤ë„¼ã…‹ã…‹ã…‹
1019,kwo***,ë²šê½ƒì¢€ë¹„ê°€ ë‚˜íƒ€ë‚¬ë‹¤ã…‹ã…‹
1020,rma***,ì„œì„œížˆ ì´ ë¶„ì´ ë“±ìž¥í•˜ê³  ìžˆë‹¤
1021,ë‹ˆë‹,ì˜¬ë¼ê°€ëž!!!
1022,akf***,ìž‰ì¡°ìœ¼ë‹¤
1023,mmm***,2ì£¼ ë’¤ì—ëŠ” ì°¨íŠ¸ 10ìœ„ê¶Œ ì˜ˆìƒí•´ë´…ë‹ˆë‹¤
1024,psh***,ì´ ë…¸ëž˜ë„ ë‚˜ì˜¨ì§€ 2ë…„ì´ë‚˜ ë¬ë„¤
1025,sem***,ì—­ì‹œ ë²šê½ƒì¢€ë¹„ã…‹ã…‹ã…‹ã…‹ã…‹
1026,qnp***,ì•ˆë…•í•˜ì„¸ìš” ë²šê½ƒì—°ê¸ˆ ë“¤ìœ¼ëŸ¬ì™“ìŠµë‹ˆë‹¤
1027,vnf***,ì´ì¯¤ë˜ë©´ë‹¤ì‹œëœ¨ê² ì§€ã…‹ã…‹ã…‹ã…‹
1028,ì„¸ì´ì§€,ì˜¬í•´ë„ ë‹¤ì‹œ ì‹œìž‘ ëë‹¤... ëŒ€ë‹¨í•˜ë‹¤!!!
1029,rud***,ì¢€ë¹„ë…¸ëž˜ ã…‹ã…‹ ë²œë²œì˜¤ë¹ ë“¤ ì •ê¸°ì ê¸ˆã…‹ã…‹ã…‹ã…‹ã…‡
1030,dus***,2ì¼ì´ë„¤ìš” ã…‹ã…‹ã…‹ã…‹ã…‹ã…‹ã…‹ã…‹ã…‹ã…‹ã…‹
1031,JK,?? 2012ë…„ì— ë‚˜ì™“ì–´ìš” ã…Ž
1032,msk***,ë²„ë¥´ë¦‰ë²„ë¥´ë¦‰ ì´ì œ ë‹¤ì‹œ ë‹¬ë¦¬ê¸° ì‹œìž‘í–ˆì–´ìš”~
1033,ì–´ì–´ì–´ì–´,ì¢€ë¹„ìƒ ê¸°
1034,gon***,3ì›”ì´ê¸´ í•˜ì§€ë§Œ ì•„ì§ ì¢€ ì´ë¥´ì§€ ì•Šë‚˜ìš” ã…‹ã…‹ã…‹ì¼ë‹¨ ê½ƒìƒ˜ì¶”ìœ„ëŠ” ì§€ë‚˜ì•¼ ã…‹ã…‹ã…‹
1035,íë‹ˆí˜€ë‹ˆëŸ½,ì˜¤ì˜¤ì˜¤ ì´ì œ ì‹œìž‘ì´ë„¤ìš”!!ì˜¬ë¼ê°‘ì‹œë‹¤!!!ã…‹ã…‹ã…‹3ì›” ì²«ì§¸ì£¼ ì›”ìš”ì¼!! ë‚ ì”¨ë„ ì¢‹ë„¤ìš”~!ã…Žã…Ž
1036,hyu***,ì¢€ë¹„ë…¸ëž˜ ã…‹ã…‹ ì´ ì‹œì¦Œë§Œ ë˜ë©´ ì˜¬ë¼ì˜¤ëŠ” ë…¸ëž˜ã…‹ã…‹
1037,sim***,ìŠ¬ê¸ˆìŠ¬ê¸ˆ ì˜¬ë¼ì˜¨ë‹¤ ì´ë…¸ëž˜ ã…‹ã…‹ã…‹ã…‹
1038,sla***,ì‹œì¦Œì†¡ ã… 
1039,tmd***,ìž ì˜¬ë¼ê°‘ì‹œë‹¤
1040,reg***,ì–¼ë§ˆì•ˆë‚¨ì•˜ë‹¤
1041,gud***,ì´ì œì˜¬ë¼ì˜¤ì‹¤ë•Œê°€ ë˜ì…¨ë„¤ìš”!!!
1042,msk***,ì´ ë…¸ëž˜ë¥¼ ë“¤ì„ ê³„ì ˆì´ ëŒì•„ì˜¤ê³  ìžˆë„¤ìš”~
1043,í‹°ê¸€ë¦¬ìŠ¤,ì—¬ì§€ ì—†ì´ ì˜¬í•´ ë´„ì—ë„ ë“¤ë¦¬ê²Ÿì§€??ã…‹ã…‹ã…‹
1044,í¬ë¦¼ë¸Œë¥„ë ˆ,ì •ë§ ì‹ ê¸°í•˜ê²Œë„ ì´ ë…¸ëž˜ëŠ” ë´„ì´ ì•„ë‹ˆë¼ ìš”ì¦˜ê°™ì€ ì¶”ìš´ ê²¨ìš¸ì— ë“¤ì–´ë„ ë„ˆë¬´ ì¢‹ë„¤ìš”.ì´ ë…¸ëž˜ê°€ ê±°ë¦¬ì— ê°€ë“ ìš¸ë ¤í¼ì§ˆ ë´„ì´ ë¹¨ë¦¬ ì™”ìœ¼ë©´ã… ã… 
1045,jxi***,ë…¸ëž˜ê²€ë‚˜ ì¢‹ì•„
1046,a94***,"ì—°ê¸ˆë§Žì´ìž¡ìˆ˜ì‹­ì‡¼ê·¼ 3ë…„ê°„ ê°€ìš”ê³„ 3ëŒ€ì¢€ë¹„ê°•ë‚¨ìŠ¤íƒ€ì¼,ì¸ ê·¸ë¦¬ê³ ì´ë†ˆ.."
1047,PePe,ê°•ë‚¨ìŠ¤íƒ€ì¼ì€ ì•„ë‹Œë“¯ã…‹ã…‹
1048,ë¿Œë§,ì´ì œ   í•œ ì—¬ë¦„ë°¤ì˜ ê¿€
1049,pro***,ê½¥ê½¥â™¡â™¡â™¡
1050,assdf0909,ì¢€ë¹„ì—”ë”© í™”ì´íŒ…!
1051,ê±°ê°€,ë…¸ëž˜ì˜ë°°ê²½ ë¶ì¼ê³ ì—¬ê³ ì—ì„  êµê°€ë¡œ ì„ ì •í•˜ê³ ì‹¶ì€â™¡ì‹¤ì œ ë²„ìŠ¤ì»¤ ë©¤ë²„ë“¤ì´ ëª‡ë…„ì „ ë¶ì¼ êµì •ì—ì„œ ë²„ìŠ¤í‚¹ì„í–‡ì—ˆë”ëž¬ì£ !ë§¤í•´ 4ì›” ì²«ì§¸ì£¼ë‚˜ ë‘˜ì§¸ì£¼ì—”ë¶ì¼ê³ ë“±í•™êµì—ì„œ ë²šê½ƒì¶•ì œì™€ ë¶ˆê½ƒë†€ì´ í•™ìƒë“¤ì˜ ë²„ìŠ¤í‚¹ì„ ë³´ì‹¤ìˆ˜ìžˆìŠ´!
1052,wlt***,ë´„ì— ë“£ê¸° ì°¸ ì¢‹ì€ ë…¸ëž˜ ì§± ì¢‹ë‹¤ã…Ž
1053,bli***,â˜ºï¸
1054,ì•ˆë…•,ì´ë…¸ëž˜ ë‚˜ì˜¨ì§€ ëª‡ë…„ì§¸ì£ ? ã…‹ã…‹ã…‹ ê·¼ë””ë„ ì•„ì§ ì¢‹ìœ¼ë„¤ìš”
1055,mir***,ì •ë§ ê°ë¯¸ë¡œìš´ ëª…ê³¡ì´ë„¤ìš”
1056,juy***,ë³¸ê²© ì—°ê¸ˆë…¸ëž˜  í™˜ê°‘ê¹Œì§€ ìŒì›íŒ”ìˆ˜ìžˆì„ë“¯ ë²„ìŠ¤ì»¤ë²„ìŠ¤ì»¤ í™”ì´íŒ…!!!
1057,hys***,ë´„ì€ ì˜¤ëŠ”ë° ë™ë³µì€â€¥ì¢€ ì¶˜ì¶”ë³µìœ¼ë¡œ ë¹¨ë¦¬ã…œã… 
1058,ì™€ì´ì›,ì•„ì´ëŸ°ë¯¸ì¹œ ì¢€ë¹„ìŒì›ã…‹ã…‹ã…‹ã…‹ã…‹ã…‹
1059,lee***,ë²šê½ƒì—°ê¸ˆ
1060,shi***,ë²šê½ƒì¢€ë¹„ê°€ ì—¬ê¸°ì €ê¸°ì—ì„œ ìš¸ë ¤í¼ì§€ëŠ”4ì›”
1061,ã…ã…“,ë¬´ì„­ë‹¤ì´ì  ã…‹ã…‹ã…‹ã…‹ì¢€ë¹„ê°™ìŒã„·ã„·ã„· ë²šê½ƒ ì˜¤ëŠ˜ ë˜ê²Œ ì´ì˜ê²Œíˆë˜ë° ë‹¤ë“¤ ê·¸ëž˜ì„œ ì´ë…¸ëž˜ë“£ë‚˜??
1062,hys***,ë²›ê½ƒë³´ëŸ¬ ì¢…ë¡œë¡œ~â™¥
1063,wld***,ë²šê½ƒì¶•ì œ.ê°€ê³ ì‹¶ë‹¤ í‘í‘
1064,dew***,ë¶ì¼í•™ìƒì´ì„¸ìš”?
1065,jml***,ë¸…ì‹ ì´ ë¨¸ëž˜ ã…‹ã…‹ã…Œã…‹ã…‹ã…‹ã…‹ã…‹ã…‹ã…‹ã…‹ã…‹ã…‹ã…‹
1066,jml***,ë¸…ì‹ ì•œ ã…‹ã…‹ã…‹ã…‹ã…‹ã…‹ã…‹ã…‹ã…‹ã…‹ã…‹ã…‹
1067,hys***,ìƒˆë¡œìš´ ì‹ ì¡°ì–´:ë²šê½ƒì¢€ë¹„
1068,J,â™¡
1069,psj***,ë²›ê½ƒì¢€ë¹„~
1070,ë©”ì¹´ë¼ë¹”,ì˜¨ë‹¤ ë²šê½ƒì¢€ë¹„ê°€ ì˜¤ëŠ” ê³„ì ˆì´ë‹¤
1071,son***,ë´„ìºë¡¤ ì—­ì‹œ ë´„ë˜ë‹ˆ ëœ¨ëŠ”êµ¬ë‚˜~ ë°˜ê°€ì›Œìš© ë²„ìŠ¤ì»¤ë²„ìŠ¤ì»¤!
1072,hys***,ã…Žã…Ž ë¯¸ì¹˜ê² ë‹¤ í•˜ì•
1073,ë°”ëžŒë³„ëž‘,ìŠ¬ìŠ¬ ë…¸ëž˜ ì œëª©ì´ ë²šê½ƒ ì—°ê¸ˆ ê°™ì•„.ë§¤ë…„ ë´„ì´ ì°¾ì•„ì˜¤ë©´ ì—°ê¸ˆ ë‚˜ì˜¤ë“¯ ë‚˜ì˜¤ë‹ˆê¹Œ...
1074,ê·€ë‘¥ì—¼ì´,ë²šê½ƒ ì—°ê¸ˆ ã…‹ã…‹ã…‹ã…‹ã…‹ã…‹ã…‹ã…‹ã…‹ã…‹ã…‹ã…‹ã…‹ã…‹ã…‹ã…‹ã…‹ã…‹ã…‹ã…‹ã…‹ã…‹ã…‹ã…‹ã…‹ã…‹ã…‹ã…‹ã…‹ã…‹ã…‹ã…‹ã…‹ã…‹ã…‹ã…‹ã…‹ã…‹ã…‹ã…‹ã…‹ã…‹ã…‹ã…‹ã…‹ã…‹ã…‹ã…‹ã…‹ã…‹ã…‹ã…‹ã…‹ã…‹ã…‹ã…‹ã…‹ã…‹ã…‹ã…‹ã…‹ã…‹ã…‹ã…‹ã…‹ã…‹ã…‹ã…‹ã…‹ã…‹ã…‹ã…‹ã…‹ã…‹ã…‹ã…‹ã…‹ã…‹ã…‹ã…‹ã…‹ã…‹ã…‹ã…‹ã…‹ã…‹ã…‹ã…‹ã…‹ã…‹ã…‹ã…‹ã…‹ã…‹ã…‹ã…‹ã…‹ã…‹ã…‹ã…‹ã…‹ã…‹ã…‹ã…‹ã…‹ã…‹ã…‹ã…‹ã…‹ã…‹
1075,pri***,ìŒì›ê¹¡íŒ¨
1076,si2***,"ë´„ì´ ì™”ë‹¤ëŠ” ê±¸ ì•Œë ¤ì£¼ëŠ” ë´„ì˜ ìºë¡¤,ë²šê½ƒì—”ë”©!!"
1077,jos***,ë²šê½ƒì—°ê¸ˆ
1078,dx1***,ë´„ì—” ë²šê½ƒì—”ë”© ì—¬ë¦„ì—” í•´ë³€ì˜ì—¬ì¸ ê°€ì„ì—” ê±°ë¦¬ì—ì„œ ê²¨ìš¸ì—” ëˆˆì˜ê½ƒ ì§„ë¦¬ì§€ ì´ê±´...
1079,ê±ê·¸ëž˜,ë´„ë˜ë©´ ìƒê° ë‚˜ëŠ” ë…¸ëž˜^^
1080,Vo3***,ëœëœí•´ ìˆœìœ„ê¶Œì— ì˜¬ëžì–´?
1081,zan***,ì•„ ížë§ë˜ë„¤ã…‹ã…‹ã…‹ã…‹ã…‹ã…‹ ë´„ë‚ ì— ì˜ì‚¬ì—†ì–´ë„ ëŒã…‹ ë²šê½ƒì—”ë”©ìœ¼ë¡œë„ ì •ì‹ ì¹˜ë£Œ ëã…‹
1082,bra***,ì§ˆë ¤
1083,ìª™ì´,ë²„ìŠ¤ì»¤ë²„ìŠ¤ì»¤ëŠ” í™œë™ ì•ˆí•´ë„ ë§¤ë…„ ì´ ë…¸ëž˜ë• ì¢€ ë³´ê² ë„¤ ã…‹ã…‹ã…‹
1084,niv***,ã…Žã…Ž
1085,wod***,ã…‹ã…‹ã…‹ã…‹ã…‹ ì„¼ìŠ¤ì§±ì´ì‹œë„¤ìš”ì„¼ìŠ¤ìŸì´
1086,jml***,ì¢‹ëƒ ë¸…ì‹  ì˜¤í¬ë…„ì•„? ã…‹ã…‹ã…‹ã…‹ã…‹ã…‹ã…‹ã…‹ã…‹ã…‹ã…‹
1087,ê·€ë‘¥ì—¼ì´,ì–´ ì¢‹ë‹¤ ë¸…ì‹  ì˜¤í¬ ëŒì•„ì´ í˜¸êµ¬ì•¼ ã…‹ã…‹ã…‹ã…‹ã…‹ã…‹ã…‹ã…‹ã…‹ã…‹ã…‹ã…‹ã…‹ã…‹
1088,J,ì—°ê¸ˆì´ë§‰ë°”ëžŒë§Œë¶ˆë©´íˆ­íˆ­ë–¨ì–´ì§ã…‹ã…‹
1089,J,ì§ˆë¦¬ì§„ì•ˆìŒ ì£ ìŒ 1ë…„ë§Œì—ê±°ì˜ì²¨ë“£ëŠ”ê±´ëŒ•
1090,its***,ì „ ì•„ì§ã…‹
1091,í‹°ê¸€ë¦¬ìŠ¤,ëª…ë¶ˆí—ˆì „! ë²šê½ƒì—”ë”©!  ë²šê½ƒ í”¼ëŠ”í•œ ì´ë…¸ëž˜ ì•ˆ ë§í•œë‹¤...ã…‹ã…‹
1092,wnd***,ìŒì•… êµê³¼ì„œì— ì‹¤ë¦´ê±° ê°™ìŒ ì´ëŸ¬ë‹¤ê°€..ã…‹ã…‹
1093,jes***,ë´„ ìºëŸ´ ë“¤ì–´ì•¼ì¥~
1094,ë°©ìš¸ë„íŠ¸,ì§„ì§œ ë´„ëŠë‚Œì„ ìž˜ì‚´ë ¸ë‹¤  ê°‘ì¸ë“¯!!
1095,ans***,ì•„ë„ˆë¬´ì¢‹ì•„ã… ã… ã… ã… ã… ã… ã… ã… ã… ë´„ë…¸ëž˜ì¤‘ê°‘
1096,dlk***,ë„¤ë²„ì—”ë”©
1097,fan***,ë²„ì¡²ì²¸ë”©
1098,chl***,ì™€ 2ìœ„ ã„·ã„·ã„· ê·¼ë° ë…¸ëž˜ê°€ì¢‹ê¸´ì¢‹ì§€
1099,jk5***,ë´„ë´„ë´„ì€ ìˆœìœ„ê¶Œì—ë„ ì—†ëŠ”ë°... ë²šê½ƒì—”ë”©ì€ ë²Œì¨3ìœ„ë¼ë‹ˆ ë˜‘ê°™ì´ ì¢‹ì€ë´„ë…¸ëž˜ì§€ë§Œ ëª…ê³¡ê³¼ ížˆíŠ¸ê³¡ì˜ ì°¨ì´ë‹¤
1100,rea***,í— ë˜ ì°¨íŠ¸ì— ì˜¤ë¥´ë‹¤ë‹ˆ ã…‹ã…‹ã…‹ ì¢‹ê¸´ í•˜ë„¤ìš”
1101,enh***,ì¢‹ë„¤
1102,olk***,ì—­ì‹œ ë˜ëŒì•„ì™”êµ¬ë‚˜
1103,ekf***,ëª…ë¶ˆí—ˆì „ ë²šê½ƒì¢€ë¹„
1104,ins***,4ìœ„ë¼ë‹ˆ..
1105,Jon***,ë§¤ë…„ ë´„ì´ì˜¤ë©´ í•­ìƒ ì°¨íŠ¸ê¶Œì— ì§„ìž…í•´ìžˆëŠ” ê·¸ ë…¸ëž˜ ë“¤ì–´ë„ ë“¤ì–´ë„ ì§ˆë¦¬ì§€ê°€ ì•Šì•„ ><
1106,J,ì‹¤ë ¸ëŠ”ë°
1107,J,ì§„ì§œë¡œ
1108,J,êµ¬ë¼ì•„ë‹ˆê³  ì§„ì‹¬
1109,J,ã…Žã…Ž
1110,J,ë„ˆë¬´ì£»ì£ 
1111,heb***,ë´„ì´ ë˜ë©´ ì–¸ì œë‚˜ ìƒê°ë‚˜ëŠ” ì´ë…¸ëž˜....
1112,ë²š,ì§„ì§œ ë´„ìºë¡¤ìž„..â™¥ë´„ë§Œë˜ë©´ ìŠ¤ë©€ìŠ¤ë©€ì˜¬ë¼ì™€..ã…‹ã…‹ë²šê½ƒì¢€ë¹„ã…‹ã…‹ã…‹ë­”ê°€ ë²šê½ƒì—”ë”©ì•ˆë“¤ìœ¼ë©´ ë´„ì´ ì•ˆì˜¨ê±°ê°™ìŒâ™¥ì§„ì§œ ëª…ê³¡..!
1113,cho***,ë²šê½ƒì¢€ë¹„ ã…‹ã…‹ã…Œã…‹ã…‹ã…‹
1114,nec***,ì§„ì§œ ëª…ê³¡ì´ë‹¤! ë§¤ë…„ë“¤ì–´ë„ ì¢‹ìŒ ã…œ ìžŠí˜€ì§„ ê³„ì ˆ ì´í›„ ìµœê³ ì˜ ê³„ì ˆì­~
1115,abr***,ì¶•ì˜ê¸ˆì€ ì €ìž‘ê¶Œë£Œë¡œ ë“œë¦´ê»˜ìš” ë²”ì¤€ì´í˜•
1116,ì‹œë¦¬,ë´„ì´ ë‹¤ê°€ì˜¤ë©´ ì´ë…¸ëž˜ë¥¼ ë“¤ìœ¼ë©° ì„¤ë ˆìž„ì„ ë§žì´í•œë‹¤.
1117,psi***,ë²šê½ƒì´ë¼ëŠ” ê½ƒì´ ë©¸ì¢…í• ë•Œê¹Œì§€ ì‚´ì•„ë‚¨ì„ ë…¸ëž˜!!!
1118,luc***,ã…ã…Š ë˜ ì˜¬ë¼ì˜¤ê³  ìžˆì–´
1119,ani***,ë´„ì€ ë²šê½ƒ ì—”ë”© ì—¬ë¦„ì€ ì—¬ë¦„ì•„ ë¶€íƒí•´ ê°€ì„ì€ ê³µì„ ê²¨ìš¸ì€ ëˆˆì˜ ê½ƒ.
1120,naneunzzang,ë´„ì´ ë˜ë©´ ì–´ê¹€ì—†ì´ ë“£ê³ ì‹¶ì–´ì§€ëŠ” ë…¸ëž˜ã…‹ã…‹ì§„ì§œ ëª…ê³¡ã…‹ã…‹ã…‹
1121,chl***,ì™€...ì´ë…¸ëž˜ë­ì§€..ã„·ã„·ã„·ã„·
1122,hys***,ë²„ìŠ¤ì»¤ë²„ìŠ¤ì»¤ëŠ” ë´„ì˜ ì œí™©! ë´„ì´ì˜¤ê³  ìžˆìœ¼ë‹ˆ ì œí™©ì„ ë§žì´ í•©ì‹œë‹¤.
1123,anr***,ë‚˜ì˜¨ì§€ ê½¤ ëœë…¸ëž˜ê°€ ìŒì›ì°¨íŠ¸ 11ìœ„ ã„·ã„·
1124,J,ì–¸ì  ê°€1ìœ„í•˜ê² ì§€ ì§„ì§œë²šê½ƒì¶•ì œí•˜ê³ ì™„ì „ë´„ì ˆì •ì´ë©´ë˜1ìœ„í• ë“¯
1125,kim***,ë²šê½ƒì¢€ë¹„ ã…‹ã…‹ã…‹
1126,J,ã…‹ã…‹ã…‹í”„ì‚¬ ì¡´ê·€ë„¤ì—¬
1127,jji***,ì—¬ë¦„ì•ˆì—ì„œ ë¬´ì‹œí•˜ì‹œë‚˜ìš”!
1128,nec***,ê°€ì„ì€ ìžŠí˜€ì§„ ê³„ì ˆ ã…‹ 10ì›” ë§ˆì§€ë§‰ë‚  ë¼ë””ì˜¤ì—ì„œ ì¢…ì¼ ë‚˜ì˜´ ã…‹
1129,ani***,ahhh~~ì—¬ë¦„ì€ íˆ¬í†±ì´ì˜€êµ°ìš”.
1130,hys***,ã…‡ã……ã…‡
1131,caf***,ë²šê½ƒì—°ê¸ˆ ã…‹ã…‹
1132,ins***,27ìœ„
1133,ì• í™”ëž‘,ë˜ì˜¬ë¼ì™”ì–´ã…‹ã…‹ã…‹ã…‹ì§„ì§œ ë´„ë˜ë©´ ìƒê°ë‚¨
1134,Lira,ë²šê½ƒì—”ë”©ì´ ë´„ì´ë¼ëŠ” ê³„ì ˆì— ëŒ€í•´ì„œ ì–¼ë§ˆë‚˜ ìž˜ í‘œí˜„í•˜ê³  ìžˆëŠ” ê³¡ì¸ì§€ ë§¤ë…„ ë´„ ì‹¤ì‹œê°„ ì°¨íŠ¸ì—ì„œ ì°¾ì„ ìˆ˜ ìžˆë‹¤ëŠ” ê²ƒë§Œ í•´ë„ ë§ ë‹¤í–ˆì§€
1135,ê³¼ë‹ˆâ£ï¸,ë‚´ êµ°ëŒ€ ìž…ëŒ€ê³¡ì´ì˜€ë˜ ë…¸ëž˜í›ˆë ¨ì†Œì—ì„œ ìžëŒ€ê°”ì„ ë•Œ ì–¼ë§ˆë‚˜ ì´ ë…¸ëž˜ë“¤ìœ¼ë©´ì„œ ì „ì—­í•˜ê³  ì‹¶ì—ˆë˜ ì§€ ã…‹ã…‹ã…‹ë¬¼ë¡  ì „ì—­í•œ ì§€ê¸ˆë„~~~~ì»¤í”Œì€ì•„ë‹ˆì§€ë§Œë²šê½ƒë†€ì´ ê¼­ ê°€ê³ ì‹¶ë„¤ìš” ã…Ž
1136,ã…‡ã……ã…‡,ë²„ìŠ¤ì»¤ë²„ìŠ¤ì»¤ë¥¼ ëŒ€í‘œí•˜ëŠ”ë…¸ëž˜
1137,jji***,ë“€ìŠ¤ì˜ ì—¬ë¦„ì•ˆì—ì„œê°€ ë²Œì¨ 20ë…„ì§¸ ì—¬ë¦„ì„ ëŒ€í‘œí•˜ëŠ” ë…¸ëž˜ë¼ë©´ ì•žìœ¼ë¡œ 20ë…„ì¯¤ì€ ì´ë…¸ëž˜ê°€ ë´„ì„ ëŒ€í‘œí•˜ëŠ” ë…¸ëž˜ê°€ ë ë“¯
1138,hip***,ìº¬ ... ë´„ë§Œë˜ë©´ ì°¨íŠ¸ì— ì˜¬ë¼ì˜¤ëŠ” ë²„ìŠ¤ì»¤ë²„ìŠ¤ì»¤ ì—­ì‹œ !!
1139,hys***,ë“œëŽŒ ë´„ì´â€¥ ì˜¤ëŠ”ê±´ê°€?  ì¶”ì›Œì£½ìŒ ã…œã…œ
1140,ser***,"ì¢€ë¹„ê°™ìŒ.,ìŠ¬ê¸ˆìŠ¬ê¸ˆ ì˜¬ë¼ì˜¤ì‹œë„¤"
1141,J,ì´ë…¸ëž˜ë“¤ìœ¼ë©´ ì—¬ì˜ë„ë²šê½ƒì¶•ì œê·¸ê¸¸ì—ì„œê±¸ì–´ê°€ëŠ”ê±°ìƒê°ë‚˜ ì™„ì „ì§œì‘ ì„¤ë ˜ ë¶„í™ë¹›ì´ë§‰ì•„ë¥¸ê±°ë¦¼ ì¹˜ë§ˆë„ë‹¤ì‹œìž…ê³ ì‹¶ê³  ì§„ì§œë´„ì´ê³„ì ˆì¤‘ì—ì§œì‘
1142,hes***,ì•„ë§ˆ ë²šê½ƒ í•„ ë•Œì¯¤ì´ë©´ 1ìœ„ í•˜ê³  ìžˆì§€ ì•Šì„ê¹Œ í•˜ë„¤ìš” ã…Ž
1143,ë‹¤í°ë‚˜ì´íŠ¸,ì˜¬í•´ë„ ë´„ì€ ì°¾ì•„ì˜¨ë‹¤!!
1144,hys***,ë´„ì—ë§Œ ëŠë‚„ìˆ˜ ìžˆëŠ” ê°ì •â€¥ ê³§ ë´„ì´ ì˜¤ë‹ˆ ì´ ë…¸ëž˜ ë“¤ìœ¼ë©´ì„œ ê±°ë¦¬ë¥¼ ê±¸ì–´ë³´ìžêµ¬ìš”!
1145,kms***,ë´„ì´ ì˜¤ë©´ ê°€ìž¥ ìƒê°ë‚˜ëŠ” ë…¸ëž˜
1146,J,ì¿¡ì¿¡
1147,J,ã…‹ã…‹ê³„ì†ì˜¬ë¼ì˜´
1148,jml***,ë°”í€´ë²Œë ˆë…„ ì£¼ì œì—¨ã…‹ã…‹ã…‹ã…‹ã…‹ã…‹ã…‹ã…‹ã…‹
1149,J,ã…‹ã…‹ã…‹ã…‹ã…‹ã…‡ã…‡
1150,J,ã…‹ì§„ë¦¬ìž„ê·¸ëž˜ì„œ
1151,J,ã…œ
1152,J,ã…‹ë§žìŒ
1153,ë²š,ì§„ì§œ ê·¸ë•Œì¯¤ì— ëª‡ì£¼ì¨°1ìœ„í•˜ê³ ìžˆìŒã…‹ã…‹
1154,J,ã…‡ã…‡ê·¸ë¦¬ê³ ë²šê½ƒì—”ë”©ì€ë˜ì˜¬ë¼ì˜´
1155,ã…Ž,ë²šê½ƒì—”ë”©ì§œìœ ã… ã… ã… ã… ã… ã… ã… 
1156,qkr***,ë­ì•¼ì´ë…¸ëž˜.....ë´„ë§ˆë‹¤ ì°¨íŠ¸ì—ì˜¬ë¼ì™€ ìžˆìžë‚˜ã…‹ã…‹ã…‹ã„±ã…‹ã…‹
1157,mto***,ã…‹ã…‹ã…‹ã…‹ ë´„ë°”ë‹¤ í­í’ ì—­ì£¼í–‰~
1158,êµ¬ë´‰ì´,ë‹¤ì‹œ ì˜¤ê³ ìžˆêµ¬ë‚˜ ë¯¸ë¦¬ ì¤„ì„œë´…ë‹ˆë‹¤
1159,pun***,ë´„ìºë¡¤ì˜ ê³„ì ˆì´ ì˜¤êµ¬ìžˆë‹¹!!
1160,avante,ë²šê½ƒì—°ê¸ˆ ë˜ ìŠ¤ë©€ìŠ¤ë©€ ì˜¬ë¼ì˜¤ë„¤í‰ìƒíƒ€ë¨¹ì„ë“¯
1161,hy4***,ì˜¬í•´ë„ ì—­ì‰¬
1162,sh3***,ìŠ¤ë¬¼ìŠ¤ë¬¼~~
1163,mil***,ì˜¬í•´ë„ ì–´ê¹€ì—†ì´ ë²šê½ƒì¢€ë¹„!!!ã…‹ã…‹ã…‹
1164,den***,ì˜¬í•´3ì›”ë˜ë©´ ìŠ¤ë¬¼ìŠ¤ë¬¼ ì°¨íŠ¸ì˜¬ë¼ì˜´
1165,kkn***,ë´„ë˜ë©´ìƒê°ë‚˜ëŠ”ë…¸ëž˜â™¥ï¸Ž
1166,ì´ˆã…•ã…,ë²Œì¨ ìŠ¤ë©€ìŠ¤ë©€ì˜¬ë¼ì˜¤ë‹¤ë‹ˆ
1167,ë§í¬,í•˜ëª¨ë‹ˆì¹´ ì†Œë¦¬ ë¯¸ì¹œë“¯ì´ ì„¤ë ˆìš”ì•„ ë˜ ë´„ì´ ì˜¤ëŠ” êµ¬ë‚˜!ê·¸ëŒ€ì—¬~ ê·¸ëŒ€ì—¬~ ê·¸ëŒ€ì—¬~~
1168,ash***,ì—­ì‹œ ë²šê½ƒì—”ë”©ã… ã…  ì—­ì‹œ ë²„ìŠ¤ì»¤ë²„ìŠ¤ì»¤ã… ã… 
1169,tvx***,ì´ ë…¸ëž˜ë§Œ ë“¤ìœ¼ë©´ ê´œìŠ¤ë ˆ ë§ˆìŒì´ ì„¤ë ˆê³  ë‘ê·¼ê±°ë ¤ìš”ã… ã… â¤â¤â¤â¤â¤
1170,J,ã…‹ã…‹ã…‹
1171,ì–„ë¦¬ì–„ë¼,ë¯¸ì¹œìƒˆë‚”ã…‹ã…‹í”„ì‚¬ë´
1172,ë§í¬,ë§ˆ!! ë¯¸ì¹œìƒˆë¼ë¼ë‹ˆ ë‚´ê°€ ë‹ˆ ì¹œêµ¬ëƒ ã…¡ã…¡
1173,roh***,ì´ë¯¸ í´ëž˜ì‹
1174,niv***,ì´ë…¸ëž˜ 2014 ì— ë„ ëœ¨ê¸¸ ë°”ë¼ëŠ”ì‚¬ëžŒ ì¢‹ì•„ìš” ëˆŒì–´ìš”! ê·¸ëŒ€ì—¬ ê·¸ëŒ€ì—¬ ê·¸ëŒ€ì—¬ ì¢‹ì•„ìš” ã…‡ã…‡?
1175,a01***,ì‹­ë¦¬ë²šê½ƒê¸¸ì—ì„œ ë“¤ìœ¼ë©´ ìµœê³ !
1176,gil***,ì™€~ ë¦¬ë·°44444444ë²ˆã…‹ã…‹
1177,gil***,ã…‹ã…‹ë¦¬ë·°ìž‘ì„±3ë²ˆì§¸
1178,gil***,ë¦¬ë·°ìž‘ì„±
1179,gil***,ë´„ë°”ëžŒ&ë²šê½ƒ
1180,487***,ì•„1ë¶„ë°–ì—ì•ˆë˜ë„¤
1181,gun***,ì‚¬ëž‘í•˜ëŠ”ê·¸ëŒ€ì™€ë‹¨ë‘˜ì´ì†ìž¡ê³ 
1182,gun***,ì—­ì‰¬!
1183,hoo***,ì¶”ì–µì´ìƒˆë¡ìƒˆë¡~
1184,dyk***,ë´„ì—ì¢‹ì€ë…¸ëž˜(^o^)
1185,mk4***,ì‚¬ëž‘í•˜ëŠ”ê·¸ëŒ€ì™€ë‹¨ë‘˜ì´ì†ìž¡ê³ 
1186,bud***,íŠ¸ìœ—ì• ë“œì˜¨ì¦ˆí•˜ìœ„ë©”ë‰´ë§ˆì§€ë§‰ë°”ëžŒë°”ë³´
1187,bud***,ã„´á†žã„·ã…‚ã…ˆã…‚ã„·ã„±ã„·
1188,niv***,ë„ˆë¬´ì¢‹ìœ¼ë‹¤
1189,bud***,ì•„ì¹¨?ë°”ë³´?
1190,bud***,ë°”ë³´
1191,nic***,ì´ë…¸ëž˜ ì¢‹ì•„ìš”
1192,alc***,ì´ë…¸ëž˜ì¢‹ìŒ ì—¬ì¹œìžˆëŠ”ë°ë„
1193,bud***,ì•„
1194,DJB-):-\,ì‡¼
1195,DJB-):-\,ì•„ì¢‹ë‹¤~
1196,sim***,ì´ë…¸ëž˜ë“¤ìœ¼ë©´ì•„ë¬´ì¶”ì–µë„ì—†ëŠ”ë°ì„¤ë¦¬ì„¤ë¦¬ë‘ì¤€ë‘ì¤€
1197,pps***,ì „ ì—¬ìžì¹œêµ¬ ê·¸ë¦½ë„¤ìš” .. ì—¬ìžì¹œêµ¬ ë§Œë‚ ë•Œ ì´ë…¸ëž˜ ìœ í–‰í–‡ëŠ”ë° ..
1198,yjh***,â™¥
1199,chi***,ìš°ë¦¬í•™êµë²šê½ƒì¶•ì œì—ì´ë…¸ëž˜ì»ëŠ”ë°
1200,shs***,ì´ë…¸ëž˜ë“¤ìœ¼ë©´ë­”ê°€ê°€ìŠ´ì´ì›…í´í•¨ ã… ã… ë…¸ëž˜ì¢‹ìœ¼ë‹¤
1201,gns***,ê·¸ëŒ€ì—¬ ìš°ë¦¬ì´ì œ ì† ìž¡ì•„ìš”
1202,any***,ì§€ê¸ˆì´ ë”± ë²šê½ƒì—”ë”©ã…œã…œ
1203,sh1***,ë´„ í–¥ê¸°ê°€ ë¬¼ì”¬â™¥
1204,gar***,ë²—ê½ƒì´ ì§€ë‹¤...
1205,wol***,ëª…ê³¡ì´ë‹¤
1206,cho***,ë²šê½ƒë§Œ ë³´ë©´ ìƒê°ë‚˜ëŠ” ë…¸ëž˜~ ëª…ê³¡ì´ì•¼â™¥
1207,wes***,ë²šê½ƒì—”ë”© ë´í‹°ë´í‹°â™¥
1208,nam***,ë´„~ë²šê½ƒ~ë²šê½ƒì—”ë”©ì´ í•„ìš”~ë“£ê³ ì‹¶ì–´ìš”
1209,job***,ë´„ì´ë‹ˆê¹ì´ë…¸ëž˜ë“¤ìœ¼ë©´ê¸°ë¶„ì§±ìµœê³ !!
1210,oh2***,ë´„ì— ë“£ê³ ì‹¶ì€ë…¸ëž˜ ã…Žã…Ž
1211,kwj***,ì´ë…¸ëž˜ ë“¤ìœ¼ë©´ì„œ ë´„ ê±°ë¦¬ë¥¼ ê±¸ì–´ì•¼í•˜ëŠ”ë° ìˆ˜ëŠ¥ê³µë¶€ë¼ë‹ˆ!!
1212,ì¹´ë¦¬ìŠ¤ë§ˆë‚­ë§Œì¸„ë¦¬,"ë²„ìŠ¤ì»¤ë²„ìŠ¤ì»¤,ëª©ì†Œë¦¬ ë„˜ ì¢‹ìŒ!"
1213,bae***,ê·¸ëŒ€ì—¬~
1214,ì˜ì´:^D,ë´„ì—ëŠ” ë²„ìŠ¤ì»¤ë²„ìŠ¤ì»¤â™¥í•³â™ 
1215,ska***,ë²„ìŠ¤ì»¤ ì§„ì§œ...ëŒ€ë‹¨í•˜ë‹¤
1216,mjm***,ì•„...... ^.~          ë‹¤ìš´ë°›ê³  ì‹¶ë‹¹
1217,woo***,ë´„ì´ ì˜¤ë©´ ìƒê°ë‚˜ëŠ” ë…¸ëž˜â™¥â™¥
1218,myl***,ì¢‹íƒ¸
1219,tes***,
1220,tes***,
1221,tes***,
1222,aud***,í©ë‚ ë¦¬ëŠ” ë²šê½ƒ ë§žìœ¼ëŸ¬ ê°ˆê¹Œ..~
1223,171***,ìš”ì¦˜ë“£ê¸° ë”±ì¢‹ì€ ë…¸ëž˜^^
1224,wel***,â™¥ë¨¸ë¦¬ê°€ ì•„ë‹Œ ë§ˆìŒì— ìƒˆê¸°ëŠ” ê³¡â™¥
1225,ssh***,ë“¤ì„ë•Œë§ˆë‹¤ ê¸°ë¶„ì¢‹ì•„ì§€ëŠ” ê³¡â™¥ë²„ìŠ¤ì»¤ë²„ìŠ¤ì»¤ ì§±vv
1226,wel***,ê·¸ëŒ€ë³´ë‹¤ ë³´ê¸° íž˜ë“  ë²—ì´ ë³´ê³  ì‹¶ë‹¤^^
1227,ì•„ë¬´ê±°ë‚˜ì¼ë‹¨í‹€ì–´,ì´ê²Œ ë°”ë¡œ ì†¡í…Œí¬...ìž˜ë§Œë“  ì•¨ë²”ìœ¼ë¡œ ì‹œì¦Œë§ˆë‹¤ ìž…ê¸ˆ...
1228,jfo***,ë´„ë‚ ì—” ì—­ì‹€ ì ì  ì‚¬ë¼ì ¸ê°€ëŠ” ë´„..
1229,wel***,ì—¬ì˜ë„ ë²šê½ƒì´ ë§Œê°œí•˜ëŠ” ë‚ ì— ê·¸ë…€ì˜ ì†ì„ ê¼­ ìž¡ê³  ê±¸ìœ¼ë¦¬â™¥
1230,******,ì´ëŸ°ê²Œ ë°”ë¡œ ì§„ì •í•œ ížë§ë…¸ëž˜ì§€â™ª ì•„ì¢‹ë‹¤
1231,gml***,ì •ë§ ì¢‹ì•„
1232,klw***,íìº¬â™¥â™¥â™¥â™¥
1233,cmc***,ë²šê½ƒ. ë§ˆë‹ˆë§ˆë‹ˆ íŽ´ë¼
1234,chl***,ì—­ì‹œ ë´„ í•˜ë©´ ë²šê½ƒì—”ë”©ì´ì£ â™¥â™¥
1235,kbi***,ë´„ì´ì˜¤ë©´ë²„ìŠ¤ì»¤ë²„ìŠ¤ì»¤ë…¸ëž˜ê°€íŒíŒë•¡ê¸°ë„¤ìš”ë´„ëŠë‚ŒíŒíŒ
1236,ê½‰,ë´„ì´ ì˜¤ë©´ì„œ ë‹¤ì‹œê¸ˆ ìƒê°ë‚˜ëŠ” ë²„ìŠ¤ì»¤ë²„ìŠ¤ì»¤...ã…Žì¢‹ë‹¤
1237,whi***,ì¶”ìš´ ê²¨ìš¸ì—ë„ ì´ ë…¸ëž˜ë¥¼ ë“¤ìœ¼ë©° ë´„ì„ ê¸°ë‹¤ë ¤ì™”ì–´ìš”. ë‹¤ìŒì£¼ ì£¼ë§ì¯¤ì—” ì´ë…¸ëž˜ì˜ ì°¸ë§›ì„ ëŠë‚„ ìˆ˜ ìžˆì§€ ì•Šì„ê¹Œìš”? ë´„ì•„ ë§Žì´ ê¸°ë‹¤ë ¸ë‹¤~~
1238,eod***,ì•„í•˜ì•„í•˜ì•„í•˜ì•„
1239,vio***,ì™€ ì°¨íŠ¸ ë´ë¼;;
1240,kaf***,ê½ƒìƒ˜ì¶”ìœ„ë„ ìžŠê²Œë§Œë“œëŠ” ë´„ì„ë¶€ë¥´ëŠ”ë…¸ëž˜~^~ ì–¸ì œë“¤ì–´ë„ ë‹¬ë‹¬í•œê³¡â™¡
1241,lon***,ë¹¨ë¦¬ ìƒˆì•¨ë²” ë‚˜ì˜¤ê¸¸
1242,eun***,ì´ì œ ë´„ì¸ë° ì´ëŸ° ë…¸ëž˜ë¡œ ì˜†ì—í—ˆì „í•¨  ì„ì—†ì—ì•¼ ê² êµ°ìš”...  í•˜......
1243,ejd***,ì‹œë°œ?
1244,jer***,ì•„ ì• ìž”í•˜ë‹¤~~
1245,soh***,ì§„ì§œ ë°”ëžŒì´ ì‚´ëž‘ì´ëŠ” ë“¯~â™¥
1246,joo***,ë´„ëƒ„ìƒˆë‚˜ëŠ”ë…¸ëž˜
1247,ì—°ë“¸,ì´ë…¸ëž˜ ë“¤ìœ¼ë©´ ì™ ì§€ì„¤ëž˜.. ì•„ë¬´ì¶”ì–µì—†ëŠ”ë°ã…¡.ã…¡
1248,lsh***,ì´ë…¸ëž˜ë“¤ìœ¼ë‹ˆ ìž‘ë…„ì— ì„¤ë ˆìž„ì´ ìƒê°ë‚˜ë„¤
1249,DJ Czle,ë´„ì´ì™”ë‹¤ ë²›ê½ƒë„ì™”ë‹¤ì´ì œ ë²„ìŠ¤ì»¤ë²„ìŠ¤ì»¤ë§Œ ì˜¤ë©´ë ë“¯
1250,ë‹¨ì•„í•œê·¸ë…€,ë²šê½ƒ ì—”ë”©ë§Œ ë“¤ìœ¼ë©´ ë´„ì´ ìƒê°ë‚˜
1251,cpt***,ë²šê½ƒì—”ë”© = ë´„ì˜ ì•ŒëžŒì†Œë¦¬
1252,gcs***,ë­ ë³‘ì‹ ì•„
1253,pcr***,ã…‹ã…‹ã…‹ã…‹ã…‹ê·€ì—¼
1254,ì†”,ã…‹ã…‹ã…‹ã…‹ã…‹ã…‹ã…‹ã…‹
1255,eif***,ã…‹ã…‹ã…‹ã…‹ã…‹ã…‹ã…‹ã…‹ã…‹ã…‹ã…‹ã…‹ã…‹ã…‹ã…‹ã…‹ã…‹ã…‹ã…‹ã…‹ã…‹
1256,ì—°ë“¸,ì•Œë¦¼ ë°±ê°œì´ìƒë– ì„œ ë†€ëž¬ë„¤... ë²šê½ƒì¢€ë¹„ê°€ ë˜...
1257,1978390,ë²šê½ƒì¢€ë¹„ ã…‹ã…‹ã…‹ã…‹ã…‹ã…‹ã…Œã…‹ã…‹ã…‹ã…‹
1258,í•˜í•˜,ã…‹
1259,HahnGyurl,zã…‹ã…‹ã…‹ã…‹ã…‹ã…‹ã…‹ì•„ë¬´ì¶”ì–µì—†ëŠ”ëŽˆã…‹ã…‹
1260,bqk***,ã…‹ã…‹ã…‹ã…‹
1261,ë°±ì„¤ì§€ì˜,ê·€ì—¼ê·€ì—¼ ã…‹.ã…‹
1262,klove8685,ì™œì¼€ì›ƒê¸°ì§˜ã…‹
1263,Lem***,ë²šê½ƒ ì¢€ë¹œã…‹ã…‹ã…‹ã…‹
1264,sha***,ã…‹ã…‹ã…‹ã…‹ã…‹ã…‹ã…‹ã…‹ã…‹ì €ë„ ã…‹ã…‹
1265,syk***,ì „ ì´ìƒí˜•ì´ ë– ì˜¤ë¥´ë„¤ìš”.......
1266,ë‹¤ìŠ¬ëƒ¥,ë°°ëŽƒ ë¹µí„°ì§ã…‹ã…‹ã…‹ã…‹ ì•„ë¬´ì¶”ì–µì—†ëŠ”ë°ëž°ã…‹ã…‹ã„±ã…‹ã…‹ã…‹ã…‹
1267,ì—°ë“¸,ì¶”ì²œìˆ˜ê°€ ì ì  ì˜¬ë¼ê°€ëŠ”ê±¸ë³´ë‹ˆ ë˜..
1268,gen***,ë˜....
1269,ëšœ,"ì•„ë¬´ì¶”ì–µì—†ìœ¼ë‹ˆ ì„¤ë ˆëŠ”ê±°ì• ì˜¤,,,ã…Ž ì¶”ì–µì´ìžˆìœ¼ë©´ ë“¤ìœ¼ë©´ ìŠ¬í¼ì˜¤,,,"
1270,ëšœ,"ã…‹ã…‹ã…‹ã…‹ã…‹ã…‹ã…‹ã…‹ã…‹ã…‹ã…‹ã…‹ã…‹ã…‹ã…‹ã…‹ã…‹ã…‹ã…‹ã…‹ã…‹ë‚˜ë„ ,, ë‹¤ì‹œ ìŠ¬í”Œì¼ë§Œë“¤êµ¬ì‹¶ë‹¤ ,,,"
1271,ã…‡ã……ã…‡,ã…‹ã…‹ã…‹ã…‹ã…‹ã…‹ã…‹ã…‹ã…‹ã…‹ã…‹ã…‹ã…‹ã…‹ã…‹ã…‹ã…‹ã…‹ã…‹ã…‹ã…‹ã…‹ã…‹ã…‹ã…‹ã…‹ã…‹ã…‹ã…‹ã…‹ã…‹ã…‹ã…‹ã…‹ã…‹ã…‹ã…‹ã…‹ã…‹ã…‹ã…‹ã…‹ã…‹ã…‹ã…‹ã…‹ã…‹ã…‹ã…‹ã…‹ã…‹ã…‹ã…‹
1272,han***,ã…Œã…Œã…Œã…Œã…Œã…Œã…Œã…Œã…‹ã…‹ã…‹ã…‹ã…‹ã…‹ã…Œã…Œã…Œã…‹ã…Œã…Œã…Œã…‹ã…‹ã…‹ã…Œã…Œã…‹ã…‹ã…‹ã…‹ã…Œã…Œã…Œã…Œã…Œã…Œã…Œã…Œã…‹ã…‹ã…‹ã…‹ã…Œã…‹ã…‹ã…Œã…‹ã…Œ
1273,sos***,ã…‹ã…‹
1274,may***,2017ë…„ë„ ë²šê½ƒì¢€ë¹„ë•Œë¬¸ì— ì•ŒëžŒì´ ë˜........ã…‹ã…‹ã…‹ã…‹ã…‹ã…‹ã…‹ã…‹
1275,ì—°ë“¸,4ë…„ì§¸ ì•ŒëžŒì™€ì„œ ë³„ ìƒê° ì—†ìŠµë‹ˆë‹¤ ã…Žã…Ž ì„ì´Œí˜¸ìˆ˜ì— ë¹„ë‚˜ í•œë°”ê°€ì§€ ì™”ìœ¼ë©´ ì¢‹ê² ë„¤ìš”
1276,ì¡°ìœ ë¦¬ì—ì¸ìƒë² íŒ…,ã…‹ã…‹ã…‹ã…‹ã…‹
1277,ì‚ì•½ì´,ë§žì•„ìš”..
1278,mmy***,í›ˆë ¨ì†Œë•Œ ë´„ì— êµ°ëŒ€ì—ì„œ ë–¼ì°½í–ˆë˜ ê¸°ì–µì´ ã…œ
1279,ã…›ã…Žã…Ž,ë˜ ì˜¬ë¼ì™“ìŠµë‹ˆë‹¤
1280,den***,ìž‘ë…„ì—” ì´ê±° ë“¤ìœ¼ë©´ì„œ í–‰ë³µí–ˆëŠ”ë°ã…‹ã…‹ã…‹... ì£¼ë¥µ..ã… 
1281,ì—°ë“¸,ì¢€ë¹„ë³´ëŸ¬ ì˜¤ì‹ ë¶„ë“¤ ì˜¬í•´ë„ í–‰ë³µí•˜ì‹­ì…”!!!
1282,xog***,ì´ë¶„ ëœ»ë°–ì˜ 6ë…„ì§¸ ì •ê¸°ì•ŒëžŒ..
1283,ìŠ¤íƒ€ë²…ìŠ¤,ì™€ ì´ˆë“±í•™ìƒë•Œ ë‚˜ì˜¨ ë…¸ëž˜ê°€ ì•„ì§ë„...
1284,ê°±,ëœ» ë°–ì˜ 7ë…„ ì§¸ ì •ê¸° ì•Œë¦¼ ..*^^
1285,aut***,ì‹¤ë²„íŒí…Œì˜¨ë„ ì„¤ë ˆì‹­ë‹ˆê¹Œ í˜•ë‹˜
1286,ì°¨ì¼ë“œ,í•˜ ìœ¡êµ° í›ˆë ¨ë³‘ë•Œ ì¢…êµí–‰ì‚¬ê°€ì„œ ë–¼ì°½í•œê±° ê¸°ì–µë‚œë‹¤ ê·¸ë•Œê°€ ì´ ë…¸ëž˜ë‚˜ì˜¨ì§€ ë”± 1ë…„ë’¤ì˜€ëŠ”ë””..
1287,ì•„íž›ëŽ€ðŸŒŒ,ì‹¤ë²„íŒí…Œì˜¨ã…‹ã…‹ã…‹ã…‹
1288,ì°¨ì¼ë“œ,ã…‡ã…ˆ
1289,LIFEynMAN,ã…‹ã…‹ã…‹ã…‹ã…‹ã…‹ã…‹ã…‹ì´ì   ë´„ë³´ë‹¤ ë” ë´„ê°™ì€ ë…¸ëž˜ã…‹ã…‹ã…‹ã…‹
1290,pan***,ë´„ì˜ë…¸ëž˜â™¥
1291,pan***,ë´„ì˜ë…¸ëž˜
1292,ë‹¤ìƒ˜,ì˜¬í•´ ì²¨ ìž¬ëŒ€ë¡œ ë“£ëŠ”ë…¸ëž˜!
1293,cco***,ë‚´ë…„ë´„ì—”ëŒ€í•™ê°€ì„œì´ë…¸ëž˜ë“£ê³ ì‹¶ì–´ìš”ã…Žã…Ž!!í™”ì´íŒ…
1294,í¬íš¨,ì–´ì©ì§€ ì—¬ìš´ì´ ë§˜ì— ë‚¨ëŠ” ë…¸ëž˜
1295,ê°œìˆ˜ë¹ˆ,ì´ì œê³§ ë²šê½ƒì˜ê³„ì ˆ !!!
1296,ì¹´ë¥´íŽ˜ë””ì— ,ë´„ì— ìºë¡¤ ë“£ëŠ”ê¸°ë¶„ ë‘ê·¼ë‘ê·¼ ë²šê½ƒì—”ë”©
1297,tyn***,ì•„ë ¨í•˜ë„¤ìš”
1298,sar***,ë´„ì´ ì˜¤ë©´ì„œ..ì´ ë…¸ëž˜ê°€ ë¨¼ì € ìƒê°ë‚¬ë‹¤. ìž‘ë…„ ìœ¤ì¤‘ë¡œì˜ ë²šê½ƒì´ ìƒê°ë‚˜ë©° í–‰ë³µí•´ì ¸ì˜¨ë‹¤...
